State,District,Crop,Season,Year,Area_Hectares,Production_Tonnes,Yield_t_per_ha,Soil_Type,Water_Requirement,Climate,Fertilizer
Andhra Pradesh,Andhra Pradesh District,Cotton,Kharif,2016,19151,101691,5.31,Red,Low,Semi-Arid,Urea
Andhra Pradesh,Andhra Pradesh District,Jute,Kharif,2016,21851,70141,3.21,Alluvial,Medium,Tropical,Urea
Andhra Pradesh,Andhra Pradesh District,Coconut,Kharif,2016,20404,100591,4.93,Loam,Medium,Humid,DAP + Urea
Andhra Pradesh,Andhra Pradesh District,Banana,Kharif,2016,3849,21400,5.56,Alluvial,Low,Mountain,NPK
Andhra Pradesh,Andhra Pradesh District,Coffee,Rabi,2016,22994,56795,2.47,Loam,Low,Mountain,DAP + Urea
Andhra Pradesh,Andhra Pradesh District,Rubber,Rabi,2016,16746,66816,3.99,Black,High,Temperate,Urea
Andhra Pradesh,Andhra Pradesh District,Jowar,Zaid,2016,1204,4057,3.37,Loam,Low,Temperate,Organic + NPK
Andhra Pradesh,Andhra Pradesh District,Sugarcane,Zaid,2016,24851,74553,3,Loam,High,Semi-Arid,Potash
Andhra Pradesh,Andhra Pradesh District,Soybean,Rabi,2016,10440,29023,2.78,Sandy,High,Semi-Arid,Potash
Andhra Pradesh,Andhra Pradesh District,Wheat,Rabi,2016,16236,42051,2.59,Laterite,High,Temperate,Organic + NPK
Andhra Pradesh,Andhra Pradesh District,Onion,Zaid,2016,29425,137120,4.66,Loam,Medium,Tropical,Urea
Andhra Pradesh,Andhra Pradesh District,Potato,Zaid,2016,4036,20180,5,Sandy,Medium,Humid,Urea
Andhra Pradesh,Andhra Pradesh District,Rice,Zaid,2017,15878,26992,1.7,Sandy,High,Mountain,Potash
Andhra Pradesh,Andhra Pradesh District,Coffee,Zaid,2017,21706,49272,2.27,Black,Low,Temperate,Potash
Andhra Pradesh,Andhra Pradesh District,Onion,Rabi,2017,8107,26915,3.32,Sandy,High,Humid,Urea
Andhra Pradesh,Andhra Pradesh District,Bajra,Zaid,2017,22101,87740,3.97,Alluvial,Medium,Mountain,DAP + Urea
Andhra Pradesh,Andhra Pradesh District,Potato,Rabi,2017,25973,104671,4.03,Alluvial,Medium,Humid,Potash
Andhra Pradesh,Andhra Pradesh District,Onion,Rabi,2017,7048,40385,5.73,Laterite,Medium,Semi-Arid,Organic + NPK
Andhra Pradesh,Andhra Pradesh District,Rice,Zaid,2017,18144,71305,3.93,Red,Medium,Mountain,NPK
Andhra Pradesh,Andhra Pradesh District,Mustard,Zaid,2017,21319,49033,2.3,Black,Low,Mountain,Organic + NPK
Andhra Pradesh,Andhra Pradesh District,Wheat,Kharif,2017,28082,161471,5.75,Alluvial,Low,Semi-Arid,NPK
Andhra Pradesh,Andhra Pradesh District,Bajra,Zaid,2017,8677,23514,2.71,Black,Medium,Humid,NPK
Andhra Pradesh,Andhra Pradesh District,Groundnut,Kharif,2017,5730,15184,2.65,Loam,Medium,Humid,Urea
Andhra Pradesh,Andhra Pradesh District,Ragi,Kharif,2017,16769,60871,3.63,Red,Medium,Humid,Urea
Andhra Pradesh,Andhra Pradesh District,Soybean,Zaid,2018,8967,17844,1.99,Clay Loam,Low,Mountain,Urea
Andhra Pradesh,Andhra Pradesh District,Rice,Kharif,2018,7885,12458,1.58,Alluvial,High,Temperate,Urea
Andhra Pradesh,Andhra Pradesh District,Potato,Kharif,2018,22722,77709,3.42,Loam,High,Mountain,Urea
Andhra Pradesh,Andhra Pradesh District,Mustard,Rabi,2018,17667,78088,4.42,Loam,High,Humid,Urea
Andhra Pradesh,Andhra Pradesh District,Wheat,Kharif,2018,24664,70045,2.84,Alluvial,Medium,Tropical,NPK
Andhra Pradesh,Andhra Pradesh District,Jowar,Rabi,2018,10260,49760,4.85,Clay Loam,Medium,Temperate,NPK
Andhra Pradesh,Andhra Pradesh District,Onion,Zaid,2018,29293,156131,5.33,Sandy,Low,Mountain,Urea
Andhra Pradesh,Andhra Pradesh District,Groundnut,Zaid,2018,27629,149472,5.41,Clay Loam,High,Tropical,Urea
Andhra Pradesh,Andhra Pradesh District,Soybean,Zaid,2018,11868,23142,1.95,Loam,Medium,Mountain,DAP + Urea
Andhra Pradesh,Andhra Pradesh District,Jute,Rabi,2018,3921,22428,5.72,Red,High,Semi-Arid,NPK
Andhra Pradesh,Andhra Pradesh District,Ragi,Rabi,2018,20558,111424,5.42,Alluvial,Low,Temperate,Organic + NPK
Andhra Pradesh,Andhra Pradesh District,Banana,Rabi,2018,26147,55170,2.11,Black,Medium,Tropical,Urea
Andhra Pradesh,Andhra Pradesh District,Onion,Zaid,2019,11767,66130,5.62,Clay Loam,Medium,Mountain,DAP + Urea
Andhra Pradesh,Andhra Pradesh District,Maize,Kharif,2019,24272,40776,1.68,Black,Low,Mountain,DAP + Urea
Andhra Pradesh,Andhra Pradesh District,Bajra,Zaid,2019,25374,76122,3,Sandy,Medium,Humid,Organic + NPK
Andhra Pradesh,Andhra Pradesh District,Ragi,Zaid,2019,4232,11891,2.81,Sandy,High,Semi-Arid,DAP + Urea
Andhra Pradesh,Andhra Pradesh District,Banana,Rabi,2019,18560,92243,4.97,Alluvial,Medium,Tropical,Urea
Andhra Pradesh,Andhra Pradesh District,Cotton,Kharif,2019,27648,56954,2.06,Clay Loam,High,Semi-Arid,NPK
Andhra Pradesh,Andhra Pradesh District,Banana,Kharif,2019,18531,46512,2.51,Red,Medium,Humid,Potash
Andhra Pradesh,Andhra Pradesh District,Onion,Rabi,2019,4245,15112,3.56,Alluvial,Low,Humid,NPK
Andhra Pradesh,Andhra Pradesh District,Apple,Rabi,2019,22468,35274,1.57,Alluvial,Low,Temperate,DAP + Urea
Andhra Pradesh,Andhra Pradesh District,Banana,Rabi,2019,14295,31877,2.23,Black,High,Temperate,DAP + Urea
Andhra Pradesh,Andhra Pradesh District,Sugarcane,Rabi,2019,14757,82639,5.6,Sandy,High,Humid,Potash
Andhra Pradesh,Andhra Pradesh District,Bajra,Kharif,2019,23818,86935,3.65,Black,High,Humid,NPK
Andhra Pradesh,Andhra Pradesh District,Rice,Rabi,2020,844,4253,5.04,Loam,High,Humid,Urea
Andhra Pradesh,Andhra Pradesh District,Coffee,Kharif,2020,10765,35416,3.29,Red,High,Semi-Arid,NPK
Andhra Pradesh,Andhra Pradesh District,Bajra,Zaid,2020,7551,37981,5.03,Sandy,High,Semi-Arid,Organic + NPK
Andhra Pradesh,Andhra Pradesh District,Bajra,Rabi,2020,6503,25621,3.94,Black,Low,Humid,NPK
Andhra Pradesh,Andhra Pradesh District,Bajra,Rabi,2020,3429,20333,5.93,Alluvial,High,Mountain,Organic + NPK
Andhra Pradesh,Andhra Pradesh District,Mustard,Kharif,2020,13295,77775,5.85,Red,Low,Humid,Potash
Andhra Pradesh,Andhra Pradesh District,Jowar,Zaid,2020,8555,25665,3,Clay Loam,High,Mountain,NPK
Andhra Pradesh,Andhra Pradesh District,Mustard,Kharif,2020,7714,12265,1.59,Laterite,Low,Humid,Potash
Andhra Pradesh,Andhra Pradesh District,Maize,Zaid,2020,24393,44883,1.84,Alluvial,Medium,Humid,Urea
Andhra Pradesh,Andhra Pradesh District,Jute,Kharif,2020,28767,154478,5.37,Clay Loam,Medium,Tropical,Potash
Andhra Pradesh,Andhra Pradesh District,Groundnut,Kharif,2020,6384,31856,4.99,Sandy,Medium,Humid,NPK
Andhra Pradesh,Andhra Pradesh District,Potato,Rabi,2020,27851,157079,5.64,Black,Low,Temperate,Potash
Andhra Pradesh,Andhra Pradesh District,Wheat,Zaid,2021,26050,76066,2.92,Sandy,High,Mountain,DAP + Urea
Andhra Pradesh,Andhra Pradesh District,Groundnut,Kharif,2021,10295,35517,3.45,Alluvial,High,Temperate,Organic + NPK
Andhra Pradesh,Andhra Pradesh District,Maize,Rabi,2021,22850,133444,5.84,Clay Loam,Medium,Mountain,Urea
Andhra Pradesh,Andhra Pradesh District,Onion,Rabi,2021,15354,23798,1.55,Black,Medium,Semi-Arid,NPK
Andhra Pradesh,Andhra Pradesh District,Coconut,Zaid,2021,19197,30523,1.59,Red,High,Temperate,Potash
Andhra Pradesh,Andhra Pradesh District,Cotton,Rabi,2021,5038,13451,2.67,Laterite,High,Semi-Arid,DAP + Urea
Andhra Pradesh,Andhra Pradesh District,Apple,Kharif,2021,3424,8731,2.55,Black,High,Humid,Potash
Andhra Pradesh,Andhra Pradesh District,Rubber,Kharif,2021,22995,100718,4.38,Black,Medium,Semi-Arid,Urea
Andhra Pradesh,Andhra Pradesh District,Mustard,Zaid,2021,23858,80162,3.36,Clay Loam,High,Humid,DAP + Urea
Andhra Pradesh,Andhra Pradesh District,Wheat,Zaid,2021,2844,14020,4.93,Red,Low,Mountain,DAP + Urea
Andhra Pradesh,Andhra Pradesh District,Jowar,Zaid,2021,10288,47530,4.62,Red,Low,Semi-Arid,Potash
Andhra Pradesh,Andhra Pradesh District,Maize,Zaid,2021,28558,58543,2.05,Clay Loam,High,Semi-Arid,DAP + Urea
Andhra Pradesh,Andhra Pradesh District,Cotton,Zaid,2022,8711,29791,3.42,Loam,Low,Semi-Arid,Urea
Andhra Pradesh,Andhra Pradesh District,Tea,Kharif,2022,13082,49973,3.82,Clay Loam,High,Tropical,Potash
Andhra Pradesh,Andhra Pradesh District,Maize,Kharif,2022,26974,71481,2.65,Red,High,Tropical,DAP + Urea
Andhra Pradesh,Andhra Pradesh District,Apple,Zaid,2022,28088,164314,5.85,Loam,Low,Semi-Arid,DAP + Urea
Andhra Pradesh,Andhra Pradesh District,Coffee,Rabi,2022,26803,149292,5.57,Black,Medium,Semi-Arid,DAP + Urea
Andhra Pradesh,Andhra Pradesh District,Apple,Kharif,2022,16489,95965,5.82,Laterite,High,Mountain,Urea
Andhra Pradesh,Andhra Pradesh District,Sugarcane,Kharif,2022,22143,62664,2.83,Laterite,High,Mountain,NPK
Andhra Pradesh,Andhra Pradesh District,Soybean,Kharif,2022,17813,61811,3.47,Alluvial,High,Mountain,DAP + Urea
Andhra Pradesh,Andhra Pradesh District,Bajra,Kharif,2022,7270,16575,2.28,Clay Loam,Low,Humid,Organic + NPK
Andhra Pradesh,Andhra Pradesh District,Banana,Zaid,2022,25319,66588,2.63,Laterite,Low,Mountain,Organic + NPK
Andhra Pradesh,Andhra Pradesh District,Jute,Kharif,2022,14261,76296,5.35,Clay Loam,Medium,Temperate,Organic + NPK
Andhra Pradesh,Andhra Pradesh District,Sugarcane,Zaid,2022,26961,43407,1.61,Loam,Low,Mountain,Organic + NPK
Andhra Pradesh,Andhra Pradesh District,Cotton,Zaid,2023,2963,11111,3.75,Sandy,Medium,Semi-Arid,Potash
Andhra Pradesh,Andhra Pradesh District,Tea,Kharif,2023,25358,98389,3.88,Alluvial,Medium,Semi-Arid,Organic + NPK
Andhra Pradesh,Andhra Pradesh District,Jowar,Zaid,2023,18171,59964,3.3,Loam,High,Semi-Arid,NPK
Andhra Pradesh,Andhra Pradesh District,Coffee,Kharif,2023,13030,31532,2.42,Red,High,Mountain,Potash
Andhra Pradesh,Andhra Pradesh District,Soybean,Zaid,2023,15625,65625,4.2,Laterite,High,Humid,DAP + Urea
Andhra Pradesh,Andhra Pradesh District,Rubber,Kharif,2023,20817,93884,4.51,Red,High,Tropical,Urea
Andhra Pradesh,Andhra Pradesh District,Banana,Rabi,2023,14454,84844,5.87,Sandy,High,Mountain,NPK
Andhra Pradesh,Andhra Pradesh District,Jute,Zaid,2023,24937,65085,2.61,Red,High,Tropical,Urea
Andhra Pradesh,Andhra Pradesh District,Cotton,Rabi,2023,21266,106330,5,Sandy,Medium,Temperate,NPK
Andhra Pradesh,Andhra Pradesh District,Apple,Rabi,2023,831,2551,3.07,Sandy,High,Semi-Arid,Potash
Andhra Pradesh,Andhra Pradesh District,Jowar,Rabi,2023,5483,19629,3.58,Laterite,Low,Semi-Arid,Potash
Andhra Pradesh,Andhra Pradesh District,Wheat,Zaid,2023,9374,35621,3.8,Clay Loam,Medium,Tropical,Organic + NPK
Andhra Pradesh,Andhra Pradesh District,Maize,Kharif,2024,22023,76860,3.49,Clay Loam,High,Temperate,NPK
Andhra Pradesh,Andhra Pradesh District,Coffee,Zaid,2024,21339,98159,4.6,Red,Low,Mountain,DAP + Urea
Andhra Pradesh,Andhra Pradesh District,Mustard,Kharif,2024,29533,88599,3,Alluvial,High,Mountain,Organic + NPK
Andhra Pradesh,Andhra Pradesh District,Rubber,Kharif,2024,17261,69216,4.01,Black,Medium,Mountain,Organic + NPK
Andhra Pradesh,Andhra Pradesh District,Tea,Rabi,2024,20477,98903,4.83,Clay Loam,Medium,Temperate,Urea
Andhra Pradesh,Andhra Pradesh District,Bajra,Zaid,2024,28900,122825,4.25,Black,Medium,Mountain,DAP + Urea
Andhra Pradesh,Andhra Pradesh District,Rice,Zaid,2024,28410,157675,5.55,Laterite,Medium,Semi-Arid,DAP + Urea
Andhra Pradesh,Andhra Pradesh District,Bajra,Zaid,2024,6722,12301,1.83,Black,High,Semi-Arid,Potash
Andhra Pradesh,Andhra Pradesh District,Cotton,Rabi,2024,20365,117098,5.75,Clay Loam,Low,Temperate,DAP + Urea
Andhra Pradesh,Andhra Pradesh District,Rubber,Rabi,2024,12332,35639,2.89,Black,Low,Temperate,Organic + NPK
Andhra Pradesh,Andhra Pradesh District,Maize,Rabi,2024,3986,10044,2.52,Laterite,Low,Temperate,NPK
Andhra Pradesh,Andhra Pradesh District,Wheat,Kharif,2024,27024,113230,4.19,Loam,Low,Semi-Arid,Potash
Andhra Pradesh,Andhra Pradesh District,Apple,Rabi,2025,14992,45575,3.04,Alluvial,High,Temperate,NPK
Andhra Pradesh,Andhra Pradesh District,Mustard,Rabi,2025,13597,34672,2.55,Laterite,Low,Temperate,DAP + Urea
Andhra Pradesh,Andhra Pradesh District,Jowar,Rabi,2025,15657,62001,3.96,Black,Medium,Humid,Organic + NPK
Andhra Pradesh,Andhra Pradesh District,Jute,Kharif,2025,19951,39902,2,Alluvial,Low,Tropical,NPK
Andhra Pradesh,Andhra Pradesh District,Jute,Zaid,2025,10971,60340,5.5,Red,Low,Semi-Arid,DAP + Urea
Andhra Pradesh,Andhra Pradesh District,Cotton,Kharif,2025,26509,148715,5.61,Laterite,Low,Mountain,NPK
Andhra Pradesh,Andhra Pradesh District,Banana,Kharif,2025,12935,34148,2.64,Laterite,High,Humid,NPK
Andhra Pradesh,Andhra Pradesh District,Wheat,Kharif,2025,18095,32028,1.77,Alluvial,Medium,Tropical,Urea
Andhra Pradesh,Andhra Pradesh District,Maize,Zaid,2025,6729,10900,1.62,Black,High,Humid,DAP + Urea
Andhra Pradesh,Andhra Pradesh District,Rubber,Rabi,2025,13269,39541,2.98,Red,High,Temperate,DAP + Urea
Andhra Pradesh,Andhra Pradesh District,Wheat,Zaid,2025,19765,112858,5.71,Black,Medium,Semi-Arid,Potash
Andhra Pradesh,Andhra Pradesh District,Onion,Kharif,2025,21418,82459,3.85,Red,High,Semi-Arid,Potash
Arunachal Pradesh,Arunachal Pradesh District,Soybean,Rabi,2016,23819,130051,5.46,Loam,Low,Humid,Potash
Arunachal Pradesh,Arunachal Pradesh District,Maize,Kharif,2016,8743,20108,2.3,Black,Low,Temperate,Urea
Arunachal Pradesh,Arunachal Pradesh District,Wheat,Zaid,2016,2230,9745,4.37,Laterite,High,Humid,NPK
Arunachal Pradesh,Arunachal Pradesh District,Ragi,Kharif,2016,1814,3754,2.07,Laterite,High,Temperate,Urea
Arunachal Pradesh,Arunachal Pradesh District,Rubber,Rabi,2016,1306,6281,4.81,Alluvial,Medium,Humid,NPK
Arunachal Pradesh,Arunachal Pradesh District,Jowar,Kharif,2016,1620,8699,5.37,Loam,Medium,Humid,DAP + Urea
Arunachal Pradesh,Arunachal Pradesh District,Bajra,Kharif,2016,26536,85180,3.21,Sandy,High,Humid,NPK
Arunachal Pradesh,Arunachal Pradesh District,Coconut,Zaid,2016,28070,72982,2.6,Black,Medium,Humid,Potash
Arunachal Pradesh,Arunachal Pradesh District,Coffee,Kharif,2016,29851,123284,4.13,Black,High,Semi-Arid,Potash
Arunachal Pradesh,Arunachal Pradesh District,Onion,Zaid,2016,24072,127581,5.3,Loam,High,Mountain,NPK
Arunachal Pradesh,Arunachal Pradesh District,Jowar,Rabi,2016,24852,54922,2.21,Laterite,High,Humid,NPK
Arunachal Pradesh,Arunachal Pradesh District,Coconut,Kharif,2016,11817,24461,2.07,Alluvial,Medium,Mountain,Organic + NPK
Arunachal Pradesh,Arunachal Pradesh District,Coconut,Rabi,2017,10275,30105,2.93,Red,High,Mountain,Potash
Arunachal Pradesh,Arunachal Pradesh District,Rice,Rabi,2017,17740,36367,2.05,Loam,Medium,Humid,Potash
Arunachal Pradesh,Arunachal Pradesh District,Maize,Rabi,2017,15305,90452,5.91,Laterite,Medium,Semi-Arid,NPK
Arunachal Pradesh,Arunachal Pradesh District,Banana,Kharif,2017,26759,46828,1.75,Clay Loam,Medium,Mountain,Organic + NPK
Arunachal Pradesh,Arunachal Pradesh District,Mustard,Rabi,2017,23533,96014,4.08,Red,High,Humid,Urea
Arunachal Pradesh,Arunachal Pradesh District,Jowar,Rabi,2017,15723,65879,4.19,Clay Loam,High,Temperate,NPK
Arunachal Pradesh,Arunachal Pradesh District,Cotton,Zaid,2017,8696,39914,4.59,Black,Low,Temperate,Urea
Arunachal Pradesh,Arunachal Pradesh District,Apple,Zaid,2017,2141,11026,5.15,Loam,Medium,Tropical,DAP + Urea
Arunachal Pradesh,Arunachal Pradesh District,Bajra,Zaid,2017,2688,11665,4.34,Loam,Low,Tropical,DAP + Urea
Arunachal Pradesh,Arunachal Pradesh District,Groundnut,Kharif,2017,17260,92858,5.38,Clay Loam,Medium,Semi-Arid,Organic + NPK
Arunachal Pradesh,Arunachal Pradesh District,Mustard,Rabi,2017,29705,71292,2.4,Sandy,Low,Semi-Arid,Urea
Arunachal Pradesh,Arunachal Pradesh District,Tea,Kharif,2017,18341,102893,5.61,Sandy,Medium,Tropical,Organic + NPK
Arunachal Pradesh,Arunachal Pradesh District,Coconut,Zaid,2018,7098,10930,1.54,Sandy,Medium,Mountain,Urea
Arunachal Pradesh,Arunachal Pradesh District,Maize,Zaid,2018,13729,58622,4.27,Sandy,High,Mountain,Urea
Arunachal Pradesh,Arunachal Pradesh District,Wheat,Rabi,2018,12028,64109,5.33,Alluvial,Low,Humid,NPK
Arunachal Pradesh,Arunachal Pradesh District,Onion,Zaid,2018,4433,23051,5.2,Loam,Medium,Mountain,Potash
Arunachal Pradesh,Arunachal Pradesh District,Onion,Zaid,2018,9757,37759,3.87,Sandy,High,Semi-Arid,Potash
Arunachal Pradesh,Arunachal Pradesh District,Banana,Kharif,2018,10584,37467,3.54,Clay Loam,Medium,Mountain,DAP + Urea
Arunachal Pradesh,Arunachal Pradesh District,Onion,Kharif,2018,25813,152038,5.89,Red,High,Tropical,Urea
Arunachal Pradesh,Arunachal Pradesh District,Banana,Rabi,2018,1687,5330,3.16,Red,High,Tropical,NPK
Arunachal Pradesh,Arunachal Pradesh District,Maize,Rabi,2018,28232,42912,1.52,Laterite,Medium,Humid,Urea
Arunachal Pradesh,Arunachal Pradesh District,Ragi,Kharif,2018,13229,46962,3.55,Laterite,Medium,Temperate,Urea
Arunachal Pradesh,Arunachal Pradesh District,Cotton,Rabi,2018,1095,6548,5.98,Red,Low,Mountain,Organic + NPK
Arunachal Pradesh,Arunachal Pradesh District,Coconut,Rabi,2018,8951,51289,5.73,Loam,Medium,Humid,Urea
Arunachal Pradesh,Arunachal Pradesh District,Ragi,Kharif,2019,25960,145635,5.61,Loam,Medium,Semi-Arid,Urea
Arunachal Pradesh,Arunachal Pradesh District,Maize,Kharif,2019,2611,5430,2.08,Black,High,Tropical,NPK
Arunachal Pradesh,Arunachal Pradesh District,Bajra,Kharif,2019,5602,20503,3.66,Laterite,High,Temperate,NPK
Arunachal Pradesh,Arunachal Pradesh District,Maize,Kharif,2019,14514,61684,4.25,Clay Loam,Low,Mountain,Urea
Arunachal Pradesh,Arunachal Pradesh District,Tea,Kharif,2019,2041,11756,5.76,Loam,High,Semi-Arid,NPK
Arunachal Pradesh,Arunachal Pradesh District,Bajra,Rabi,2019,22931,63060,2.75,Sandy,High,Tropical,DAP + Urea
Arunachal Pradesh,Arunachal Pradesh District,Maize,Zaid,2019,28890,93892,3.25,Laterite,Medium,Mountain,Urea
Arunachal Pradesh,Arunachal Pradesh District,Coffee,Rabi,2019,4306,18214,4.23,Alluvial,Low,Semi-Arid,Potash
Arunachal Pradesh,Arunachal Pradesh District,Soybean,Rabi,2019,5976,22947,3.84,Loam,High,Humid,Urea
Arunachal Pradesh,Arunachal Pradesh District,Onion,Zaid,2019,7532,38036,5.05,Red,Medium,Tropical,NPK
Arunachal Pradesh,Arunachal Pradesh District,Tea,Rabi,2019,29504,172893,5.86,Alluvial,High,Semi-Arid,Organic + NPK
Arunachal Pradesh,Arunachal Pradesh District,Sugarcane,Rabi,2019,7989,30278,3.79,Loam,Low,Semi-Arid,DAP + Urea
Arunachal Pradesh,Arunachal Pradesh District,Cotton,Zaid,2020,8898,21177,2.38,Loam,High,Tropical,Potash
Arunachal Pradesh,Arunachal Pradesh District,Apple,Rabi,2020,17190,37302,2.17,Red,Medium,Semi-Arid,Organic + NPK
Arunachal Pradesh,Arunachal Pradesh District,Bajra,Rabi,2020,16599,40833,2.46,Clay Loam,Medium,Temperate,Organic + NPK
Arunachal Pradesh,Arunachal Pradesh District,Groundnut,Zaid,2020,20348,100112,4.92,Clay Loam,High,Semi-Arid,Potash
Arunachal Pradesh,Arunachal Pradesh District,Cotton,Zaid,2020,2405,9066,3.77,Loam,Low,Temperate,Organic + NPK
Arunachal Pradesh,Arunachal Pradesh District,Apple,Kharif,2020,16678,61041,3.66,Black,Low,Humid,DAP + Urea
Arunachal Pradesh,Arunachal Pradesh District,Maize,Zaid,2020,21316,83558,3.92,Alluvial,High,Temperate,NPK
Arunachal Pradesh,Arunachal Pradesh District,Mustard,Zaid,2020,18956,45494,2.4,Loam,Medium,Semi-Arid,Organic + NPK
Arunachal Pradesh,Arunachal Pradesh District,Rice,Rabi,2020,25855,41109,1.59,Sandy,High,Temperate,NPK
Arunachal Pradesh,Arunachal Pradesh District,Mustard,Rabi,2020,9680,44140,4.56,Red,High,Mountain,Urea
Arunachal Pradesh,Arunachal Pradesh District,Rice,Kharif,2020,4486,13368,2.98,Alluvial,Medium,Temperate,Potash
Arunachal Pradesh,Arunachal Pradesh District,Wheat,Zaid,2020,11870,21959,1.85,Alluvial,Medium,Humid,DAP + Urea
Arunachal Pradesh,Arunachal Pradesh District,Bajra,Kharif,2021,17854,30708,1.72,Alluvial,Low,Semi-Arid,Organic + NPK
Arunachal Pradesh,Arunachal Pradesh District,Mustard,Rabi,2021,3575,16301,4.56,Alluvial,High,Humid,NPK
Arunachal Pradesh,Arunachal Pradesh District,Tea,Zaid,2021,26831,135764,5.06,Sandy,Low,Mountain,Organic + NPK
Arunachal Pradesh,Arunachal Pradesh District,Coffee,Zaid,2021,3484,15887,4.56,Loam,High,Semi-Arid,Potash
Arunachal Pradesh,Arunachal Pradesh District,Coconut,Rabi,2021,18055,102913,5.7,Black,High,Humid,Potash
Arunachal Pradesh,Arunachal Pradesh District,Cotton,Kharif,2021,2267,9521,4.2,Black,Low,Temperate,Urea
Arunachal Pradesh,Arunachal Pradesh District,Bajra,Zaid,2021,18389,29238,1.59,Red,High,Humid,Urea
Arunachal Pradesh,Arunachal Pradesh District,Cotton,Zaid,2021,13714,64318,4.69,Red,Low,Mountain,Organic + NPK
Arunachal Pradesh,Arunachal Pradesh District,Onion,Zaid,2021,18702,99120,5.3,Clay Loam,High,Mountain,NPK
Arunachal Pradesh,Arunachal Pradesh District,Apple,Kharif,2021,10596,37086,3.5,Black,Low,Mountain,DAP + Urea
Arunachal Pradesh,Arunachal Pradesh District,Soybean,Rabi,2021,16362,86554,5.29,Red,Medium,Temperate,DAP + Urea
Arunachal Pradesh,Arunachal Pradesh District,Coffee,Kharif,2021,27800,96744,3.48,Clay Loam,Low,Humid,Organic + NPK
Arunachal Pradesh,Arunachal Pradesh District,Apple,Kharif,2022,768,3010,3.92,Sandy,High,Temperate,Urea
Arunachal Pradesh,Arunachal Pradesh District,Onion,Kharif,2022,29427,57676,1.96,Sandy,Medium,Mountain,Urea
Arunachal Pradesh,Arunachal Pradesh District,Bajra,Zaid,2022,12628,42177,3.34,Laterite,Low,Tropical,Urea
Arunachal Pradesh,Arunachal Pradesh District,Wheat,Kharif,2022,21670,101198,4.67,Sandy,Low,Tropical,Potash
Arunachal Pradesh,Arunachal Pradesh District,Cotton,Rabi,2022,17881,67768,3.79,Clay Loam,Medium,Mountain,Organic + NPK
Arunachal Pradesh,Arunachal Pradesh District,Jute,Zaid,2022,27360,126950,4.64,Black,Low,Mountain,Organic + NPK
Arunachal Pradesh,Arunachal Pradesh District,Groundnut,Zaid,2022,4314,21570,5,Red,Medium,Humid,Organic + NPK
Arunachal Pradesh,Arunachal Pradesh District,Wheat,Rabi,2022,20716,71677,3.46,Red,Medium,Humid,Urea
Arunachal Pradesh,Arunachal Pradesh District,Mustard,Kharif,2022,21305,90333,4.24,Alluvial,Medium,Tropical,Potash
Arunachal Pradesh,Arunachal Pradesh District,Groundnut,Rabi,2022,18294,80310,4.39,Red,High,Tropical,Potash
Arunachal Pradesh,Arunachal Pradesh District,Rice,Rabi,2022,16237,89952,5.54,Loam,Low,Semi-Arid,DAP + Urea
Arunachal Pradesh,Arunachal Pradesh District,Sugarcane,Rabi,2022,8638,26000,3.01,Loam,Low,Semi-Arid,Urea
Arunachal Pradesh,Arunachal Pradesh District,Tea,Zaid,2023,16642,73724,4.43,Loam,Low,Semi-Arid,Urea
Arunachal Pradesh,Arunachal Pradesh District,Coffee,Rabi,2023,18261,37252,2.04,Red,Low,Temperate,NPK
Arunachal Pradesh,Arunachal Pradesh District,Coffee,Kharif,2023,14086,28031,1.99,Loam,Low,Temperate,Urea
Arunachal Pradesh,Arunachal Pradesh District,Coffee,Rabi,2023,22363,84084,3.76,Black,Low,Mountain,NPK
Arunachal Pradesh,Arunachal Pradesh District,Bajra,Zaid,2023,1115,4002,3.59,Loam,High,Temperate,Potash
Arunachal Pradesh,Arunachal Pradesh District,Coffee,Kharif,2023,674,2662,3.95,Laterite,Low,Temperate,Organic + NPK
Arunachal Pradesh,Arunachal Pradesh District,Mustard,Zaid,2023,2992,14930,4.99,Black,Low,Semi-Arid,Potash
Arunachal Pradesh,Arunachal Pradesh District,Rice,Kharif,2023,17313,42936,2.48,Sandy,Low,Mountain,DAP + Urea
Arunachal Pradesh,Arunachal Pradesh District,Potato,Zaid,2023,23130,98302,4.25,Alluvial,Low,Semi-Arid,Urea
Arunachal Pradesh,Arunachal Pradesh District,Sugarcane,Rabi,2023,19079,83947,4.4,Alluvial,High,Tropical,Urea
Arunachal Pradesh,Arunachal Pradesh District,Wheat,Kharif,2023,17489,45121,2.58,Alluvial,Medium,Semi-Arid,Organic + NPK
Arunachal Pradesh,Arunachal Pradesh District,Coconut,Zaid,2023,5962,24921,4.18,Loam,Medium,Mountain,Urea
Arunachal Pradesh,Arunachal Pradesh District,Potato,Kharif,2024,26814,90631,3.38,Loam,Medium,Semi-Arid,DAP + Urea
Arunachal Pradesh,Arunachal Pradesh District,Jute,Kharif,2024,27268,74987,2.75,Red,High,Humid,DAP + Urea
Arunachal Pradesh,Arunachal Pradesh District,Apple,Rabi,2024,3241,15524,4.79,Black,Medium,Humid,Organic + NPK
Arunachal Pradesh,Arunachal Pradesh District,Tea,Rabi,2024,13091,36131,2.76,Alluvial,Low,Temperate,Organic + NPK
Arunachal Pradesh,Arunachal Pradesh District,Mustard,Zaid,2024,6939,12628,1.82,Clay Loam,High,Temperate,Potash
Arunachal Pradesh,Arunachal Pradesh District,Coconut,Zaid,2024,23965,129890,5.42,Black,High,Semi-Arid,Urea
Arunachal Pradesh,Arunachal Pradesh District,Soybean,Kharif,2024,3205,13813,4.31,Black,High,Tropical,NPK
Arunachal Pradesh,Arunachal Pradesh District,Coffee,Kharif,2024,13037,44065,3.38,Clay Loam,High,Temperate,Potash
Arunachal Pradesh,Arunachal Pradesh District,Onion,Rabi,2024,2930,16613,5.67,Black,Medium,Temperate,Urea
Arunachal Pradesh,Arunachal Pradesh District,Tea,Kharif,2024,25045,131987,5.27,Red,High,Temperate,Organic + NPK
Arunachal Pradesh,Arunachal Pradesh District,Jute,Zaid,2024,18042,50698,2.81,Sandy,Medium,Temperate,Urea
Arunachal Pradesh,Arunachal Pradesh District,Rice,Zaid,2024,10012,51061,5.1,Clay Loam,Low,Mountain,Organic + NPK
Arunachal Pradesh,Arunachal Pradesh District,Rubber,Kharif,2025,8852,37886,4.28,Sandy,Medium,Temperate,DAP + Urea
Arunachal Pradesh,Arunachal Pradesh District,Sugarcane,Zaid,2025,4186,22353,5.34,Clay Loam,Low,Temperate,Potash
Arunachal Pradesh,Arunachal Pradesh District,Potato,Zaid,2025,13503,27681,2.05,Black,Medium,Mountain,DAP + Urea
Arunachal Pradesh,Arunachal Pradesh District,Banana,Zaid,2025,8842,42087,4.76,Alluvial,Low,Mountain,Urea
Arunachal Pradesh,Arunachal Pradesh District,Jute,Rabi,2025,18358,78205,4.26,Alluvial,High,Temperate,Potash
Arunachal Pradesh,Arunachal Pradesh District,Potato,Rabi,2025,8138,43538,5.35,Sandy,High,Semi-Arid,Urea
Arunachal Pradesh,Arunachal Pradesh District,Bajra,Kharif,2025,16686,32370,1.94,Black,High,Tropical,Urea
Arunachal Pradesh,Arunachal Pradesh District,Wheat,Zaid,2025,16505,40602,2.46,Clay Loam,Medium,Temperate,NPK
Arunachal Pradesh,Arunachal Pradesh District,Maize,Rabi,2025,22720,110419,4.86,Sandy,Medium,Temperate,DAP + Urea
Arunachal Pradesh,Arunachal Pradesh District,Apple,Zaid,2025,16949,39999,2.36,Laterite,High,Humid,DAP + Urea
Arunachal Pradesh,Arunachal Pradesh District,Mustard,Zaid,2025,12287,54800,4.46,Sandy,Low,Humid,NPK
Arunachal Pradesh,Arunachal Pradesh District,Rubber,Kharif,2025,1948,10227,5.25,Black,Medium,Semi-Arid,NPK
Assam,Assam District,Banana,Zaid,2016,16918,30283,1.79,Laterite,Low,Semi-Arid,Potash
Assam,Assam District,Banana,Rabi,2016,21671,61979,2.86,Red,Medium,Tropical,Potash
Assam,Assam District,Jute,Zaid,2016,1071,3662,3.42,Loam,Medium,Temperate,Potash
Assam,Assam District,Banana,Rabi,2016,18710,99724,5.33,Alluvial,High,Humid,Urea
Assam,Assam District,Coffee,Zaid,2016,17533,88716,5.06,Clay Loam,Low,Tropical,Potash
Assam,Assam District,Potato,Rabi,2016,971,1893,1.95,Red,Medium,Mountain,NPK
Assam,Assam District,Tea,Zaid,2016,19594,35857,1.83,Alluvial,High,Semi-Arid,Organic + NPK
Assam,Assam District,Potato,Kharif,2016,27053,106859,3.95,Red,Medium,Temperate,DAP + Urea
Assam,Assam District,Banana,Rabi,2016,5356,22227,4.15,Red,High,Semi-Arid,Organic + NPK
Assam,Assam District,Ragi,Rabi,2016,28414,75865,2.67,Alluvial,High,Tropical,DAP + Urea
Assam,Assam District,Bajra,Zaid,2016,25226,147824,5.86,Red,High,Mountain,NPK
Assam,Assam District,Maize,Rabi,2016,23719,53842,2.27,Laterite,Low,Temperate,Organic + NPK
Assam,Assam District,Onion,Kharif,2017,24294,106407,4.38,Black,Low,Humid,Urea
Assam,Assam District,Wheat,Kharif,2017,24668,93738,3.8,Sandy,High,Tropical,Potash
Assam,Assam District,Ragi,Zaid,2017,11630,65942,5.67,Black,Low,Semi-Arid,Organic + NPK
Assam,Assam District,Wheat,Rabi,2017,1440,8568,5.95,Loam,Low,Mountain,NPK
Assam,Assam District,Banana,Zaid,2017,23505,105537,4.49,Laterite,Low,Temperate,DAP + Urea
Assam,Assam District,Sugarcane,Zaid,2017,19749,41275,2.09,Clay Loam,Low,Humid,Urea
Assam,Assam District,Soybean,Rabi,2017,26105,45683,1.75,Red,High,Humid,DAP + Urea
Assam,Assam District,Rice,Kharif,2017,957,5665,5.92,Black,Medium,Mountain,NPK
Assam,Assam District,Rice,Kharif,2017,8039,39712,4.94,Clay Loam,Low,Tropical,Potash
Assam,Assam District,Soybean,Kharif,2017,7362,25693,3.49,Laterite,High,Humid,Organic + NPK
Assam,Assam District,Coffee,Zaid,2017,21911,40097,1.83,Black,Low,Mountain,Organic + NPK
Assam,Assam District,Banana,Rabi,2017,14467,61629,4.26,Alluvial,Medium,Tropical,NPK
Assam,Assam District,Banana,Rabi,2018,22275,95559,4.29,Sandy,High,Mountain,Organic + NPK
Assam,Assam District,Ragi,Kharif,2018,2926,12903,4.41,Loam,High,Semi-Arid,Potash
Assam,Assam District,Banana,Zaid,2018,22141,88121,3.98,Sandy,Medium,Mountain,Potash
Assam,Assam District,Rubber,Rabi,2018,20282,73420,3.62,Loam,High,Humid,Potash
Assam,Assam District,Coffee,Rabi,2018,20402,80179,3.93,Red,Low,Mountain,NPK
Assam,Assam District,Rubber,Kharif,2018,15492,85360,5.51,Clay Loam,Medium,Temperate,Urea
Assam,Assam District,Ragi,Kharif,2018,23315,138724,5.95,Laterite,Medium,Tropical,NPK
Assam,Assam District,Tea,Kharif,2018,29058,146161,5.03,Red,High,Tropical,Organic + NPK
Assam,Assam District,Coffee,Rabi,2018,990,2930,2.96,Clay Loam,Low,Temperate,NPK
Assam,Assam District,Ragi,Zaid,2018,4428,20014,4.52,Alluvial,Low,Humid,Urea
Assam,Assam District,Apple,Zaid,2018,11666,29748,2.55,Loam,High,Temperate,Potash
Assam,Assam District,Banana,Rabi,2018,21496,67712,3.15,Laterite,Medium,Mountain,Urea
Assam,Assam District,Maize,Kharif,2019,7020,23376,3.33,Clay Loam,Low,Mountain,DAP + Urea
Assam,Assam District,Mustard,Rabi,2019,8478,39931,4.71,Black,High,Temperate,Organic + NPK
Assam,Assam District,Tea,Zaid,2019,547,2576,4.71,Red,Medium,Semi-Arid,DAP + Urea
Assam,Assam District,Cotton,Rabi,2019,1521,9065,5.96,Clay Loam,Medium,Mountain,Urea
Assam,Assam District,Ragi,Zaid,2019,20284,40568,2,Red,High,Humid,Urea
Assam,Assam District,Rice,Kharif,2019,28090,81461,2.9,Loam,Medium,Tropical,Potash
Assam,Assam District,Mustard,Zaid,2019,29015,122733,4.23,Loam,Medium,Semi-Arid,Organic + NPK
Assam,Assam District,Mustard,Zaid,2019,2276,4460,1.96,Clay Loam,High,Temperate,DAP + Urea
Assam,Assam District,Jowar,Kharif,2019,2083,12289,5.9,Black,Low,Tropical,Urea
Assam,Assam District,Rice,Kharif,2019,2668,4669,1.75,Clay Loam,Medium,Humid,NPK
Assam,Assam District,Apple,Rabi,2019,788,3167,4.02,Black,Medium,Humid,Potash
Assam,Assam District,Onion,Kharif,2019,17589,46259,2.63,Black,Low,Semi-Arid,NPK
Assam,Assam District,Mustard,Kharif,2020,18697,86941,4.65,Red,Medium,Semi-Arid,NPK
Assam,Assam District,Rice,Zaid,2020,18933,44113,2.33,Alluvial,Low,Temperate,DAP + Urea
Assam,Assam District,Groundnut,Kharif,2020,10467,58405,5.58,Alluvial,Medium,Temperate,NPK
Assam,Assam District,Rubber,Zaid,2020,5417,13759,2.54,Red,Medium,Tropical,Potash
Assam,Assam District,Maize,Kharif,2020,15000,36000,2.4,Loam,Low,Tropical,NPK
Assam,Assam District,Soybean,Kharif,2020,2270,11032,4.86,Alluvial,High,Temperate,Organic + NPK
Assam,Assam District,Bajra,Kharif,2020,17775,60435,3.4,Loam,Low,Humid,DAP + Urea
Assam,Assam District,Ragi,Zaid,2020,11966,37214,3.11,Sandy,High,Semi-Arid,Urea
Assam,Assam District,Maize,Rabi,2020,14462,82288,5.69,Red,Low,Mountain,NPK
Assam,Assam District,Mustard,Rabi,2020,2868,14282,4.98,Red,High,Humid,Organic + NPK
Assam,Assam District,Tea,Rabi,2020,13910,49380,3.55,Red,Medium,Semi-Arid,Potash
Assam,Assam District,Rice,Kharif,2020,12633,26150,2.07,Red,High,Temperate,Potash
Assam,Assam District,Cotton,Zaid,2021,5969,21249,3.56,Black,Low,Temperate,NPK
Assam,Assam District,Apple,Zaid,2021,8819,22576,2.56,Red,Low,Humid,Urea
Assam,Assam District,Jowar,Zaid,2021,3031,10396,3.43,Red,Medium,Tropical,DAP + Urea
Assam,Assam District,Ragi,Rabi,2021,2767,12672,4.58,Clay Loam,Low,Tropical,DAP + Urea
Assam,Assam District,Tea,Zaid,2021,24596,143394,5.83,Sandy,Medium,Mountain,Organic + NPK
Assam,Assam District,Ragi,Rabi,2021,21936,44749,2.04,Alluvial,Medium,Mountain,DAP + Urea
Assam,Assam District,Wheat,Rabi,2021,8592,45279,5.27,Red,High,Semi-Arid,DAP + Urea
Assam,Assam District,Tea,Rabi,2021,25811,44394,1.72,Loam,High,Tropical,DAP + Urea
Assam,Assam District,Sugarcane,Zaid,2021,4938,12345,2.5,Red,Low,Temperate,DAP + Urea
Assam,Assam District,Maize,Zaid,2021,10705,43676,4.08,Clay Loam,High,Mountain,Urea
Assam,Assam District,Rubber,Kharif,2021,19532,74221,3.8,Clay Loam,Medium,Temperate,Urea
Assam,Assam District,Maize,Kharif,2021,9574,23169,2.42,Black,Low,Tropical,DAP + Urea
Assam,Assam District,Jute,Rabi,2022,12390,28868,2.33,Alluvial,High,Temperate,DAP + Urea
Assam,Assam District,Maize,Kharif,2022,14958,65815,4.4,Clay Loam,Medium,Temperate,Potash
Assam,Assam District,Rice,Rabi,2022,7629,22276,2.92,Clay Loam,Low,Tropical,Organic + NPK
Assam,Assam District,Jute,Rabi,2022,18822,57783,3.07,Alluvial,High,Humid,Potash
Assam,Assam District,Jowar,Zaid,2022,20328,59561,2.93,Alluvial,Medium,Humid,Urea
Assam,Assam District,Maize,Zaid,2022,9087,16174,1.78,Loam,Medium,Tropical,DAP + Urea
Assam,Assam District,Ragi,Rabi,2022,7898,22983,2.91,Sandy,Medium,Semi-Arid,Urea
Assam,Assam District,Rice,Rabi,2022,10150,22634,2.23,Alluvial,Low,Semi-Arid,Urea
Assam,Assam District,Apple,Zaid,2022,7623,20963,2.75,Loam,High,Semi-Arid,Potash
Assam,Assam District,Jowar,Kharif,2022,20441,54168,2.65,Red,Low,Humid,NPK
Assam,Assam District,Coffee,Zaid,2022,12193,46943,3.85,Loam,Low,Semi-Arid,Urea
Assam,Assam District,Cotton,Zaid,2022,27784,101967,3.67,Black,Low,Temperate,NPK
Assam,Assam District,Maize,Rabi,2023,1762,6766,3.84,Clay Loam,Medium,Humid,Potash
Assam,Assam District,Groundnut,Rabi,2023,18951,88880,4.69,Alluvial,Medium,Mountain,Potash
Assam,Assam District,Rubber,Rabi,2023,5919,24682,4.17,Alluvial,High,Humid,Organic + NPK
Assam,Assam District,Rubber,Zaid,2023,8282,38014,4.59,Clay Loam,Medium,Tropical,Urea
Assam,Assam District,Tea,Rabi,2023,6897,15380,2.23,Sandy,Low,Humid,Potash
Assam,Assam District,Ragi,Rabi,2023,26983,61521,2.28,Laterite,Low,Mountain,DAP + Urea
Assam,Assam District,Apple,Kharif,2023,2446,8561,3.5,Clay Loam,Low,Semi-Arid,Urea
Assam,Assam District,Sugarcane,Kharif,2023,10815,28984,2.68,Red,Low,Temperate,Potash
Assam,Assam District,Potato,Zaid,2023,10597,27022,2.55,Laterite,Medium,Semi-Arid,Potash
Assam,Assam District,Onion,Zaid,2023,10693,24166,2.26,Clay Loam,Medium,Mountain,DAP + Urea
Assam,Assam District,Jowar,Kharif,2023,22568,49649,2.2,Sandy,Medium,Tropical,Urea
Assam,Assam District,Coffee,Zaid,2023,23870,106221,4.45,Black,High,Semi-Arid,Urea
Assam,Assam District,Onion,Kharif,2024,14995,47084,3.14,Alluvial,Low,Tropical,NPK
Assam,Assam District,Onion,Rabi,2024,13199,27981,2.12,Black,Medium,Semi-Arid,Potash
Assam,Assam District,Banana,Zaid,2024,1693,7009,4.14,Laterite,Medium,Semi-Arid,Organic + NPK
Assam,Assam District,Tea,Zaid,2024,25923,127022,4.9,Red,Low,Tropical,Potash
Assam,Assam District,Wheat,Zaid,2024,26668,120539,4.52,Black,Medium,Humid,Urea
Assam,Assam District,Ragi,Rabi,2024,29625,143977,4.86,Alluvial,High,Semi-Arid,Organic + NPK
Assam,Assam District,Coconut,Kharif,2024,15747,47083,2.99,Black,Medium,Mountain,Urea
Assam,Assam District,Apple,Zaid,2024,24779,132567,5.35,Black,Medium,Temperate,Organic + NPK
Assam,Assam District,Cotton,Kharif,2024,20521,48634,2.37,Laterite,High,Temperate,NPK
Assam,Assam District,Sugarcane,Kharif,2024,14433,25113,1.74,Red,High,Humid,Organic + NPK
Assam,Assam District,Coffee,Zaid,2024,964,3123,3.24,Laterite,Medium,Humid,Potash
Assam,Assam District,Coffee,Rabi,2024,10761,57248,5.32,Black,Low,Semi-Arid,DAP + Urea
Assam,Assam District,Rubber,Zaid,2025,5524,19665,3.56,Alluvial,High,Humid,Organic + NPK
Assam,Assam District,Jute,Zaid,2025,22679,91169,4.02,Red,High,Mountain,Organic + NPK
Assam,Assam District,Onion,Rabi,2025,19908,101530,5.1,Laterite,High,Semi-Arid,Potash
Assam,Assam District,Soybean,Kharif,2025,5942,15330,2.58,Sandy,High,Temperate,NPK
Assam,Assam District,Ragi,Rabi,2025,20804,102355,4.92,Laterite,Low,Humid,Organic + NPK
Assam,Assam District,Tea,Zaid,2025,20168,84302,4.18,Sandy,Medium,Temperate,Organic + NPK
Assam,Assam District,Mustard,Zaid,2025,10774,35446,3.29,Laterite,High,Temperate,NPK
Assam,Assam District,Coffee,Rabi,2025,21842,121441,5.56,Clay Loam,High,Temperate,DAP + Urea
Assam,Assam District,Maize,Rabi,2025,27463,116717,4.25,Black,High,Humid,NPK
Assam,Assam District,Coconut,Kharif,2025,629,3233,5.14,Sandy,Medium,Temperate,NPK
Assam,Assam District,Onion,Kharif,2025,26414,126787,4.8,Sandy,Medium,Temperate,Urea
Assam,Assam District,Coconut,Zaid,2025,11167,43997,3.94,Loam,High,Humid,DAP + Urea
Bihar,Bihar District,Soybean,Zaid,2016,5689,12743,2.24,Black,Low,Tropical,Urea
Bihar,Bihar District,Banana,Kharif,2016,17608,36624,2.08,Sandy,Medium,Mountain,Organic + NPK
Bihar,Bihar District,Apple,Kharif,2016,4992,7937,1.59,Black,Low,Semi-Arid,Potash
Bihar,Bihar District,Jute,Kharif,2016,1622,9164,5.65,Black,High,Semi-Arid,Potash
Bihar,Bihar District,Cotton,Kharif,2016,7349,22928,3.12,Red,High,Humid,NPK
Bihar,Bihar District,Coffee,Rabi,2016,16070,26194,1.63,Black,High,Temperate,DAP + Urea
Bihar,Bihar District,Rice,Kharif,2016,24173,112162,4.64,Red,High,Temperate,NPK
Bihar,Bihar District,Sugarcane,Kharif,2016,27154,138756,5.11,Sandy,Medium,Humid,NPK
Bihar,Bihar District,Rubber,Zaid,2016,24048,136833,5.69,Clay Loam,High,Semi-Arid,Organic + NPK
Bihar,Bihar District,Cotton,Rabi,2016,14628,46370,3.17,Sandy,Medium,Semi-Arid,Urea
Bihar,Bihar District,Tea,Kharif,2016,18489,104462,5.65,Alluvial,Low,Temperate,DAP + Urea
Bihar,Bihar District,Rice,Rabi,2016,8398,37874,4.51,Sandy,High,Semi-Arid,Potash
Bihar,Bihar District,Sugarcane,Zaid,2017,2275,5187,2.28,Alluvial,Low,Semi-Arid,Organic + NPK
Bihar,Bihar District,Coconut,Zaid,2017,4851,26049,5.37,Sandy,High,Humid,Urea
Bihar,Bihar District,Ragi,Zaid,2017,19668,95586,4.86,Laterite,Low,Mountain,Organic + NPK
Bihar,Bihar District,Banana,Kharif,2017,2468,7576,3.07,Loam,High,Tropical,Urea
Bihar,Bihar District,Cotton,Kharif,2017,26884,42745,1.59,Black,Medium,Tropical,Urea
Bihar,Bihar District,Rice,Zaid,2017,16329,29392,1.8,Laterite,Low,Semi-Arid,Potash
Bihar,Bihar District,Apple,Zaid,2017,16926,32836,1.94,Sandy,High,Semi-Arid,Potash
Bihar,Bihar District,Onion,Zaid,2017,13938,36099,2.59,Laterite,Medium,Humid,Urea
Bihar,Bihar District,Sugarcane,Zaid,2017,2703,6622,2.45,Sandy,High,Humid,NPK
Bihar,Bihar District,Sugarcane,Kharif,2017,12129,24015,1.98,Alluvial,High,Mountain,NPK
Bihar,Bihar District,Rice,Kharif,2017,17289,59474,3.44,Alluvial,Medium,Semi-Arid,Potash
Bihar,Bihar District,Wheat,Rabi,2017,19291,66168,3.43,Laterite,High,Tropical,Potash
Bihar,Bihar District,Rice,Rabi,2018,9569,53490,5.59,Laterite,Low,Humid,Organic + NPK
Bihar,Bihar District,Jute,Rabi,2018,14971,58386,3.9,Clay Loam,Low,Semi-Arid,Urea
Bihar,Bihar District,Jowar,Rabi,2018,19674,81647,4.15,Clay Loam,High,Semi-Arid,Urea
Bihar,Bihar District,Onion,Zaid,2018,20058,65990,3.29,Black,Medium,Tropical,NPK
Bihar,Bihar District,Cotton,Kharif,2018,16672,98031,5.88,Sandy,Medium,Humid,Organic + NPK
Bihar,Bihar District,Onion,Kharif,2018,29311,83829,2.86,Clay Loam,Low,Semi-Arid,NPK
Bihar,Bihar District,Rubber,Rabi,2018,15889,75949,4.78,Clay Loam,Medium,Temperate,NPK
Bihar,Bihar District,Onion,Zaid,2018,7102,35225,4.96,Sandy,Low,Semi-Arid,Organic + NPK
Bihar,Bihar District,Rice,Zaid,2018,21687,58554,2.7,Loam,Low,Mountain,Urea
Bihar,Bihar District,Sugarcane,Zaid,2018,3707,16978,4.58,Clay Loam,High,Mountain,Urea
Bihar,Bihar District,Maize,Rabi,2018,20521,76748,3.74,Clay Loam,High,Tropical,DAP + Urea
Bihar,Bihar District,Groundnut,Kharif,2018,2320,9929,4.28,Alluvial,High,Mountain,Organic + NPK
Bihar,Bihar District,Soybean,Kharif,2019,5805,22639,3.9,Sandy,Low,Tropical,Potash
Bihar,Bihar District,Tea,Zaid,2019,29932,137986,4.61,Laterite,Medium,Mountain,DAP + Urea
Bihar,Bihar District,Jowar,Kharif,2019,19431,100263,5.16,Sandy,High,Humid,NPK
Bihar,Bihar District,Rice,Rabi,2019,14651,62266,4.25,Sandy,Medium,Semi-Arid,Urea
Bihar,Bihar District,Maize,Zaid,2019,6570,16227,2.47,Alluvial,High,Semi-Arid,Urea
Bihar,Bihar District,Tea,Kharif,2019,12131,46097,3.8,Black,Low,Temperate,NPK
Bihar,Bihar District,Tea,Rabi,2019,2695,14553,5.4,Sandy,Low,Temperate,Organic + NPK
Bihar,Bihar District,Cotton,Zaid,2019,23140,127501,5.51,Clay Loam,Medium,Tropical,Urea
Bihar,Bihar District,Apple,Rabi,2019,560,2027,3.62,Sandy,High,Humid,DAP + Urea
Bihar,Bihar District,Cotton,Zaid,2019,23095,100694,4.36,Alluvial,Medium,Semi-Arid,Potash
Bihar,Bihar District,Rice,Rabi,2019,4818,12237,2.54,Loam,Low,Humid,Potash
Bihar,Bihar District,Coconut,Kharif,2019,7083,27057,3.82,Black,Low,Semi-Arid,Potash
Bihar,Bihar District,Sugarcane,Zaid,2020,6325,23592,3.73,Loam,High,Mountain,Urea
Bihar,Bihar District,Coffee,Kharif,2020,18641,109422,5.87,Loam,Medium,Temperate,Urea
Bihar,Bihar District,Cotton,Zaid,2020,2487,7013,2.82,Laterite,High,Tropical,DAP + Urea
Bihar,Bihar District,Apple,Rabi,2020,9393,34284,3.65,Red,High,Tropical,Organic + NPK
Bihar,Bihar District,Cotton,Rabi,2020,18889,88967,4.71,Loam,High,Tropical,Potash
Bihar,Bihar District,Sugarcane,Rabi,2020,25740,81595,3.17,Sandy,Low,Humid,DAP + Urea
Bihar,Bihar District,Maize,Rabi,2020,13814,64511,4.67,Alluvial,Medium,Mountain,DAP + Urea
Bihar,Bihar District,Onion,Kharif,2020,13324,49432,3.71,Clay Loam,Low,Semi-Arid,NPK
Bihar,Bihar District,Coconut,Zaid,2020,20184,37945,1.88,Alluvial,Medium,Tropical,Organic + NPK
Bihar,Bihar District,Apple,Kharif,2020,1796,5495,3.06,Alluvial,Low,Tropical,Potash
Bihar,Bihar District,Jowar,Zaid,2020,12114,35009,2.89,Laterite,High,Humid,Organic + NPK
Bihar,Bihar District,Groundnut,Zaid,2020,29602,127880,4.32,Black,Medium,Mountain,DAP + Urea
Bihar,Bihar District,Mustard,Kharif,2021,21287,106009,4.98,Red,Medium,Mountain,Organic + NPK
Bihar,Bihar District,Jowar,Rabi,2021,19761,30036,1.52,Red,High,Temperate,DAP + Urea
Bihar,Bihar District,Mustard,Rabi,2021,28715,64034,2.23,Laterite,Low,Temperate,DAP + Urea
Bihar,Bihar District,Onion,Zaid,2021,26558,142085,5.35,Alluvial,Medium,Semi-Arid,DAP + Urea
Bihar,Bihar District,Groundnut,Rabi,2021,1767,6202,3.51,Sandy,Low,Humid,DAP + Urea
Bihar,Bihar District,Jowar,Zaid,2021,17261,102357,5.93,Laterite,Medium,Tropical,NPK
Bihar,Bihar District,Maize,Zaid,2021,27478,69794,2.54,Laterite,High,Mountain,Urea
Bihar,Bihar District,Rice,Rabi,2021,20192,116911,5.79,Laterite,High,Tropical,DAP + Urea
Bihar,Bihar District,Rice,Zaid,2021,8475,24492,2.89,Clay Loam,Medium,Humid,Organic + NPK
Bihar,Bihar District,Tea,Kharif,2021,9205,25681,2.79,Sandy,Low,Semi-Arid,NPK
Bihar,Bihar District,Soybean,Zaid,2021,3020,8818,2.92,Red,Low,Temperate,NPK
Bihar,Bihar District,Soybean,Kharif,2021,1487,3539,2.38,Clay Loam,High,Tropical,Urea
Bihar,Bihar District,Rice,Rabi,2022,18833,47459,2.52,Black,High,Tropical,DAP + Urea
Bihar,Bihar District,Cotton,Kharif,2022,2554,4009,1.57,Red,High,Tropical,Potash
Bihar,Bihar District,Onion,Kharif,2022,9051,21541,2.38,Clay Loam,Medium,Humid,Organic + NPK
Bihar,Bihar District,Onion,Zaid,2022,13130,71295,5.43,Clay Loam,High,Semi-Arid,Organic + NPK
Bihar,Bihar District,Maize,Zaid,2022,6396,31468,4.92,Laterite,Low,Mountain,DAP + Urea
Bihar,Bihar District,Potato,Rabi,2022,1340,5132,3.83,Black,Low,Humid,Urea
Bihar,Bihar District,Wheat,Zaid,2022,29344,98008,3.34,Laterite,High,Tropical,NPK
Bihar,Bihar District,Cotton,Rabi,2022,18698,62638,3.35,Clay Loam,Medium,Mountain,NPK
Bihar,Bihar District,Soybean,Rabi,2022,6866,19705,2.87,Red,High,Tropical,Potash
Bihar,Bihar District,Bajra,Zaid,2022,6749,26388,3.91,Clay Loam,Low,Temperate,NPK
Bihar,Bihar District,Soybean,Zaid,2022,16242,36382,2.24,Sandy,Medium,Humid,NPK
Bihar,Bihar District,Cotton,Kharif,2022,26742,52146,1.95,Loam,High,Semi-Arid,Urea
Bihar,Bihar District,Groundnut,Rabi,2023,27330,67778,2.48,Sandy,High,Tropical,Urea
Bihar,Bihar District,Mustard,Zaid,2023,2579,5338,2.07,Laterite,Medium,Mountain,Organic + NPK
Bihar,Bihar District,Coconut,Kharif,2023,27271,146172,5.36,Sandy,Medium,Humid,Urea
Bihar,Bihar District,Tea,Zaid,2023,13157,78547,5.97,Black,Medium,Mountain,NPK
Bihar,Bihar District,Groundnut,Zaid,2023,23007,124467,5.41,Sandy,Medium,Tropical,NPK
Bihar,Bihar District,Coconut,Kharif,2023,29181,120809,4.14,Sandy,Medium,Tropical,DAP + Urea
Bihar,Bihar District,Rubber,Rabi,2023,12006,45622,3.8,Loam,Low,Humid,Potash
Bihar,Bihar District,Potato,Rabi,2023,25646,109508,4.27,Black,High,Temperate,Urea
Bihar,Bihar District,Jowar,Kharif,2023,23961,83623,3.49,Laterite,High,Semi-Arid,NPK
Bihar,Bihar District,Potato,Rabi,2023,8847,18047,2.04,Alluvial,High,Tropical,Organic + NPK
Bihar,Bihar District,Potato,Rabi,2023,22215,51538,2.32,Loam,Low,Temperate,Urea
Bihar,Bihar District,Tea,Rabi,2023,13570,59300,4.37,Sandy,High,Semi-Arid,NPK
Bihar,Bihar District,Banana,Zaid,2024,16515,66555,4.03,Alluvial,Low,Tropical,Organic + NPK
Bihar,Bihar District,Wheat,Zaid,2024,9306,26987,2.9,Laterite,High,Humid,NPK
Bihar,Bihar District,Rubber,Kharif,2024,29135,88570,3.04,Red,High,Tropical,NPK
Bihar,Bihar District,Rubber,Kharif,2024,17279,41296,2.39,Black,Low,Tropical,Urea
Bihar,Bihar District,Wheat,Rabi,2024,6209,18254,2.94,Clay Loam,High,Mountain,DAP + Urea
Bihar,Bihar District,Wheat,Rabi,2024,27944,95009,3.4,Loam,High,Semi-Arid,DAP + Urea
Bihar,Bihar District,Wheat,Rabi,2024,20332,107556,5.29,Laterite,Medium,Mountain,Urea
Bihar,Bihar District,Bajra,Kharif,2024,15005,45315,3.02,Alluvial,Medium,Semi-Arid,DAP + Urea
Bihar,Bihar District,Coconut,Zaid,2024,5755,30271,5.26,Sandy,High,Mountain,Potash
Bihar,Bihar District,Groundnut,Zaid,2024,9255,55159,5.96,Laterite,Medium,Humid,Urea
Bihar,Bihar District,Coffee,Kharif,2024,18571,59241,3.19,Red,High,Mountain,Potash
Bihar,Bihar District,Mustard,Zaid,2024,9174,14586,1.59,Alluvial,Medium,Semi-Arid,DAP + Urea
Bihar,Bihar District,Bajra,Rabi,2025,25731,131228,5.1,Laterite,Low,Temperate,Urea
Bihar,Bihar District,Sugarcane,Rabi,2025,7696,16777,2.18,Alluvial,Low,Tropical,NPK
Bihar,Bihar District,Rubber,Rabi,2025,18496,88410,4.78,Sandy,Low,Tropical,Organic + NPK
Bihar,Bihar District,Wheat,Zaid,2025,17843,64770,3.63,Loam,Low,Humid,Potash
Bihar,Bihar District,Rubber,Rabi,2025,4121,12445,3.02,Sandy,Medium,Semi-Arid,Organic + NPK
Bihar,Bihar District,Maize,Rabi,2025,8011,41496,5.18,Clay Loam,Medium,Semi-Arid,Urea
Bihar,Bihar District,Coconut,Kharif,2025,19737,53289,2.7,Sandy,Low,Humid,Organic + NPK
Bihar,Bihar District,Coffee,Rabi,2025,2704,11735,4.34,Clay Loam,Low,Temperate,NPK
Bihar,Bihar District,Onion,Zaid,2025,7195,26261,3.65,Black,Medium,Mountain,Potash
Bihar,Bihar District,Groundnut,Kharif,2025,25831,62252,2.41,Sandy,High,Temperate,Urea
Bihar,Bihar District,Coconut,Kharif,2025,16528,50906,3.08,Clay Loam,Low,Tropical,Organic + NPK
Bihar,Bihar District,Mustard,Rabi,2025,5600,13776,2.46,Laterite,High,Mountain,Organic + NPK
Chhattisgarh,Chhattisgarh District,Coconut,Rabi,2016,20050,107668,5.37,Red,Low,Mountain,Potash
Chhattisgarh,Chhattisgarh District,Wheat,Zaid,2016,25959,55292,2.13,Loam,Medium,Temperate,NPK
Chhattisgarh,Chhattisgarh District,Rice,Rabi,2016,2634,4240,1.61,Black,High,Semi-Arid,Urea
Chhattisgarh,Chhattisgarh District,Onion,Zaid,2016,17252,46925,2.72,Red,High,Semi-Arid,NPK
Chhattisgarh,Chhattisgarh District,Coffee,Zaid,2016,15683,40618,2.59,Loam,Medium,Temperate,Potash
Chhattisgarh,Chhattisgarh District,Rice,Zaid,2016,21125,98865,4.68,Alluvial,Medium,Humid,NPK
Chhattisgarh,Chhattisgarh District,Apple,Kharif,2016,14888,43621,2.93,Sandy,High,Humid,Urea
Chhattisgarh,Chhattisgarh District,Wheat,Rabi,2016,19629,101285,5.16,Sandy,High,Tropical,Urea
Chhattisgarh,Chhattisgarh District,Coffee,Zaid,2016,24609,50448,2.05,Alluvial,Low,Mountain,Potash
Chhattisgarh,Chhattisgarh District,Coconut,Kharif,2016,25477,149549,5.87,Laterite,High,Tropical,DAP + Urea
Chhattisgarh,Chhattisgarh District,Jowar,Rabi,2016,17422,81186,4.66,Sandy,High,Temperate,Potash
Chhattisgarh,Chhattisgarh District,Jute,Zaid,2016,24193,68224,2.82,Red,High,Tropical,Urea
Chhattisgarh,Chhattisgarh District,Onion,Kharif,2017,19944,66812,3.35,Red,Low,Semi-Arid,Urea
Chhattisgarh,Chhattisgarh District,Banana,Zaid,2017,18724,103918,5.55,Black,High,Tropical,Potash
Chhattisgarh,Chhattisgarh District,Banana,Rabi,2017,20683,67633,3.27,Laterite,High,Tropical,Organic + NPK
Chhattisgarh,Chhattisgarh District,Groundnut,Rabi,2017,28099,122230,4.35,Laterite,Medium,Tropical,Organic + NPK
Chhattisgarh,Chhattisgarh District,Rice,Kharif,2017,4418,23194,5.25,Laterite,Low,Semi-Arid,DAP + Urea
Chhattisgarh,Chhattisgarh District,Mustard,Kharif,2017,1860,4668,2.51,Sandy,Low,Tropical,Potash
Chhattisgarh,Chhattisgarh District,Sugarcane,Kharif,2017,1935,5108,2.64,Sandy,Medium,Tropical,NPK
Chhattisgarh,Chhattisgarh District,Coffee,Kharif,2017,26519,112970,4.26,Black,High,Mountain,Urea
Chhattisgarh,Chhattisgarh District,Groundnut,Rabi,2017,12043,62984,5.23,Sandy,High,Mountain,DAP + Urea
Chhattisgarh,Chhattisgarh District,Ragi,Zaid,2017,17870,95604,5.35,Sandy,Low,Tropical,Potash
Chhattisgarh,Chhattisgarh District,Jowar,Kharif,2017,3757,13262,3.53,Sandy,High,Tropical,Organic + NPK
Chhattisgarh,Chhattisgarh District,Onion,Zaid,2017,10494,43655,4.16,Sandy,Medium,Semi-Arid,Urea
Chhattisgarh,Chhattisgarh District,Sugarcane,Kharif,2018,27120,158380,5.84,Red,High,Temperate,Potash
Chhattisgarh,Chhattisgarh District,Potato,Kharif,2018,29516,143152,4.85,Red,High,Semi-Arid,NPK
Chhattisgarh,Chhattisgarh District,Coconut,Rabi,2018,27093,122460,4.52,Alluvial,Medium,Humid,DAP + Urea
Chhattisgarh,Chhattisgarh District,Ragi,Kharif,2018,20831,44370,2.13,Clay Loam,Low,Temperate,Urea
Chhattisgarh,Chhattisgarh District,Tea,Zaid,2018,21509,44523,2.07,Red,Medium,Mountain,Urea
Chhattisgarh,Chhattisgarh District,Sugarcane,Rabi,2018,8702,15141,1.74,Loam,High,Humid,DAP + Urea
Chhattisgarh,Chhattisgarh District,Soybean,Kharif,2018,8016,42164,5.26,Laterite,Medium,Humid,NPK
Chhattisgarh,Chhattisgarh District,Jute,Rabi,2018,25804,97539,3.78,Sandy,Medium,Tropical,Potash
Chhattisgarh,Chhattisgarh District,Bajra,Rabi,2018,3775,9399,2.49,Laterite,Low,Tropical,Urea
Chhattisgarh,Chhattisgarh District,Potato,Kharif,2018,22335,129096,5.78,Black,Low,Humid,Organic + NPK
Chhattisgarh,Chhattisgarh District,Ragi,Zaid,2018,11881,57741,4.86,Sandy,Low,Tropical,DAP + Urea
Chhattisgarh,Chhattisgarh District,Bajra,Zaid,2018,16299,90622,5.56,Clay Loam,Low,Humid,NPK
Chhattisgarh,Chhattisgarh District,Groundnut,Zaid,2019,23367,56080,2.4,Black,Low,Semi-Arid,Organic + NPK
Chhattisgarh,Chhattisgarh District,Tea,Kharif,2019,25165,129851,5.16,Alluvial,Low,Semi-Arid,Organic + NPK
Chhattisgarh,Chhattisgarh District,Banana,Rabi,2019,11306,51781,4.58,Red,High,Humid,Urea
Chhattisgarh,Chhattisgarh District,Apple,Zaid,2019,9539,47504,4.98,Alluvial,Medium,Temperate,Potash
Chhattisgarh,Chhattisgarh District,Jute,Rabi,2019,29364,89853,3.06,Loam,Low,Tropical,Potash
Chhattisgarh,Chhattisgarh District,Potato,Kharif,2019,2262,5134,2.27,Sandy,High,Semi-Arid,Organic + NPK
Chhattisgarh,Chhattisgarh District,Coconut,Kharif,2019,13557,58295,4.3,Laterite,Low,Mountain,DAP + Urea
Chhattisgarh,Chhattisgarh District,Jute,Rabi,2019,22452,127976,5.7,Alluvial,Medium,Temperate,Urea
Chhattisgarh,Chhattisgarh District,Soybean,Zaid,2019,21999,63577,2.89,Sandy,Low,Humid,Organic + NPK
Chhattisgarh,Chhattisgarh District,Cotton,Zaid,2019,8727,45380,5.2,Red,Medium,Temperate,Urea
Chhattisgarh,Chhattisgarh District,Ragi,Rabi,2019,17584,51872,2.95,Alluvial,Medium,Mountain,Potash
Chhattisgarh,Chhattisgarh District,Jowar,Kharif,2019,16792,47857,2.85,Red,Medium,Humid,DAP + Urea
Chhattisgarh,Chhattisgarh District,Bajra,Rabi,2020,13189,72143,5.47,Loam,Medium,Temperate,Urea
Chhattisgarh,Chhattisgarh District,Wheat,Rabi,2020,3539,14580,4.12,Alluvial,High,Humid,NPK
Chhattisgarh,Chhattisgarh District,Coconut,Zaid,2020,26556,52846,1.99,Loam,High,Humid,DAP + Urea
Chhattisgarh,Chhattisgarh District,Rice,Rabi,2020,11784,30520,2.59,Clay Loam,Medium,Temperate,Potash
Chhattisgarh,Chhattisgarh District,Maize,Zaid,2020,1570,4725,3.01,Laterite,Low,Temperate,Organic + NPK
Chhattisgarh,Chhattisgarh District,Apple,Rabi,2020,27694,67573,2.44,Red,High,Temperate,NPK
Chhattisgarh,Chhattisgarh District,Wheat,Zaid,2020,16792,54741,3.26,Loam,High,Tropical,Urea
Chhattisgarh,Chhattisgarh District,Jowar,Kharif,2020,14791,87858,5.94,Black,Medium,Semi-Arid,Potash
Chhattisgarh,Chhattisgarh District,Banana,Zaid,2020,16455,69111,4.2,Clay Loam,High,Tropical,Organic + NPK
Chhattisgarh,Chhattisgarh District,Coffee,Kharif,2020,28878,128218,4.44,Clay Loam,Medium,Tropical,Urea
Chhattisgarh,Chhattisgarh District,Coffee,Kharif,2020,7648,20267,2.65,Red,Low,Humid,NPK
Chhattisgarh,Chhattisgarh District,Groundnut,Rabi,2020,20782,54864,2.64,Loam,Medium,Humid,NPK
Chhattisgarh,Chhattisgarh District,Jowar,Kharif,2021,26355,45857,1.74,Sandy,Medium,Mountain,DAP + Urea
Chhattisgarh,Chhattisgarh District,Cotton,Zaid,2021,1881,8520,4.53,Alluvial,High,Mountain,Organic + NPK
Chhattisgarh,Chhattisgarh District,Rice,Kharif,2021,24311,78281,3.22,Red,Low,Mountain,DAP + Urea
Chhattisgarh,Chhattisgarh District,Maize,Zaid,2021,6228,31202,5.01,Clay Loam,High,Semi-Arid,Potash
Chhattisgarh,Chhattisgarh District,Banana,Rabi,2021,24164,38662,1.6,Loam,Low,Tropical,Potash
Chhattisgarh,Chhattisgarh District,Coconut,Kharif,2021,25553,109366,4.28,Alluvial,High,Semi-Arid,Urea
Chhattisgarh,Chhattisgarh District,Soybean,Zaid,2021,5715,14287,2.5,Laterite,High,Mountain,Organic + NPK
Chhattisgarh,Chhattisgarh District,Bajra,Rabi,2021,6785,25647,3.78,Sandy,Medium,Temperate,Organic + NPK
Chhattisgarh,Chhattisgarh District,Apple,Zaid,2021,8946,49381,5.52,Black,High,Humid,Organic + NPK
Chhattisgarh,Chhattisgarh District,Banana,Zaid,2021,24251,66447,2.74,Black,Low,Mountain,NPK
Chhattisgarh,Chhattisgarh District,Sugarcane,Zaid,2021,7662,20993,2.74,Red,Low,Temperate,NPK
Chhattisgarh,Chhattisgarh District,Apple,Rabi,2021,7680,24960,3.25,Black,High,Humid,Urea
Chhattisgarh,Chhattisgarh District,Wheat,Kharif,2022,25665,42347,1.65,Loam,Medium,Semi-Arid,Organic + NPK
Chhattisgarh,Chhattisgarh District,Tea,Rabi,2022,13793,68965,5,Clay Loam,Low,Humid,Organic + NPK
Chhattisgarh,Chhattisgarh District,Bajra,Zaid,2022,16337,69922,4.28,Red,Low,Semi-Arid,NPK
Chhattisgarh,Chhattisgarh District,Maize,Rabi,2022,9026,16607,1.84,Black,Medium,Humid,NPK
Chhattisgarh,Chhattisgarh District,Bajra,Zaid,2022,11546,61193,5.3,Loam,High,Semi-Arid,Urea
Chhattisgarh,Chhattisgarh District,Coconut,Zaid,2022,14381,70323,4.89,Loam,Medium,Temperate,Urea
Chhattisgarh,Chhattisgarh District,Coffee,Kharif,2022,9977,54873,5.5,Loam,Low,Humid,Organic + NPK
Chhattisgarh,Chhattisgarh District,Banana,Kharif,2022,14570,68041,4.67,Sandy,Medium,Tropical,Urea
Chhattisgarh,Chhattisgarh District,Apple,Kharif,2022,7088,14246,2.01,Sandy,High,Semi-Arid,Urea
Chhattisgarh,Chhattisgarh District,Groundnut,Zaid,2022,22983,48264,2.1,Alluvial,High,Humid,Organic + NPK
Chhattisgarh,Chhattisgarh District,Potato,Kharif,2022,14900,76586,5.14,Laterite,High,Semi-Arid,Potash
Chhattisgarh,Chhattisgarh District,Groundnut,Zaid,2022,1724,6499,3.77,Black,Low,Tropical,Organic + NPK
Chhattisgarh,Chhattisgarh District,Onion,Rabi,2023,928,1410,1.52,Sandy,Low,Tropical,Organic + NPK
Chhattisgarh,Chhattisgarh District,Cotton,Kharif,2023,4675,8415,1.8,Clay Loam,Medium,Humid,DAP + Urea
Chhattisgarh,Chhattisgarh District,Maize,Kharif,2023,6835,38617,5.65,Clay Loam,Medium,Temperate,Urea
Chhattisgarh,Chhattisgarh District,Onion,Zaid,2023,28297,104981,3.71,Alluvial,Medium,Temperate,DAP + Urea
Chhattisgarh,Chhattisgarh District,Maize,Kharif,2023,22865,49845,2.18,Clay Loam,High,Temperate,Potash
Chhattisgarh,Chhattisgarh District,Bajra,Zaid,2023,2638,15722,5.96,Red,Low,Humid,Potash
Chhattisgarh,Chhattisgarh District,Bajra,Rabi,2023,6374,28364,4.45,Laterite,High,Mountain,Potash
Chhattisgarh,Chhattisgarh District,Mustard,Kharif,2023,4633,18485,3.99,Sandy,Medium,Semi-Arid,Organic + NPK
Chhattisgarh,Chhattisgarh District,Mustard,Rabi,2023,15041,68286,4.54,Red,High,Mountain,DAP + Urea
Chhattisgarh,Chhattisgarh District,Wheat,Rabi,2023,25593,144088,5.63,Sandy,High,Semi-Arid,DAP + Urea
Chhattisgarh,Chhattisgarh District,Rubber,Kharif,2023,19273,61288,3.18,Laterite,Low,Mountain,Urea
Chhattisgarh,Chhattisgarh District,Onion,Kharif,2023,9746,40835,4.19,Clay Loam,Low,Humid,NPK
Chhattisgarh,Chhattisgarh District,Maize,Rabi,2024,22000,55440,2.52,Clay Loam,Low,Humid,Urea
Chhattisgarh,Chhattisgarh District,Wheat,Zaid,2024,12809,30997,2.42,Alluvial,Medium,Humid,Potash
Chhattisgarh,Chhattisgarh District,Soybean,Rabi,2024,14546,22691,1.56,Red,Medium,Temperate,NPK
Chhattisgarh,Chhattisgarh District,Groundnut,Rabi,2024,17060,29513,1.73,Black,Low,Mountain,Urea
Chhattisgarh,Chhattisgarh District,Jute,Rabi,2024,12585,49962,3.97,Alluvial,High,Mountain,Urea
Chhattisgarh,Chhattisgarh District,Coffee,Kharif,2024,8282,31720,3.83,Clay Loam,High,Tropical,DAP + Urea
Chhattisgarh,Chhattisgarh District,Ragi,Kharif,2024,1671,9842,5.89,Laterite,High,Temperate,Urea
Chhattisgarh,Chhattisgarh District,Cotton,Zaid,2024,5204,13686,2.63,Laterite,High,Tropical,Potash
Chhattisgarh,Chhattisgarh District,Sugarcane,Rabi,2024,2825,13079,4.63,Sandy,Medium,Humid,DAP + Urea
Chhattisgarh,Chhattisgarh District,Wheat,Rabi,2024,17860,59652,3.34,Black,Low,Temperate,DAP + Urea
Chhattisgarh,Chhattisgarh District,Potato,Zaid,2024,22374,67569,3.02,Red,Medium,Mountain,Potash
Chhattisgarh,Chhattisgarh District,Potato,Kharif,2024,8207,40378,4.92,Red,Low,Mountain,NPK
Chhattisgarh,Chhattisgarh District,Wheat,Zaid,2025,20919,61083,2.92,Loam,Low,Semi-Arid,Potash
Chhattisgarh,Chhattisgarh District,Maize,Zaid,2025,13927,66153,4.75,Alluvial,High,Temperate,Organic + NPK
Chhattisgarh,Chhattisgarh District,Tea,Kharif,2025,15310,90329,5.9,Laterite,Medium,Tropical,Urea
Chhattisgarh,Chhattisgarh District,Tea,Zaid,2025,821,2282,2.78,Red,Medium,Tropical,NPK
Chhattisgarh,Chhattisgarh District,Rubber,Rabi,2025,26600,140714,5.29,Red,High,Temperate,Organic + NPK
Chhattisgarh,Chhattisgarh District,Mustard,Rabi,2025,24891,74175,2.98,Black,Low,Tropical,NPK
Chhattisgarh,Chhattisgarh District,Groundnut,Zaid,2025,20196,72301,3.58,Alluvial,Medium,Mountain,Potash
Chhattisgarh,Chhattisgarh District,Bajra,Kharif,2025,2656,12562,4.73,Sandy,Low,Temperate,Urea
Chhattisgarh,Chhattisgarh District,Tea,Rabi,2025,9346,48038,5.14,Alluvial,Medium,Tropical,Organic + NPK
Chhattisgarh,Chhattisgarh District,Coconut,Zaid,2025,25120,65814,2.62,Clay Loam,Medium,Mountain,Organic + NPK
Chhattisgarh,Chhattisgarh District,Rice,Rabi,2025,690,3539,5.13,Loam,Low,Humid,NPK
Chhattisgarh,Chhattisgarh District,Apple,Zaid,2025,28209,73625,2.61,Sandy,High,Temperate,DAP + Urea
Goa,Goa District,Coffee,Zaid,2016,5049,21458,4.25,Red,Low,Temperate,DAP + Urea
Goa,Goa District,Apple,Kharif,2016,29512,135755,4.6,Black,Low,Mountain,Organic + NPK
Goa,Goa District,Bajra,Kharif,2016,12048,18433,1.53,Loam,Low,Tropical,Urea
Goa,Goa District,Coconut,Zaid,2016,23899,78627,3.29,Black,Medium,Semi-Arid,Organic + NPK
Goa,Goa District,Rubber,Rabi,2016,11962,33732,2.82,Black,Medium,Tropical,Organic + NPK
Goa,Goa District,Mustard,Rabi,2016,23280,123849,5.32,Alluvial,Low,Tropical,Potash
Goa,Goa District,Rubber,Zaid,2016,582,3427,5.89,Black,Low,Semi-Arid,Potash
Goa,Goa District,Coffee,Zaid,2016,7790,32484,4.17,Red,Low,Temperate,DAP + Urea
Goa,Goa District,Maize,Rabi,2016,29522,164142,5.56,Red,Low,Tropical,Potash
Goa,Goa District,Mustard,Zaid,2016,7206,21473,2.98,Clay Loam,Medium,Tropical,Urea
Goa,Goa District,Banana,Kharif,2016,12177,69895,5.74,Black,High,Tropical,Organic + NPK
Goa,Goa District,Groundnut,Rabi,2016,23025,125025,5.43,Clay Loam,Low,Semi-Arid,Urea
Goa,Goa District,Soybean,Zaid,2017,2577,4638,1.8,Red,Medium,Semi-Arid,Organic + NPK
Goa,Goa District,Banana,Zaid,2017,11194,38507,3.44,Clay Loam,High,Tropical,DAP + Urea
Goa,Goa District,Coconut,Rabi,2017,11891,46018,3.87,Red,High,Tropical,Urea
Goa,Goa District,Ragi,Rabi,2017,784,1967,2.51,Laterite,High,Temperate,DAP + Urea
Goa,Goa District,Bajra,Kharif,2017,23611,89485,3.79,Black,High,Humid,NPK
Goa,Goa District,Sugarcane,Kharif,2017,9207,40234,4.37,Black,High,Mountain,Urea
Goa,Goa District,Banana,Rabi,2017,8620,49047,5.69,Alluvial,Low,Semi-Arid,Organic + NPK
Goa,Goa District,Potato,Kharif,2017,10060,48791,4.85,Clay Loam,Medium,Temperate,Potash
Goa,Goa District,Mustard,Zaid,2017,14524,53593,3.69,Loam,Medium,Mountain,Potash
Goa,Goa District,Groundnut,Kharif,2017,2531,11845,4.68,Alluvial,Medium,Temperate,DAP + Urea
Goa,Goa District,Potato,Zaid,2017,17750,78455,4.42,Laterite,Low,Temperate,NPK
Goa,Goa District,Mustard,Kharif,2017,17225,67177,3.9,Loam,Low,Mountain,NPK
Goa,Goa District,Rice,Kharif,2018,5162,20389,3.95,Red,Medium,Temperate,NPK
Goa,Goa District,Bajra,Rabi,2018,29284,172189,5.88,Clay Loam,Low,Mountain,NPK
Goa,Goa District,Rubber,Rabi,2018,1739,8329,4.79,Red,Medium,Semi-Arid,Organic + NPK
Goa,Goa District,Coffee,Kharif,2018,16309,46154,2.83,Clay Loam,High,Tropical,NPK
Goa,Goa District,Coconut,Zaid,2018,2911,7102,2.44,Alluvial,Low,Semi-Arid,NPK
Goa,Goa District,Soybean,Rabi,2018,11668,28819,2.47,Red,Medium,Semi-Arid,Potash
Goa,Goa District,Banana,Zaid,2018,23892,90550,3.79,Laterite,Medium,Tropical,NPK
Goa,Goa District,Maize,Zaid,2018,10358,49200,4.75,Laterite,Low,Humid,Urea
Goa,Goa District,Groundnut,Zaid,2018,21554,91173,4.23,Laterite,Medium,Semi-Arid,DAP + Urea
Goa,Goa District,Mustard,Rabi,2018,16676,26014,1.56,Laterite,Medium,Humid,NPK
Goa,Goa District,Banana,Kharif,2018,24175,111688,4.62,Black,High,Semi-Arid,Urea
Goa,Goa District,Soybean,Zaid,2018,14298,25450,1.78,Sandy,Low,Semi-Arid,Urea
Goa,Goa District,Tea,Kharif,2019,17723,37927,2.14,Clay Loam,High,Temperate,NPK
Goa,Goa District,Banana,Zaid,2019,25930,63528,2.45,Clay Loam,High,Semi-Arid,Organic + NPK
Goa,Goa District,Jowar,Zaid,2019,16081,33930,2.11,Laterite,Medium,Mountain,Organic + NPK
Goa,Goa District,Coconut,Kharif,2019,23823,74565,3.13,Sandy,Medium,Temperate,Urea
Goa,Goa District,Banana,Rabi,2019,29741,107959,3.63,Loam,High,Semi-Arid,Organic + NPK
Goa,Goa District,Bajra,Kharif,2019,28943,101300,3.5,Red,Medium,Humid,Potash
Goa,Goa District,Mustard,Rabi,2019,17180,95692,5.57,Black,Low,Temperate,Organic + NPK
Goa,Goa District,Mustard,Zaid,2019,13992,74157,5.3,Laterite,Medium,Temperate,DAP + Urea
Goa,Goa District,Maize,Zaid,2019,3279,7344,2.24,Loam,Medium,Temperate,Organic + NPK
Goa,Goa District,Apple,Rabi,2019,13320,36097,2.71,Black,Low,Semi-Arid,Organic + NPK
Goa,Goa District,Jowar,Kharif,2019,23060,77942,3.38,Loam,High,Temperate,NPK
Goa,Goa District,Groundnut,Rabi,2019,17485,64519,3.69,Alluvial,Low,Humid,Organic + NPK
Goa,Goa District,Jowar,Rabi,2020,1679,9956,5.93,Sandy,Medium,Tropical,Organic + NPK
Goa,Goa District,Jowar,Rabi,2020,18811,81263,4.32,Loam,Medium,Temperate,Organic + NPK
Goa,Goa District,Potato,Kharif,2020,11582,46328,4,Loam,Low,Temperate,DAP + Urea
Goa,Goa District,Coffee,Rabi,2020,11086,33590,3.03,Black,Medium,Tropical,Organic + NPK
Goa,Goa District,Rice,Zaid,2020,18306,79997,4.37,Alluvial,Medium,Mountain,Urea
Goa,Goa District,Rice,Rabi,2020,26962,115397,4.28,Alluvial,Low,Mountain,Potash
Goa,Goa District,Rice,Rabi,2020,26443,85410,3.23,Sandy,Low,Humid,Potash
Goa,Goa District,Wheat,Zaid,2020,27621,92254,3.34,Red,Low,Tropical,DAP + Urea
Goa,Goa District,Jute,Zaid,2020,15927,41888,2.63,Clay Loam,Low,Semi-Arid,Urea
Goa,Goa District,Onion,Kharif,2020,17419,49295,2.83,Alluvial,Medium,Temperate,Organic + NPK
Goa,Goa District,Soybean,Kharif,2020,3212,11402,3.55,Clay Loam,High,Humid,NPK
Goa,Goa District,Soybean,Kharif,2020,20237,59294,2.93,Red,Low,Temperate,Organic + NPK
Goa,Goa District,Onion,Rabi,2021,19615,113570,5.79,Clay Loam,Medium,Mountain,Urea
Goa,Goa District,Coffee,Zaid,2021,12430,47979,3.86,Clay Loam,Medium,Temperate,DAP + Urea
Goa,Goa District,Rice,Zaid,2021,6239,18030,2.89,Loam,Low,Temperate,DAP + Urea
Goa,Goa District,Mustard,Kharif,2021,15489,78374,5.06,Laterite,High,Mountain,Urea
Goa,Goa District,Coffee,Rabi,2021,20510,89833,4.38,Clay Loam,High,Mountain,Urea
Goa,Goa District,Jute,Zaid,2021,9679,35328,3.65,Loam,Low,Semi-Arid,NPK
Goa,Goa District,Bajra,Rabi,2021,20488,102849,5.02,Black,Low,Semi-Arid,Urea
Goa,Goa District,Wheat,Zaid,2021,11887,55750,4.69,Black,Medium,Mountain,Potash
Goa,Goa District,Jute,Zaid,2021,11339,24832,2.19,Loam,High,Tropical,Potash
Goa,Goa District,Coffee,Kharif,2021,22476,118673,5.28,Alluvial,Low,Tropical,NPK
Goa,Goa District,Cotton,Kharif,2021,18469,48573,2.63,Sandy,Medium,Humid,Organic + NPK
Goa,Goa District,Tea,Kharif,2021,7060,36853,5.22,Laterite,Low,Humid,NPK
Goa,Goa District,Coconut,Zaid,2022,15269,80009,5.24,Alluvial,Low,Tropical,DAP + Urea
Goa,Goa District,Coconut,Zaid,2022,25624,142981,5.58,Black,Low,Tropical,DAP + Urea
Goa,Goa District,Rubber,Rabi,2022,29589,112734,3.81,Loam,High,Humid,Organic + NPK
Goa,Goa District,Cotton,Rabi,2022,15322,26660,1.74,Black,Low,Mountain,Organic + NPK
Goa,Goa District,Rice,Kharif,2022,28176,61141,2.17,Black,Medium,Mountain,Urea
Goa,Goa District,Jute,Kharif,2022,6786,38340,5.65,Red,Low,Temperate,DAP + Urea
Goa,Goa District,Groundnut,Rabi,2022,8480,35276,4.16,Alluvial,Low,Temperate,Potash
Goa,Goa District,Tea,Rabi,2022,21854,95501,4.37,Sandy,Low,Tropical,Organic + NPK
Goa,Goa District,Mustard,Rabi,2022,12846,67056,5.22,Clay Loam,Low,Humid,DAP + Urea
Goa,Goa District,Jowar,Zaid,2022,27598,157584,5.71,Alluvial,Medium,Mountain,NPK
Goa,Goa District,Soybean,Kharif,2022,14919,49232,3.3,Alluvial,Medium,Semi-Arid,NPK
Goa,Goa District,Jowar,Rabi,2022,23242,83903,3.61,Black,Low,Semi-Arid,Potash
Goa,Goa District,Soybean,Zaid,2023,17505,84374,4.82,Loam,Low,Temperate,Urea
Goa,Goa District,Soybean,Kharif,2023,23989,75325,3.14,Alluvial,Low,Tropical,Organic + NPK
Goa,Goa District,Maize,Rabi,2023,23297,39371,1.69,Red,High,Semi-Arid,Urea
Goa,Goa District,Rubber,Zaid,2023,27313,97507,3.57,Clay Loam,High,Mountain,Urea
Goa,Goa District,Tea,Zaid,2023,1785,4319,2.42,Red,Low,Mountain,NPK
Goa,Goa District,Coconut,Kharif,2023,27970,67128,2.4,Sandy,Low,Temperate,DAP + Urea
Goa,Goa District,Coffee,Rabi,2023,6887,19696,2.86,Loam,Medium,Temperate,NPK
Goa,Goa District,Mustard,Kharif,2023,20049,55134,2.75,Sandy,High,Tropical,NPK
Goa,Goa District,Tea,Zaid,2023,24376,139430,5.72,Clay Loam,Medium,Semi-Arid,Urea
Goa,Goa District,Sugarcane,Kharif,2023,7907,33209,4.2,Alluvial,Low,Temperate,DAP + Urea
Goa,Goa District,Coconut,Rabi,2023,5105,24810,4.86,Clay Loam,Medium,Tropical,NPK
Goa,Goa District,Onion,Zaid,2023,15422,78652,5.1,Red,Medium,Humid,Organic + NPK
Goa,Goa District,Tea,Kharif,2024,29399,167868,5.71,Laterite,Medium,Humid,NPK
Goa,Goa District,Potato,Rabi,2024,16221,44445,2.74,Red,High,Semi-Arid,Urea
Goa,Goa District,Banana,Zaid,2024,29465,118743,4.03,Black,Low,Mountain,NPK
Goa,Goa District,Coffee,Kharif,2024,8905,21015,2.36,Loam,Low,Mountain,DAP + Urea
Goa,Goa District,Coconut,Zaid,2024,14317,57983,4.05,Loam,Low,Tropical,Organic + NPK
Goa,Goa District,Mustard,Zaid,2024,23515,137092,5.83,Sandy,Low,Semi-Arid,Urea
Goa,Goa District,Rice,Kharif,2024,5236,15027,2.87,Black,Medium,Tropical,Urea
Goa,Goa District,Potato,Zaid,2024,25073,93522,3.73,Loam,Low,Semi-Arid,NPK
Goa,Goa District,Jowar,Zaid,2024,14046,50425,3.59,Clay Loam,Medium,Semi-Arid,NPK
Goa,Goa District,Bajra,Rabi,2024,20186,35931,1.78,Red,High,Tropical,DAP + Urea
Goa,Goa District,Onion,Zaid,2024,2300,5704,2.48,Alluvial,Low,Humid,Urea
Goa,Goa District,Potato,Kharif,2024,26084,152069,5.83,Clay Loam,Medium,Mountain,NPK
Goa,Goa District,Coconut,Kharif,2025,12477,70619,5.66,Sandy,Medium,Semi-Arid,Potash
Goa,Goa District,Ragi,Zaid,2025,22805,63169,2.77,Alluvial,High,Temperate,NPK
Goa,Goa District,Maize,Kharif,2025,29447,172264,5.85,Clay Loam,High,Humid,Urea
Goa,Goa District,Potato,Kharif,2025,5361,26590,4.96,Loam,Low,Semi-Arid,NPK
Goa,Goa District,Maize,Zaid,2025,12167,53169,4.37,Sandy,Medium,Humid,Organic + NPK
Goa,Goa District,Tea,Rabi,2025,10660,35497,3.33,Laterite,Medium,Humid,Potash
Goa,Goa District,Coconut,Zaid,2025,5464,27866,5.1,Laterite,Medium,Humid,Urea
Goa,Goa District,Banana,Rabi,2025,15951,67313,4.22,Clay Loam,Medium,Humid,Urea
Goa,Goa District,Cotton,Zaid,2025,15142,32555,2.15,Loam,Medium,Temperate,DAP + Urea
Goa,Goa District,Ragi,Zaid,2025,26061,47431,1.82,Clay Loam,High,Humid,DAP + Urea
Goa,Goa District,Coconut,Rabi,2025,20999,70136,3.34,Black,High,Tropical,Urea
Goa,Goa District,Tea,Rabi,2025,3154,16526,5.24,Loam,Medium,Semi-Arid,NPK
Gujarat,Gujarat District,Coconut,Kharif,2016,8793,32446,3.69,Red,Low,Temperate,Urea
Gujarat,Gujarat District,Sugarcane,Rabi,2016,4132,20783,5.03,Black,Medium,Mountain,Urea
Gujarat,Gujarat District,Potato,Kharif,2016,5559,31853,5.73,Sandy,Low,Temperate,Urea
Gujarat,Gujarat District,Ragi,Rabi,2016,21594,104299,4.83,Red,Low,Semi-Arid,NPK
Gujarat,Gujarat District,Soybean,Rabi,2016,1374,7927,5.77,Laterite,Medium,Temperate,Organic + NPK
Gujarat,Gujarat District,Coconut,Rabi,2016,11968,64507,5.39,Sandy,High,Humid,NPK
Gujarat,Gujarat District,Tea,Kharif,2016,1613,8387,5.2,Loam,High,Tropical,Potash
Gujarat,Gujarat District,Bajra,Rabi,2016,1055,2806,2.66,Alluvial,Medium,Semi-Arid,Organic + NPK
Gujarat,Gujarat District,Onion,Rabi,2016,9663,30728,3.18,Alluvial,Low,Semi-Arid,Urea
Gujarat,Gujarat District,Ragi,Rabi,2016,29677,45405,1.53,Loam,Low,Temperate,Organic + NPK
Gujarat,Gujarat District,Cotton,Kharif,2016,7180,26422,3.68,Red,Medium,Temperate,DAP + Urea
Gujarat,Gujarat District,Apple,Rabi,2016,2506,10575,4.22,Loam,High,Semi-Arid,Urea
Gujarat,Gujarat District,Jute,Kharif,2017,12466,42633,3.42,Black,Medium,Tropical,Organic + NPK
Gujarat,Gujarat District,Sugarcane,Zaid,2017,22409,72381,3.23,Loam,Medium,Humid,DAP + Urea
Gujarat,Gujarat District,Soybean,Rabi,2017,2743,13989,5.1,Laterite,Medium,Humid,Urea
Gujarat,Gujarat District,Onion,Rabi,2017,3124,11621,3.72,Loam,High,Tropical,Potash
Gujarat,Gujarat District,Cotton,Zaid,2017,29733,100200,3.37,Black,Medium,Tropical,Urea
Gujarat,Gujarat District,Onion,Kharif,2017,7651,44069,5.76,Clay Loam,High,Mountain,NPK
Gujarat,Gujarat District,Sugarcane,Kharif,2017,3185,14014,4.4,Loam,High,Mountain,Organic + NPK
Gujarat,Gujarat District,Coconut,Rabi,2017,22884,75059,3.28,Sandy,High,Semi-Arid,Organic + NPK
Gujarat,Gujarat District,Coconut,Zaid,2017,14938,49146,3.29,Clay Loam,Low,Semi-Arid,Potash
Gujarat,Gujarat District,Jute,Rabi,2017,13184,70929,5.38,Red,High,Temperate,Organic + NPK
Gujarat,Gujarat District,Wheat,Kharif,2017,3600,18036,5.01,Loam,High,Tropical,NPK
Gujarat,Gujarat District,Ragi,Rabi,2017,11573,19558,1.69,Laterite,High,Tropical,Urea
Gujarat,Gujarat District,Onion,Zaid,2018,19041,63025,3.31,Laterite,Low,Tropical,DAP + Urea
Gujarat,Gujarat District,Mustard,Zaid,2018,29169,109967,3.77,Laterite,Medium,Temperate,Organic + NPK
Gujarat,Gujarat District,Apple,Kharif,2018,5062,20551,4.06,Clay Loam,Low,Temperate,Potash
Gujarat,Gujarat District,Mustard,Kharif,2018,24307,134174,5.52,Alluvial,Low,Semi-Arid,Potash
Gujarat,Gujarat District,Rubber,Zaid,2018,26308,82607,3.14,Laterite,High,Tropical,Urea
Gujarat,Gujarat District,Mustard,Rabi,2018,23785,76349,3.21,Clay Loam,Low,Mountain,Organic + NPK
Gujarat,Gujarat District,Sugarcane,Kharif,2018,26932,102610,3.81,Laterite,Medium,Temperate,Potash
Gujarat,Gujarat District,Rubber,Zaid,2018,19102,103150,5.4,Red,Medium,Tropical,NPK
Gujarat,Gujarat District,Tea,Rabi,2018,13769,48053,3.49,Loam,High,Semi-Arid,Urea
Gujarat,Gujarat District,Coffee,Kharif,2018,18089,29485,1.63,Sandy,Medium,Humid,DAP + Urea
Gujarat,Gujarat District,Sugarcane,Zaid,2018,1141,3502,3.07,Black,High,Semi-Arid,NPK
Gujarat,Gujarat District,Mustard,Zaid,2018,5242,18713,3.57,Alluvial,Low,Humid,Urea
Gujarat,Gujarat District,Tea,Rabi,2019,6623,16888,2.55,Loam,Medium,Mountain,Potash
Gujarat,Gujarat District,Rubber,Kharif,2019,20006,55416,2.77,Alluvial,Medium,Semi-Arid,DAP + Urea
Gujarat,Gujarat District,Soybean,Kharif,2019,6954,16133,2.32,Red,Low,Semi-Arid,Potash
Gujarat,Gujarat District,Jowar,Rabi,2019,24922,123613,4.96,Laterite,High,Tropical,Organic + NPK
Gujarat,Gujarat District,Apple,Zaid,2019,12191,30965,2.54,Clay Loam,Low,Semi-Arid,Potash
Gujarat,Gujarat District,Cotton,Kharif,2019,9748,55271,5.67,Red,Medium,Humid,NPK
Gujarat,Gujarat District,Cotton,Zaid,2019,6665,17728,2.66,Alluvial,Low,Tropical,Urea
Gujarat,Gujarat District,Jowar,Zaid,2019,7788,30061,3.86,Alluvial,High,Tropical,Potash
Gujarat,Gujarat District,Cotton,Kharif,2019,28453,68571,2.41,Alluvial,Medium,Temperate,DAP + Urea
Gujarat,Gujarat District,Rubber,Zaid,2019,11005,19038,1.73,Clay Loam,Medium,Humid,Potash
Gujarat,Gujarat District,Cotton,Zaid,2019,18306,105259,5.75,Clay Loam,Low,Temperate,NPK
Gujarat,Gujarat District,Rubber,Rabi,2019,16609,42020,2.53,Alluvial,High,Humid,DAP + Urea
Gujarat,Gujarat District,Bajra,Kharif,2020,21469,72779,3.39,Alluvial,Low,Humid,Potash
Gujarat,Gujarat District,Groundnut,Kharif,2020,2363,7018,2.97,Alluvial,Low,Humid,DAP + Urea
Gujarat,Gujarat District,Rice,Zaid,2020,24262,68176,2.81,Loam,High,Semi-Arid,Organic + NPK
Gujarat,Gujarat District,Banana,Rabi,2020,3429,8229,2.4,Loam,High,Tropical,Organic + NPK
Gujarat,Gujarat District,Cotton,Rabi,2020,12297,29143,2.37,Laterite,Medium,Humid,Potash
Gujarat,Gujarat District,Banana,Kharif,2020,28886,53439,1.85,Alluvial,Low,Tropical,Organic + NPK
Gujarat,Gujarat District,Potato,Zaid,2020,12617,23467,1.86,Sandy,High,Humid,DAP + Urea
Gujarat,Gujarat District,Onion,Zaid,2020,9792,48764,4.98,Red,Low,Temperate,Urea
Gujarat,Gujarat District,Soybean,Kharif,2020,15701,90437,5.76,Sandy,Low,Semi-Arid,NPK
Gujarat,Gujarat District,Coffee,Rabi,2020,5544,22564,4.07,Red,High,Mountain,Potash
Gujarat,Gujarat District,Jute,Kharif,2020,28652,92832,3.24,Loam,Medium,Semi-Arid,Urea
Gujarat,Gujarat District,Coffee,Rabi,2020,29562,72722,2.46,Black,High,Humid,Organic + NPK
Gujarat,Gujarat District,Soybean,Zaid,2021,29516,123672,4.19,Laterite,Medium,Humid,NPK
Gujarat,Gujarat District,Cotton,Rabi,2021,7186,40816,5.68,Loam,Medium,Mountain,NPK
Gujarat,Gujarat District,Wheat,Rabi,2021,23744,84528,3.56,Laterite,High,Temperate,Organic + NPK
Gujarat,Gujarat District,Bajra,Kharif,2021,20662,45456,2.2,Red,Low,Humid,Organic + NPK
Gujarat,Gujarat District,Soybean,Rabi,2021,25374,52016,2.05,Black,Medium,Temperate,Potash
Gujarat,Gujarat District,Onion,Kharif,2021,3411,18658,5.47,Laterite,Low,Semi-Arid,Organic + NPK
Gujarat,Gujarat District,Apple,Zaid,2021,25434,97157,3.82,Black,High,Tropical,Potash
Gujarat,Gujarat District,Mustard,Rabi,2021,25218,147273,5.84,Laterite,Medium,Humid,Organic + NPK
Gujarat,Gujarat District,Onion,Zaid,2021,29088,44795,1.54,Sandy,High,Humid,NPK
Gujarat,Gujarat District,Coffee,Kharif,2021,24764,95341,3.85,Black,High,Humid,NPK
Gujarat,Gujarat District,Coconut,Rabi,2021,4239,19838,4.68,Alluvial,Medium,Tropical,Potash
Gujarat,Gujarat District,Maize,Rabi,2021,7790,43312,5.56,Clay Loam,High,Humid,Organic + NPK
Gujarat,Gujarat District,Bajra,Kharif,2022,8415,50237,5.97,Sandy,Low,Semi-Arid,Potash
Gujarat,Gujarat District,Wheat,Kharif,2022,8570,20139,2.35,Clay Loam,Medium,Temperate,NPK
Gujarat,Gujarat District,Soybean,Zaid,2022,14283,24852,1.74,Red,High,Humid,Organic + NPK
Gujarat,Gujarat District,Coconut,Rabi,2022,7967,24538,3.08,Alluvial,Low,Semi-Arid,DAP + Urea
Gujarat,Gujarat District,Tea,Kharif,2022,21020,122126,5.81,Laterite,High,Semi-Arid,Urea
Gujarat,Gujarat District,Bajra,Zaid,2022,2902,10331,3.56,Black,Medium,Tropical,Potash
Gujarat,Gujarat District,Tea,Rabi,2022,14385,81562,5.67,Loam,Medium,Humid,Urea
Gujarat,Gujarat District,Potato,Zaid,2022,25161,38999,1.55,Sandy,Low,Tropical,DAP + Urea
Gujarat,Gujarat District,Bajra,Zaid,2022,12467,31292,2.51,Black,Medium,Humid,Organic + NPK
Gujarat,Gujarat District,Wheat,Rabi,2022,23528,106346,4.52,Clay Loam,Medium,Humid,Potash
Gujarat,Gujarat District,Banana,Rabi,2022,13895,39739,2.86,Laterite,Low,Tropical,NPK
Gujarat,Gujarat District,Onion,Kharif,2022,9330,45157,4.84,Laterite,High,Mountain,DAP + Urea
Gujarat,Gujarat District,Mustard,Rabi,2023,9640,18412,1.91,Loam,High,Humid,Organic + NPK
Gujarat,Gujarat District,Apple,Kharif,2023,16415,95699,5.83,Laterite,Low,Temperate,Urea
Gujarat,Gujarat District,Sugarcane,Zaid,2023,17364,101926,5.87,Sandy,High,Tropical,NPK
Gujarat,Gujarat District,Maize,Rabi,2023,11091,28836,2.6,Alluvial,Low,Tropical,Urea
Gujarat,Gujarat District,Cotton,Kharif,2023,3304,15165,4.59,Sandy,Low,Temperate,Urea
Gujarat,Gujarat District,Cotton,Rabi,2023,23092,85902,3.72,Red,Low,Mountain,Organic + NPK
Gujarat,Gujarat District,Onion,Kharif,2023,21266,43382,2.04,Sandy,High,Mountain,Potash
Gujarat,Gujarat District,Apple,Zaid,2023,12468,20572,1.65,Loam,High,Temperate,NPK
Gujarat,Gujarat District,Coffee,Zaid,2023,1873,3933,2.1,Laterite,High,Tropical,Potash
Gujarat,Gujarat District,Rubber,Rabi,2023,10593,31567,2.98,Laterite,Low,Semi-Arid,Organic + NPK
Gujarat,Gujarat District,Rice,Kharif,2023,21789,97614,4.48,Red,High,Temperate,Potash
Gujarat,Gujarat District,Banana,Rabi,2023,12885,20100,1.56,Alluvial,High,Mountain,NPK
Gujarat,Gujarat District,Mustard,Zaid,2024,2550,8644,3.39,Laterite,High,Humid,Potash
Gujarat,Gujarat District,Wheat,Zaid,2024,5209,19377,3.72,Red,Low,Mountain,NPK
Gujarat,Gujarat District,Soybean,Kharif,2024,9275,36543,3.94,Laterite,High,Mountain,Urea
Gujarat,Gujarat District,Cotton,Rabi,2024,5335,15578,2.92,Red,High,Semi-Arid,Potash
Gujarat,Gujarat District,Tea,Zaid,2024,23629,131613,5.57,Clay Loam,High,Tropical,NPK
Gujarat,Gujarat District,Soybean,Zaid,2024,18495,46237,2.5,Loam,Medium,Semi-Arid,Potash
Gujarat,Gujarat District,Sugarcane,Kharif,2024,3217,5243,1.63,Sandy,High,Humid,DAP + Urea
Gujarat,Gujarat District,Soybean,Kharif,2024,17833,39945,2.24,Clay Loam,Low,Tropical,Organic + NPK
Gujarat,Gujarat District,Bajra,Zaid,2024,19716,108240,5.49,Red,Medium,Semi-Arid,Organic + NPK
Gujarat,Gujarat District,Soybean,Rabi,2024,548,2334,4.26,Black,Low,Semi-Arid,NPK
Gujarat,Gujarat District,Groundnut,Kharif,2024,1049,2821,2.69,Laterite,High,Temperate,DAP + Urea
Gujarat,Gujarat District,Coconut,Kharif,2024,29723,133159,4.48,Laterite,High,Semi-Arid,NPK
Gujarat,Gujarat District,Groundnut,Zaid,2025,19641,103115,5.25,Black,Low,Tropical,Organic + NPK
Gujarat,Gujarat District,Cotton,Rabi,2025,18432,60272,3.27,Black,High,Temperate,DAP + Urea
Gujarat,Gujarat District,Potato,Rabi,2025,27368,159281,5.82,Sandy,High,Tropical,Urea
Gujarat,Gujarat District,Groundnut,Rabi,2025,26363,157914,5.99,Red,Medium,Semi-Arid,DAP + Urea
Gujarat,Gujarat District,Banana,Kharif,2025,23588,40099,1.7,Loam,Low,Humid,DAP + Urea
Gujarat,Gujarat District,Coconut,Zaid,2025,27641,158382,5.73,Loam,Medium,Temperate,Organic + NPK
Gujarat,Gujarat District,Jute,Kharif,2025,29312,98195,3.35,Laterite,High,Mountain,Organic + NPK
Gujarat,Gujarat District,Wheat,Kharif,2025,8119,20297,2.5,Laterite,Low,Mountain,NPK
Gujarat,Gujarat District,Coconut,Zaid,2025,14453,55065,3.81,Laterite,Low,Temperate,NPK
Gujarat,Gujarat District,Coffee,Kharif,2025,7336,28977,3.95,Laterite,High,Mountain,Potash
Gujarat,Gujarat District,Potato,Rabi,2025,20269,73373,3.62,Loam,Low,Semi-Arid,Organic + NPK
Gujarat,Gujarat District,Potato,Rabi,2025,26570,153840,5.79,Sandy,Low,Semi-Arid,Potash
Haryana,Haryana District,Mustard,Kharif,2016,6736,12394,1.84,Alluvial,Medium,Semi-Arid,DAP + Urea
Haryana,Haryana District,Jute,Kharif,2016,21520,57028,2.65,Laterite,Medium,Semi-Arid,Urea
Haryana,Haryana District,Coconut,Kharif,2016,7195,12591,1.75,Black,Low,Humid,Potash
Haryana,Haryana District,Jowar,Rabi,2016,20512,120200,5.86,Laterite,High,Humid,Organic + NPK
Haryana,Haryana District,Ragi,Rabi,2016,8996,22669,2.52,Loam,Medium,Tropical,Potash
Haryana,Haryana District,Soybean,Kharif,2016,26689,133445,5,Loam,High,Temperate,DAP + Urea
Haryana,Haryana District,Tea,Zaid,2016,29360,63124,2.15,Sandy,Medium,Semi-Arid,Organic + NPK
Haryana,Haryana District,Rice,Kharif,2016,14154,41329,2.92,Red,Low,Temperate,Urea
Haryana,Haryana District,Soybean,Zaid,2016,13604,58089,4.27,Alluvial,High,Semi-Arid,DAP + Urea
Haryana,Haryana District,Sugarcane,Rabi,2016,5043,25971,5.15,Alluvial,Medium,Mountain,Potash
Haryana,Haryana District,Mustard,Zaid,2016,15796,78506,4.97,Alluvial,Low,Tropical,Organic + NPK
Haryana,Haryana District,Wheat,Rabi,2016,19016,67887,3.57,Laterite,Low,Temperate,Potash
Haryana,Haryana District,Wheat,Rabi,2017,11647,27836,2.39,Loam,Low,Mountain,Urea
Haryana,Haryana District,Potato,Rabi,2017,24844,132170,5.32,Alluvial,Low,Temperate,NPK
Haryana,Haryana District,Jowar,Kharif,2017,14224,65714,4.62,Loam,Low,Semi-Arid,Organic + NPK
Haryana,Haryana District,Potato,Kharif,2017,29899,64880,2.17,Black,Medium,Mountain,DAP + Urea
Haryana,Haryana District,Jowar,Zaid,2017,28869,148386,5.14,Black,High,Temperate,NPK
Haryana,Haryana District,Soybean,Rabi,2017,20353,64926,3.19,Loam,Medium,Tropical,Urea
Haryana,Haryana District,Maize,Rabi,2017,5652,21025,3.72,Red,Low,Tropical,Urea
Haryana,Haryana District,Rubber,Zaid,2017,12178,37142,3.05,Clay Loam,High,Mountain,DAP + Urea
Haryana,Haryana District,Onion,Zaid,2017,4882,12644,2.59,Alluvial,Low,Humid,Organic + NPK
Haryana,Haryana District,Onion,Zaid,2017,15696,87269,5.56,Laterite,Low,Semi-Arid,Urea
Haryana,Haryana District,Cotton,Kharif,2017,1371,4675,3.41,Red,High,Semi-Arid,DAP + Urea
Haryana,Haryana District,Banana,Zaid,2017,22533,74358,3.3,Loam,Low,Temperate,Urea
Haryana,Haryana District,Ragi,Kharif,2018,12377,43319,3.5,Sandy,Low,Mountain,Organic + NPK
Haryana,Haryana District,Groundnut,Rabi,2018,4957,8625,1.74,Black,High,Tropical,NPK
Haryana,Haryana District,Rice,Rabi,2018,16141,89259,5.53,Sandy,Medium,Temperate,Urea
Haryana,Haryana District,Groundnut,Rabi,2018,3899,10098,2.59,Black,Low,Tropical,DAP + Urea
Haryana,Haryana District,Coconut,Rabi,2018,22269,61907,2.78,Sandy,Medium,Humid,NPK
Haryana,Haryana District,Rubber,Rabi,2018,5049,13985,2.77,Sandy,High,Mountain,Organic + NPK
Haryana,Haryana District,Wheat,Rabi,2018,10232,24454,2.39,Clay Loam,High,Mountain,DAP + Urea
Haryana,Haryana District,Rice,Kharif,2018,10763,61456,5.71,Alluvial,Medium,Humid,Organic + NPK
Haryana,Haryana District,Wheat,Zaid,2018,5087,23501,4.62,Clay Loam,Medium,Humid,Organic + NPK
Haryana,Haryana District,Coffee,Kharif,2018,6365,34307,5.39,Laterite,Medium,Temperate,Potash
Haryana,Haryana District,Mustard,Zaid,2018,27193,99526,3.66,Laterite,High,Semi-Arid,NPK
Haryana,Haryana District,Jowar,Rabi,2018,25433,48577,1.91,Sandy,Low,Mountain,Urea
Haryana,Haryana District,Jute,Kharif,2019,21453,45694,2.13,Alluvial,High,Mountain,Urea
Haryana,Haryana District,Banana,Kharif,2019,20151,78991,3.92,Alluvial,High,Humid,Urea
Haryana,Haryana District,Banana,Rabi,2019,29249,165256,5.65,Clay Loam,Medium,Mountain,Organic + NPK
Haryana,Haryana District,Potato,Kharif,2019,12474,50519,4.05,Laterite,Low,Semi-Arid,Organic + NPK
Haryana,Haryana District,Bajra,Kharif,2019,24284,141575,5.83,Alluvial,High,Humid,Organic + NPK
Haryana,Haryana District,Potato,Rabi,2019,25843,42640,1.65,Laterite,High,Temperate,NPK
Haryana,Haryana District,Banana,Zaid,2019,17880,106207,5.94,Black,Low,Mountain,Potash
Haryana,Haryana District,Potato,Zaid,2019,11620,32419,2.79,Clay Loam,Low,Mountain,DAP + Urea
Haryana,Haryana District,Cotton,Zaid,2019,22809,108114,4.74,Clay Loam,Medium,Temperate,Potash
Haryana,Haryana District,Rubber,Kharif,2019,22354,126076,5.64,Alluvial,Low,Tropical,NPK
Haryana,Haryana District,Maize,Rabi,2019,13175,66270,5.03,Black,Low,Tropical,Urea
Haryana,Haryana District,Wheat,Rabi,2019,8557,15231,1.78,Alluvial,Medium,Humid,Potash
Haryana,Haryana District,Apple,Zaid,2020,4879,26102,5.35,Loam,Low,Humid,Urea
Haryana,Haryana District,Rice,Rabi,2020,15825,40512,2.56,Clay Loam,Low,Semi-Arid,Potash
Haryana,Haryana District,Banana,Zaid,2020,12820,20383,1.59,Red,Low,Semi-Arid,Urea
Haryana,Haryana District,Coffee,Kharif,2020,12598,21668,1.72,Laterite,High,Semi-Arid,Potash
Haryana,Haryana District,Groundnut,Kharif,2020,23136,49742,2.15,Black,Medium,Semi-Arid,Organic + NPK
Haryana,Haryana District,Rice,Rabi,2020,29501,92633,3.14,Loam,Low,Semi-Arid,DAP + Urea
Haryana,Haryana District,Wheat,Zaid,2020,29127,62331,2.14,Red,Medium,Humid,NPK
Haryana,Haryana District,Maize,Rabi,2020,4682,9925,2.12,Black,Low,Semi-Arid,DAP + Urea
Haryana,Haryana District,Coconut,Zaid,2020,12704,26551,2.09,Black,Medium,Tropical,Potash
Haryana,Haryana District,Groundnut,Kharif,2020,24539,141344,5.76,Alluvial,High,Temperate,Urea
Haryana,Haryana District,Jowar,Kharif,2020,17308,84809,4.9,Alluvial,High,Mountain,Potash
Haryana,Haryana District,Onion,Rabi,2020,23755,81004,3.41,Loam,Medium,Mountain,Urea
Haryana,Haryana District,Rubber,Kharif,2021,21692,89154,4.11,Clay Loam,Medium,Tropical,Organic + NPK
Haryana,Haryana District,Mustard,Kharif,2021,26054,44291,1.7,Black,Low,Semi-Arid,Urea
Haryana,Haryana District,Cotton,Zaid,2021,27589,111459,4.04,Loam,Low,Semi-Arid,Potash
Haryana,Haryana District,Cotton,Zaid,2021,22973,134392,5.85,Sandy,Low,Semi-Arid,Urea
Haryana,Haryana District,Tea,Zaid,2021,22500,35775,1.59,Sandy,Medium,Semi-Arid,NPK
Haryana,Haryana District,Mustard,Kharif,2021,20489,113509,5.54,Clay Loam,High,Semi-Arid,NPK
Haryana,Haryana District,Ragi,Rabi,2021,3334,19403,5.82,Loam,High,Humid,DAP + Urea
Haryana,Haryana District,Onion,Kharif,2021,21415,37904,1.77,Black,High,Temperate,DAP + Urea
Haryana,Haryana District,Rice,Kharif,2021,20686,80882,3.91,Alluvial,High,Humid,Urea
Haryana,Haryana District,Wheat,Zaid,2021,22982,124102,5.4,Loam,High,Tropical,Urea
Haryana,Haryana District,Rubber,Zaid,2021,19074,107195,5.62,Alluvial,Medium,Humid,Urea
Haryana,Haryana District,Maize,Kharif,2021,11875,21256,1.79,Sandy,High,Tropical,Potash
Haryana,Haryana District,Coffee,Kharif,2022,6845,27790,4.06,Black,Medium,Tropical,Organic + NPK
Haryana,Haryana District,Potato,Rabi,2022,28608,129594,4.53,Clay Loam,Low,Mountain,Potash
Haryana,Haryana District,Groundnut,Kharif,2022,16887,94736,5.61,Red,Low,Mountain,NPK
Haryana,Haryana District,Banana,Zaid,2022,11059,43351,3.92,Loam,High,Humid,Urea
Haryana,Haryana District,Jowar,Zaid,2022,25302,95641,3.78,Laterite,High,Temperate,Organic + NPK
Haryana,Haryana District,Banana,Kharif,2022,9333,52451,5.62,Sandy,High,Humid,NPK
Haryana,Haryana District,Banana,Kharif,2022,28980,95054,3.28,Laterite,High,Humid,Organic + NPK
Haryana,Haryana District,Sugarcane,Kharif,2022,19435,54418,2.8,Black,Medium,Mountain,Potash
Haryana,Haryana District,Maize,Rabi,2022,13679,61965,4.53,Alluvial,High,Humid,DAP + Urea
Haryana,Haryana District,Ragi,Rabi,2022,3140,17678,5.63,Alluvial,Low,Temperate,Urea
Haryana,Haryana District,Ragi,Kharif,2022,15648,52107,3.33,Clay Loam,High,Semi-Arid,NPK
Haryana,Haryana District,Coconut,Zaid,2022,7011,22925,3.27,Loam,Medium,Mountain,Potash
Haryana,Haryana District,Cotton,Rabi,2023,4867,26087,5.36,Alluvial,Low,Tropical,Urea
Haryana,Haryana District,Rice,Rabi,2023,11836,45213,3.82,Red,Low,Temperate,Urea
Haryana,Haryana District,Apple,Rabi,2023,7520,33689,4.48,Red,High,Semi-Arid,Organic + NPK
Haryana,Haryana District,Bajra,Kharif,2023,5794,16512,2.85,Sandy,High,Mountain,Potash
Haryana,Haryana District,Maize,Zaid,2023,17837,76342,4.28,Clay Loam,High,Temperate,NPK
Haryana,Haryana District,Jute,Zaid,2023,4433,15604,3.52,Black,Low,Humid,Potash
Haryana,Haryana District,Coffee,Kharif,2023,19564,49105,2.51,Sandy,Medium,Temperate,NPK
Haryana,Haryana District,Maize,Zaid,2023,16103,42350,2.63,Red,Low,Humid,Potash
Haryana,Haryana District,Coffee,Zaid,2023,8497,29229,3.44,Clay Loam,Medium,Tropical,Urea
Haryana,Haryana District,Bajra,Zaid,2023,13918,67084,4.82,Clay Loam,High,Tropical,NPK
Haryana,Haryana District,Coffee,Rabi,2023,4382,23093,5.27,Sandy,Low,Tropical,Potash
Haryana,Haryana District,Tea,Zaid,2023,2947,9607,3.26,Laterite,Medium,Temperate,Urea
Haryana,Haryana District,Wheat,Rabi,2024,9066,29827,3.29,Laterite,Medium,Tropical,DAP + Urea
Haryana,Haryana District,Onion,Rabi,2024,4783,8752,1.83,Black,Low,Semi-Arid,DAP + Urea
Haryana,Haryana District,Coffee,Kharif,2024,21303,70938,3.33,Sandy,Medium,Tropical,NPK
Haryana,Haryana District,Jute,Zaid,2024,24761,83692,3.38,Black,High,Temperate,Potash
Haryana,Haryana District,Coffee,Kharif,2024,27569,76641,2.78,Clay Loam,Low,Semi-Arid,DAP + Urea
Haryana,Haryana District,Rubber,Zaid,2024,5709,16213,2.84,Red,High,Humid,NPK
Haryana,Haryana District,Apple,Kharif,2024,17652,52426,2.97,Laterite,Low,Temperate,Potash
Haryana,Haryana District,Coffee,Rabi,2024,23521,102081,4.34,Sandy,Medium,Tropical,Urea
Haryana,Haryana District,Wheat,Kharif,2024,10165,50621,4.98,Red,Low,Humid,DAP + Urea
Haryana,Haryana District,Mustard,Kharif,2024,5031,28928,5.75,Alluvial,Low,Humid,Organic + NPK
Haryana,Haryana District,Jute,Zaid,2024,19912,81240,4.08,Laterite,Low,Semi-Arid,Potash
Haryana,Haryana District,Onion,Zaid,2024,12930,33100,2.56,Black,High,Tropical,Urea
Haryana,Haryana District,Onion,Zaid,2025,13140,32981,2.51,Alluvial,High,Mountain,Potash
Haryana,Haryana District,Ragi,Zaid,2025,13937,70660,5.07,Sandy,High,Temperate,DAP + Urea
Haryana,Haryana District,Coconut,Zaid,2025,27317,62555,2.29,Alluvial,High,Humid,DAP + Urea
Haryana,Haryana District,Tea,Zaid,2025,15983,59776,3.74,Black,High,Humid,DAP + Urea
Haryana,Haryana District,Bajra,Zaid,2025,2810,13263,4.72,Red,Low,Mountain,Potash
Haryana,Haryana District,Mustard,Kharif,2025,9109,45362,4.98,Loam,Low,Tropical,Urea
Haryana,Haryana District,Tea,Zaid,2025,4726,25520,5.4,Black,Medium,Tropical,Urea
Haryana,Haryana District,Rubber,Zaid,2025,16646,98544,5.92,Alluvial,Low,Mountain,Urea
Haryana,Haryana District,Jute,Rabi,2025,21927,104153,4.75,Red,Low,Humid,Potash
Haryana,Haryana District,Tea,Rabi,2025,27400,52608,1.92,Sandy,Low,Humid,NPK
Haryana,Haryana District,Tea,Rabi,2025,8458,39837,4.71,Loam,High,Humid,NPK
Haryana,Haryana District,Banana,Zaid,2025,12103,68381,5.65,Alluvial,Medium,Tropical,NPK
Himachal Pradesh,Himachal Pradesh District,Rice,Kharif,2016,19302,44587,2.31,Black,Medium,Tropical,Potash
Himachal Pradesh,Himachal Pradesh District,Cotton,Zaid,2016,13629,31755,2.33,Alluvial,High,Humid,Urea
Himachal Pradesh,Himachal Pradesh District,Groundnut,Kharif,2016,12771,56958,4.46,Loam,Low,Tropical,Urea
Himachal Pradesh,Himachal Pradesh District,Groundnut,Rabi,2016,6477,16257,2.51,Sandy,Low,Tropical,Potash
Himachal Pradesh,Himachal Pradesh District,Soybean,Kharif,2016,707,2955,4.18,Alluvial,High,Semi-Arid,DAP + Urea
Himachal Pradesh,Himachal Pradesh District,Apple,Rabi,2016,12827,36428,2.84,Red,High,Semi-Arid,NPK
Himachal Pradesh,Himachal Pradesh District,Apple,Kharif,2016,20682,49016,2.37,Laterite,Medium,Temperate,DAP + Urea
Himachal Pradesh,Himachal Pradesh District,Rice,Kharif,2016,16916,45504,2.69,Sandy,Low,Tropical,DAP + Urea
Himachal Pradesh,Himachal Pradesh District,Apple,Kharif,2016,24217,51582,2.13,Sandy,Low,Mountain,Organic + NPK
Himachal Pradesh,Himachal Pradesh District,Potato,Zaid,2016,17610,27823,1.58,Black,Medium,Tropical,NPK
Himachal Pradesh,Himachal Pradesh District,Groundnut,Zaid,2016,13969,29055,2.08,Sandy,Medium,Mountain,DAP + Urea
Himachal Pradesh,Himachal Pradesh District,Mustard,Zaid,2016,2343,7427,3.17,Loam,Low,Semi-Arid,Potash
Himachal Pradesh,Himachal Pradesh District,Mustard,Zaid,2017,9311,28491,3.06,Sandy,High,Mountain,DAP + Urea
Himachal Pradesh,Himachal Pradesh District,Jowar,Zaid,2017,19931,51222,2.57,Alluvial,Medium,Humid,Potash
Himachal Pradesh,Himachal Pradesh District,Groundnut,Rabi,2017,24743,51218,2.07,Clay Loam,Medium,Mountain,NPK
Himachal Pradesh,Himachal Pradesh District,Onion,Rabi,2017,8619,14048,1.63,Alluvial,Low,Semi-Arid,NPK
Himachal Pradesh,Himachal Pradesh District,Rubber,Rabi,2017,23769,103157,4.34,Laterite,High,Mountain,DAP + Urea
Himachal Pradesh,Himachal Pradesh District,Rubber,Kharif,2017,4011,18290,4.56,Sandy,High,Temperate,Organic + NPK
Himachal Pradesh,Himachal Pradesh District,Apple,Kharif,2017,23683,128835,5.44,Alluvial,High,Semi-Arid,NPK
Himachal Pradesh,Himachal Pradesh District,Soybean,Zaid,2017,17053,51159,3,Clay Loam,Low,Semi-Arid,Potash
Himachal Pradesh,Himachal Pradesh District,Cotton,Zaid,2017,15318,25887,1.69,Laterite,Medium,Tropical,NPK
Himachal Pradesh,Himachal Pradesh District,Jowar,Kharif,2017,12091,30832,2.55,Laterite,High,Semi-Arid,Urea
Himachal Pradesh,Himachal Pradesh District,Wheat,Kharif,2017,25634,150727,5.88,Alluvial,Medium,Humid,Urea
Himachal Pradesh,Himachal Pradesh District,Mustard,Kharif,2017,28068,130796,4.66,Sandy,Medium,Mountain,Organic + NPK
Himachal Pradesh,Himachal Pradesh District,Onion,Kharif,2018,29108,120216,4.13,Loam,High,Humid,Urea
Himachal Pradesh,Himachal Pradesh District,Potato,Rabi,2018,14393,50807,3.53,Black,Low,Temperate,Potash
Himachal Pradesh,Himachal Pradesh District,Apple,Rabi,2018,15284,65568,4.29,Alluvial,Low,Tropical,Urea
Himachal Pradesh,Himachal Pradesh District,Coffee,Zaid,2018,25195,68026,2.7,Loam,Medium,Mountain,Organic + NPK
Himachal Pradesh,Himachal Pradesh District,Apple,Kharif,2018,12812,50351,3.93,Clay Loam,Low,Temperate,Urea
Himachal Pradesh,Himachal Pradesh District,Coffee,Rabi,2018,9118,38842,4.26,Alluvial,Low,Semi-Arid,NPK
Himachal Pradesh,Himachal Pradesh District,Wheat,Kharif,2018,7447,39618,5.32,Black,Medium,Mountain,NPK
Himachal Pradesh,Himachal Pradesh District,Mustard,Kharif,2018,27892,152290,5.46,Laterite,Medium,Temperate,DAP + Urea
Himachal Pradesh,Himachal Pradesh District,Banana,Zaid,2018,4873,20661,4.24,Black,Low,Humid,Urea
Himachal Pradesh,Himachal Pradesh District,Soybean,Kharif,2018,10735,46267,4.31,Loam,High,Temperate,DAP + Urea
Himachal Pradesh,Himachal Pradesh District,Ragi,Kharif,2018,22064,83401,3.78,Loam,Medium,Tropical,Organic + NPK
Himachal Pradesh,Himachal Pradesh District,Banana,Rabi,2018,19119,107257,5.61,Black,Low,Mountain,Organic + NPK
Himachal Pradesh,Himachal Pradesh District,Coffee,Kharif,2019,18168,58864,3.24,Red,Medium,Temperate,Organic + NPK
Himachal Pradesh,Himachal Pradesh District,Bajra,Rabi,2019,20390,71161,3.49,Black,Medium,Semi-Arid,NPK
Himachal Pradesh,Himachal Pradesh District,Rubber,Kharif,2019,23771,48730,2.05,Red,Medium,Semi-Arid,Organic + NPK
Himachal Pradesh,Himachal Pradesh District,Jowar,Zaid,2019,7033,21872,3.11,Black,High,Mountain,DAP + Urea
Himachal Pradesh,Himachal Pradesh District,Onion,Rabi,2019,29139,128211,4.4,Black,Medium,Mountain,Potash
Himachal Pradesh,Himachal Pradesh District,Mustard,Zaid,2019,4824,21659,4.49,Loam,Low,Humid,NPK
Himachal Pradesh,Himachal Pradesh District,Rubber,Zaid,2019,8714,46794,5.37,Alluvial,High,Tropical,Potash
Himachal Pradesh,Himachal Pradesh District,Mustard,Kharif,2019,1701,8232,4.84,Black,High,Temperate,DAP + Urea
Himachal Pradesh,Himachal Pradesh District,Soybean,Zaid,2019,27113,140716,5.19,Alluvial,High,Mountain,Potash
Himachal Pradesh,Himachal Pradesh District,Potato,Rabi,2019,29194,45250,1.55,Laterite,High,Tropical,Potash
Himachal Pradesh,Himachal Pradesh District,Mustard,Kharif,2019,17605,103341,5.87,Loam,Low,Humid,Urea
Himachal Pradesh,Himachal Pradesh District,Groundnut,Zaid,2019,1555,8661,5.57,Clay Loam,Medium,Humid,Organic + NPK
Himachal Pradesh,Himachal Pradesh District,Rice,Rabi,2020,15558,47296,3.04,Laterite,Medium,Humid,DAP + Urea
Himachal Pradesh,Himachal Pradesh District,Coconut,Zaid,2020,2498,11340,4.54,Red,Medium,Mountain,NPK
Himachal Pradesh,Himachal Pradesh District,Rice,Kharif,2020,13084,28653,2.19,Laterite,High,Mountain,Urea
Himachal Pradesh,Himachal Pradesh District,Groundnut,Zaid,2020,7916,30159,3.81,Sandy,Low,Semi-Arid,Urea
Himachal Pradesh,Himachal Pradesh District,Banana,Kharif,2020,21615,119098,5.51,Black,Low,Mountain,Potash
Himachal Pradesh,Himachal Pradesh District,Coffee,Zaid,2020,2914,16755,5.75,Laterite,Low,Temperate,DAP + Urea
Himachal Pradesh,Himachal Pradesh District,Coffee,Zaid,2020,11612,28333,2.44,Laterite,Medium,Tropical,Potash
Himachal Pradesh,Himachal Pradesh District,Maize,Rabi,2020,7118,21923,3.08,Loam,Low,Semi-Arid,Potash
Himachal Pradesh,Himachal Pradesh District,Jowar,Zaid,2020,14766,41640,2.82,Black,High,Temperate,Potash
Himachal Pradesh,Himachal Pradesh District,Banana,Zaid,2020,4896,21836,4.46,Alluvial,High,Tropical,Urea
Himachal Pradesh,Himachal Pradesh District,Soybean,Rabi,2020,26487,66217,2.5,Alluvial,Low,Semi-Arid,DAP + Urea
Himachal Pradesh,Himachal Pradesh District,Onion,Rabi,2020,9935,37951,3.82,Loam,High,Temperate,Potash
Himachal Pradesh,Himachal Pradesh District,Banana,Zaid,2021,13300,31388,2.36,Sandy,Medium,Humid,NPK
Himachal Pradesh,Himachal Pradesh District,Sugarcane,Kharif,2021,18908,38383,2.03,Sandy,High,Semi-Arid,Organic + NPK
Himachal Pradesh,Himachal Pradesh District,Onion,Rabi,2021,29836,52213,1.75,Red,Low,Mountain,Organic + NPK
Himachal Pradesh,Himachal Pradesh District,Rubber,Rabi,2021,4600,23920,5.2,Alluvial,Low,Humid,Potash
Himachal Pradesh,Himachal Pradesh District,Sugarcane,Zaid,2021,26316,109737,4.17,Alluvial,Medium,Semi-Arid,Potash
Himachal Pradesh,Himachal Pradesh District,Maize,Zaid,2021,14357,44506,3.1,Black,High,Mountain,Urea
Himachal Pradesh,Himachal Pradesh District,Jute,Zaid,2021,24011,106128,4.42,Clay Loam,Medium,Humid,Urea
Himachal Pradesh,Himachal Pradesh District,Rubber,Zaid,2021,8428,20564,2.44,Black,Low,Tropical,Organic + NPK
Himachal Pradesh,Himachal Pradesh District,Rice,Rabi,2021,25557,89193,3.49,Loam,Low,Temperate,Organic + NPK
Himachal Pradesh,Himachal Pradesh District,Onion,Kharif,2021,10418,22398,2.15,Clay Loam,Low,Temperate,DAP + Urea
Himachal Pradesh,Himachal Pradesh District,Coconut,Rabi,2021,6012,31863,5.3,Sandy,Medium,Humid,DAP + Urea
Himachal Pradesh,Himachal Pradesh District,Onion,Rabi,2021,8103,46349,5.72,Loam,Low,Temperate,DAP + Urea
Himachal Pradesh,Himachal Pradesh District,Jowar,Zaid,2022,2363,4726,2,Loam,Low,Semi-Arid,Potash
Himachal Pradesh,Himachal Pradesh District,Rice,Zaid,2022,17468,28822,1.65,Sandy,High,Tropical,Potash
Himachal Pradesh,Himachal Pradesh District,Rubber,Zaid,2022,24255,116666,4.81,Black,Medium,Semi-Arid,DAP + Urea
Himachal Pradesh,Himachal Pradesh District,Banana,Zaid,2022,16731,88005,5.26,Loam,Medium,Tropical,Potash
Himachal Pradesh,Himachal Pradesh District,Jowar,Zaid,2022,1272,3587,2.82,Sandy,Low,Humid,NPK
Himachal Pradesh,Himachal Pradesh District,Maize,Zaid,2022,12635,39168,3.1,Clay Loam,Medium,Humid,NPK
Himachal Pradesh,Himachal Pradesh District,Wheat,Rabi,2022,18590,110052,5.92,Red,Low,Humid,Urea
Himachal Pradesh,Himachal Pradesh District,Bajra,Kharif,2022,25420,124303,4.89,Laterite,Medium,Semi-Arid,DAP + Urea
Himachal Pradesh,Himachal Pradesh District,Apple,Kharif,2022,14030,49946,3.56,Laterite,High,Tropical,Potash
Himachal Pradesh,Himachal Pradesh District,Coffee,Zaid,2022,12948,30427,2.35,Black,Low,Temperate,Urea
Himachal Pradesh,Himachal Pradesh District,Tea,Zaid,2022,12050,64106,5.32,Sandy,Low,Humid,DAP + Urea
Himachal Pradesh,Himachal Pradesh District,Ragi,Zaid,2022,10650,16827,1.58,Red,Medium,Semi-Arid,Organic + NPK
Himachal Pradesh,Himachal Pradesh District,Ragi,Kharif,2023,26123,123561,4.73,Loam,High,Tropical,Organic + NPK
Himachal Pradesh,Himachal Pradesh District,Coconut,Kharif,2023,23380,134902,5.77,Sandy,High,Humid,Potash
Himachal Pradesh,Himachal Pradesh District,Coffee,Zaid,2023,25541,38822,1.52,Loam,High,Temperate,DAP + Urea
Himachal Pradesh,Himachal Pradesh District,Sugarcane,Kharif,2023,6789,36185,5.33,Loam,High,Temperate,NPK
Himachal Pradesh,Himachal Pradesh District,Coconut,Kharif,2023,29377,140715,4.79,Loam,High,Tropical,Urea
Himachal Pradesh,Himachal Pradesh District,Apple,Zaid,2023,7594,40627,5.35,Sandy,Low,Tropical,NPK
Himachal Pradesh,Himachal Pradesh District,Soybean,Zaid,2023,12083,21507,1.78,Clay Loam,Low,Humid,Urea
Himachal Pradesh,Himachal Pradesh District,Jowar,Rabi,2023,6121,25524,4.17,Red,High,Humid,DAP + Urea
Himachal Pradesh,Himachal Pradesh District,Mustard,Rabi,2023,4412,21221,4.81,Black,Medium,Humid,Organic + NPK
Himachal Pradesh,Himachal Pradesh District,Apple,Kharif,2023,17764,73898,4.16,Clay Loam,Low,Tropical,Urea
Himachal Pradesh,Himachal Pradesh District,Ragi,Zaid,2023,27602,106819,3.87,Black,Medium,Mountain,Organic + NPK
Himachal Pradesh,Himachal Pradesh District,Coffee,Kharif,2023,17430,68848,3.95,Black,High,Tropical,Potash
Himachal Pradesh,Himachal Pradesh District,Cotton,Rabi,2024,22065,55162,2.5,Laterite,Medium,Humid,Potash
Himachal Pradesh,Himachal Pradesh District,Apple,Zaid,2024,27043,146032,5.4,Red,Medium,Semi-Arid,Urea
Himachal Pradesh,Himachal Pradesh District,Wheat,Kharif,2024,15407,61936,4.02,Clay Loam,Low,Humid,Potash
Himachal Pradesh,Himachal Pradesh District,Potato,Kharif,2024,6439,28267,4.39,Black,Medium,Semi-Arid,Organic + NPK
Himachal Pradesh,Himachal Pradesh District,Jowar,Zaid,2024,5423,14913,2.75,Alluvial,High,Temperate,Urea
Himachal Pradesh,Himachal Pradesh District,Ragi,Kharif,2024,18443,46845,2.54,Alluvial,Low,Temperate,Urea
Himachal Pradesh,Himachal Pradesh District,Rubber,Rabi,2024,22995,87151,3.79,Alluvial,High,Temperate,NPK
Himachal Pradesh,Himachal Pradesh District,Jowar,Rabi,2024,866,3758,4.34,Black,High,Temperate,DAP + Urea
Himachal Pradesh,Himachal Pradesh District,Cotton,Kharif,2024,18661,76696,4.11,Clay Loam,High,Temperate,DAP + Urea
Himachal Pradesh,Himachal Pradesh District,Tea,Kharif,2024,22559,120013,5.32,Red,Low,Semi-Arid,Urea
Himachal Pradesh,Himachal Pradesh District,Maize,Rabi,2024,1646,7571,4.6,Sandy,Low,Semi-Arid,Organic + NPK
Himachal Pradesh,Himachal Pradesh District,Wheat,Kharif,2024,1746,10476,6,Black,Low,Mountain,Organic + NPK
Himachal Pradesh,Himachal Pradesh District,Potato,Rabi,2025,4390,21598,4.92,Black,Low,Mountain,NPK
Himachal Pradesh,Himachal Pradesh District,Jute,Rabi,2025,5369,26415,4.92,Sandy,Low,Mountain,NPK
Himachal Pradesh,Himachal Pradesh District,Ragi,Kharif,2025,4846,24811,5.12,Red,High,Semi-Arid,Organic + NPK
Himachal Pradesh,Himachal Pradesh District,Banana,Zaid,2025,25607,149032,5.82,Alluvial,High,Tropical,Organic + NPK
Himachal Pradesh,Himachal Pradesh District,Banana,Kharif,2025,18531,98028,5.29,Loam,High,Humid,Potash
Himachal Pradesh,Himachal Pradesh District,Jowar,Zaid,2025,18810,108721,5.78,Alluvial,Medium,Mountain,DAP + Urea
Himachal Pradesh,Himachal Pradesh District,Tea,Rabi,2025,19408,97816,5.04,Loam,High,Semi-Arid,Urea
Himachal Pradesh,Himachal Pradesh District,Jute,Kharif,2025,11791,62728,5.32,Loam,Low,Tropical,DAP + Urea
Himachal Pradesh,Himachal Pradesh District,Ragi,Zaid,2025,7261,12125,1.67,Clay Loam,High,Tropical,Potash
Himachal Pradesh,Himachal Pradesh District,Tea,Zaid,2025,7755,38542,4.97,Sandy,Medium,Semi-Arid,NPK
Himachal Pradesh,Himachal Pradesh District,Wheat,Zaid,2025,14674,72342,4.93,Clay Loam,Medium,Mountain,Organic + NPK
Himachal Pradesh,Himachal Pradesh District,Maize,Kharif,2025,3888,11586,2.98,Red,Medium,Semi-Arid,DAP + Urea
Jharkhand,Jharkhand District,Groundnut,Rabi,2016,14242,83458,5.86,Sandy,Low,Tropical,Potash
Jharkhand,Jharkhand District,Groundnut,Zaid,2016,28856,68965,2.39,Black,High,Tropical,Potash
Jharkhand,Jharkhand District,Apple,Kharif,2016,20810,33712,1.62,Laterite,Medium,Tropical,Urea
Jharkhand,Jharkhand District,Bajra,Zaid,2016,27503,93510,3.4,Black,Medium,Tropical,NPK
Jharkhand,Jharkhand District,Soybean,Kharif,2016,7311,18131,2.48,Laterite,High,Semi-Arid,Urea
Jharkhand,Jharkhand District,Ragi,Rabi,2016,6330,28738,4.54,Alluvial,Medium,Humid,Organic + NPK
Jharkhand,Jharkhand District,Maize,Zaid,2016,17449,79567,4.56,Loam,High,Tropical,DAP + Urea
Jharkhand,Jharkhand District,Bajra,Kharif,2016,12191,38035,3.12,Black,Low,Semi-Arid,Organic + NPK
Jharkhand,Jharkhand District,Tea,Rabi,2016,22539,95339,4.23,Laterite,High,Tropical,Potash
Jharkhand,Jharkhand District,Wheat,Rabi,2016,29265,127888,4.37,Alluvial,Medium,Humid,DAP + Urea
Jharkhand,Jharkhand District,Wheat,Rabi,2016,10693,20530,1.92,Clay Loam,Low,Semi-Arid,Organic + NPK
Jharkhand,Jharkhand District,Potato,Kharif,2016,3224,16184,5.02,Laterite,Medium,Temperate,DAP + Urea
Jharkhand,Jharkhand District,Banana,Kharif,2017,534,2082,3.9,Sandy,Low,Humid,Potash
Jharkhand,Jharkhand District,Maize,Zaid,2017,19595,63683,3.25,Sandy,High,Semi-Arid,Potash
Jharkhand,Jharkhand District,Ragi,Zaid,2017,12909,44794,3.47,Red,Low,Temperate,Potash
Jharkhand,Jharkhand District,Jowar,Kharif,2017,18271,98297,5.38,Loam,Medium,Humid,Urea
Jharkhand,Jharkhand District,Groundnut,Rabi,2017,22134,36521,1.65,Loam,Low,Semi-Arid,DAP + Urea
Jharkhand,Jharkhand District,Banana,Kharif,2017,24655,143738,5.83,Clay Loam,Low,Semi-Arid,Potash
Jharkhand,Jharkhand District,Soybean,Rabi,2017,17567,57268,3.26,Loam,High,Semi-Arid,DAP + Urea
Jharkhand,Jharkhand District,Coconut,Kharif,2017,19942,113669,5.7,Sandy,High,Mountain,Organic + NPK
Jharkhand,Jharkhand District,Apple,Zaid,2017,17525,26988,1.54,Red,Medium,Mountain,Organic + NPK
Jharkhand,Jharkhand District,Cotton,Rabi,2017,7244,39407,5.44,Alluvial,Medium,Tropical,NPK
Jharkhand,Jharkhand District,Wheat,Rabi,2017,21378,94490,4.42,Black,Medium,Semi-Arid,Potash
Jharkhand,Jharkhand District,Coffee,Kharif,2017,7907,44832,5.67,Laterite,Low,Tropical,Organic + NPK
Jharkhand,Jharkhand District,Rubber,Zaid,2018,1970,4334,2.2,Loam,Low,Temperate,DAP + Urea
Jharkhand,Jharkhand District,Soybean,Zaid,2018,4643,7382,1.59,Alluvial,Medium,Mountain,Organic + NPK
Jharkhand,Jharkhand District,Tea,Rabi,2018,11429,61145,5.35,Red,High,Humid,NPK
Jharkhand,Jharkhand District,Ragi,Kharif,2018,15352,75992,4.95,Alluvial,Low,Tropical,Urea
Jharkhand,Jharkhand District,Sugarcane,Zaid,2018,6672,21684,3.25,Laterite,High,Tropical,Organic + NPK
Jharkhand,Jharkhand District,Potato,Rabi,2018,14796,25153,1.7,Black,Low,Mountain,NPK
Jharkhand,Jharkhand District,Jowar,Rabi,2018,14277,25555,1.79,Clay Loam,Medium,Tropical,Potash
Jharkhand,Jharkhand District,Bajra,Kharif,2018,4814,25706,5.34,Black,Medium,Tropical,Potash
Jharkhand,Jharkhand District,Banana,Zaid,2018,27286,138340,5.07,Alluvial,High,Tropical,Potash
Jharkhand,Jharkhand District,Groundnut,Zaid,2018,23760,137570,5.79,Loam,Medium,Tropical,NPK
Jharkhand,Jharkhand District,Onion,Kharif,2018,781,4131,5.29,Alluvial,High,Tropical,Potash
Jharkhand,Jharkhand District,Banana,Zaid,2018,22915,119845,5.23,Loam,Medium,Tropical,Urea
Jharkhand,Jharkhand District,Tea,Zaid,2019,11439,25623,2.24,Black,Low,Tropical,DAP + Urea
Jharkhand,Jharkhand District,Groundnut,Kharif,2019,23125,65906,2.85,Loam,Low,Temperate,NPK
Jharkhand,Jharkhand District,Rubber,Rabi,2019,25170,148503,5.9,Red,Low,Temperate,DAP + Urea
Jharkhand,Jharkhand District,Banana,Kharif,2019,25642,66156,2.58,Red,High,Mountain,DAP + Urea
Jharkhand,Jharkhand District,Wheat,Kharif,2019,25873,101680,3.93,Red,Low,Mountain,Potash
Jharkhand,Jharkhand District,Jute,Kharif,2019,14139,33368,2.36,Red,High,Humid,Potash
Jharkhand,Jharkhand District,Potato,Zaid,2019,19872,96577,4.86,Sandy,Medium,Temperate,Potash
Jharkhand,Jharkhand District,Jowar,Rabi,2019,28507,145955,5.12,Laterite,High,Humid,Potash
Jharkhand,Jharkhand District,Apple,Kharif,2019,14518,29036,2,Sandy,Low,Humid,Potash
Jharkhand,Jharkhand District,Coconut,Rabi,2019,21524,69737,3.24,Clay Loam,Low,Temperate,Potash
Jharkhand,Jharkhand District,Banana,Rabi,2019,24905,86669,3.48,Black,High,Humid,Urea
Jharkhand,Jharkhand District,Ragi,Kharif,2019,21982,63747,2.9,Alluvial,High,Tropical,Urea
Jharkhand,Jharkhand District,Sugarcane,Zaid,2020,24263,88317,3.64,Sandy,Medium,Humid,NPK
Jharkhand,Jharkhand District,Ragi,Kharif,2020,13015,76137,5.85,Clay Loam,High,Mountain,Urea
Jharkhand,Jharkhand District,Potato,Rabi,2020,28681,54493,1.9,Clay Loam,Low,Humid,NPK
Jharkhand,Jharkhand District,Sugarcane,Kharif,2020,18553,48237,2.6,Laterite,Medium,Tropical,DAP + Urea
Jharkhand,Jharkhand District,Wheat,Zaid,2020,1010,5999,5.94,Red,Medium,Mountain,Potash
Jharkhand,Jharkhand District,Mustard,Zaid,2020,27701,85873,3.1,Sandy,High,Tropical,DAP + Urea
Jharkhand,Jharkhand District,Wheat,Zaid,2020,6273,32807,5.23,Red,Medium,Humid,DAP + Urea
Jharkhand,Jharkhand District,Groundnut,Zaid,2020,7364,24448,3.32,Black,Low,Temperate,Urea
Jharkhand,Jharkhand District,Cotton,Zaid,2020,20649,88584,4.29,Sandy,Medium,Mountain,Organic + NPK
Jharkhand,Jharkhand District,Groundnut,Rabi,2020,22680,131317,5.79,Clay Loam,High,Mountain,Organic + NPK
Jharkhand,Jharkhand District,Mustard,Kharif,2020,28237,145420,5.15,Sandy,Medium,Tropical,DAP + Urea
Jharkhand,Jharkhand District,Cotton,Kharif,2020,1342,7595,5.66,Red,High,Semi-Arid,DAP + Urea
Jharkhand,Jharkhand District,Coconut,Zaid,2021,7578,43270,5.71,Red,High,Temperate,NPK
Jharkhand,Jharkhand District,Bajra,Zaid,2021,12672,38142,3.01,Red,High,Temperate,Potash
Jharkhand,Jharkhand District,Jute,Rabi,2021,21664,37478,1.73,Loam,Medium,Mountain,NPK
Jharkhand,Jharkhand District,Rice,Kharif,2021,769,4521,5.88,Alluvial,Low,Temperate,Organic + NPK
Jharkhand,Jharkhand District,Soybean,Kharif,2021,15262,25945,1.7,Black,Medium,Temperate,Potash
Jharkhand,Jharkhand District,Groundnut,Kharif,2021,6824,35621,5.22,Red,High,Temperate,DAP + Urea
Jharkhand,Jharkhand District,Banana,Rabi,2021,23762,127839,5.38,Black,High,Semi-Arid,Urea
Jharkhand,Jharkhand District,Rice,Kharif,2021,18272,66692,3.65,Laterite,Medium,Mountain,Organic + NPK
Jharkhand,Jharkhand District,Tea,Kharif,2021,13982,82773,5.92,Loam,Low,Tropical,Urea
Jharkhand,Jharkhand District,Ragi,Kharif,2021,27555,156236,5.67,Loam,Low,Semi-Arid,NPK
Jharkhand,Jharkhand District,Potato,Zaid,2021,15049,22573,1.5,Black,Medium,Humid,Organic + NPK
Jharkhand,Jharkhand District,Wheat,Zaid,2021,16099,58600,3.64,Black,Low,Semi-Arid,Potash
Jharkhand,Jharkhand District,Coconut,Zaid,2022,1714,4456,2.6,Laterite,High,Mountain,Potash
Jharkhand,Jharkhand District,Rice,Kharif,2022,19588,107538,5.49,Sandy,Low,Temperate,Potash
Jharkhand,Jharkhand District,Coffee,Zaid,2022,9620,41654,4.33,Alluvial,Low,Mountain,Urea
Jharkhand,Jharkhand District,Soybean,Kharif,2022,24161,85529,3.54,Black,High,Mountain,Organic + NPK
Jharkhand,Jharkhand District,Wheat,Rabi,2022,28293,150801,5.33,Alluvial,Low,Semi-Arid,Potash
Jharkhand,Jharkhand District,Jute,Rabi,2022,5401,10802,2,Red,Low,Tropical,NPK
Jharkhand,Jharkhand District,Onion,Rabi,2022,15723,28615,1.82,Laterite,High,Temperate,Urea
Jharkhand,Jharkhand District,Tea,Rabi,2022,8925,49087,5.5,Sandy,Medium,Temperate,Organic + NPK
Jharkhand,Jharkhand District,Potato,Kharif,2022,1453,3327,2.29,Loam,Medium,Tropical,NPK
Jharkhand,Jharkhand District,Jowar,Kharif,2022,26468,136310,5.15,Red,High,Temperate,DAP + Urea
Jharkhand,Jharkhand District,Tea,Rabi,2022,4007,14104,3.52,Clay Loam,High,Tropical,Urea
Jharkhand,Jharkhand District,Banana,Zaid,2022,14733,27845,1.89,Alluvial,Medium,Mountain,Urea
Jharkhand,Jharkhand District,Bajra,Rabi,2023,12995,46652,3.59,Laterite,Low,Semi-Arid,Organic + NPK
Jharkhand,Jharkhand District,Rice,Rabi,2023,2764,6301,2.28,Laterite,Low,Tropical,Urea
Jharkhand,Jharkhand District,Potato,Kharif,2023,20100,60099,2.99,Clay Loam,High,Tropical,Urea
Jharkhand,Jharkhand District,Potato,Zaid,2023,6240,22089,3.54,Laterite,Low,Mountain,Potash
Jharkhand,Jharkhand District,Soybean,Rabi,2023,14493,42464,2.93,Loam,Medium,Tropical,Potash
Jharkhand,Jharkhand District,Potato,Kharif,2023,21506,86239,4.01,Sandy,Medium,Mountain,DAP + Urea
Jharkhand,Jharkhand District,Bajra,Kharif,2023,7548,28154,3.73,Red,High,Mountain,NPK
Jharkhand,Jharkhand District,Groundnut,Rabi,2023,20021,93698,4.68,Alluvial,Medium,Tropical,Potash
Jharkhand,Jharkhand District,Sugarcane,Kharif,2023,9319,34666,3.72,Laterite,Medium,Humid,Organic + NPK
Jharkhand,Jharkhand District,Ragi,Zaid,2023,8797,20584,2.34,Black,High,Mountain,Potash
Jharkhand,Jharkhand District,Sugarcane,Kharif,2023,20284,44624,2.2,Black,Low,Temperate,Potash
Jharkhand,Jharkhand District,Banana,Zaid,2023,27584,135989,4.93,Loam,High,Semi-Arid,Potash
Jharkhand,Jharkhand District,Sugarcane,Kharif,2024,18195,72961,4.01,Black,Medium,Semi-Arid,Potash
Jharkhand,Jharkhand District,Groundnut,Kharif,2024,1810,5393,2.98,Sandy,Medium,Temperate,DAP + Urea
Jharkhand,Jharkhand District,Tea,Zaid,2024,27555,147694,5.36,Clay Loam,Low,Semi-Arid,DAP + Urea
Jharkhand,Jharkhand District,Ragi,Kharif,2024,19708,48481,2.46,Laterite,Medium,Humid,Potash
Jharkhand,Jharkhand District,Potato,Zaid,2024,17057,80509,4.72,Laterite,Low,Temperate,NPK
Jharkhand,Jharkhand District,Banana,Rabi,2024,8673,30789,3.55,Black,Low,Tropical,NPK
Jharkhand,Jharkhand District,Wheat,Kharif,2024,28090,112921,4.02,Clay Loam,Medium,Semi-Arid,NPK
Jharkhand,Jharkhand District,Jute,Zaid,2024,9098,25292,2.78,Laterite,Medium,Tropical,NPK
Jharkhand,Jharkhand District,Jowar,Rabi,2024,29733,129041,4.34,Black,Low,Mountain,DAP + Urea
Jharkhand,Jharkhand District,Maize,Zaid,2024,23205,135749,5.85,Loam,Medium,Temperate,NPK
Jharkhand,Jharkhand District,Tea,Kharif,2024,25548,69235,2.71,Red,Medium,Temperate,NPK
Jharkhand,Jharkhand District,Sugarcane,Kharif,2024,24471,146581,5.99,Red,Low,Tropical,NPK
Jharkhand,Jharkhand District,Ragi,Rabi,2025,20227,110034,5.44,Black,Medium,Mountain,NPK
Jharkhand,Jharkhand District,Rubber,Rabi,2025,15827,47322,2.99,Red,High,Mountain,NPK
Jharkhand,Jharkhand District,Potato,Kharif,2025,3321,6907,2.08,Sandy,Low,Temperate,DAP + Urea
Jharkhand,Jharkhand District,Coconut,Kharif,2025,10645,46625,4.38,Laterite,High,Mountain,NPK
Jharkhand,Jharkhand District,Apple,Kharif,2025,6957,12522,1.8,Red,Low,Humid,DAP + Urea
Jharkhand,Jharkhand District,Bajra,Rabi,2025,11879,38725,3.26,Alluvial,Medium,Temperate,NPK
Jharkhand,Jharkhand District,Rubber,Kharif,2025,5593,18177,3.25,Red,Medium,Temperate,Urea
Jharkhand,Jharkhand District,Rubber,Kharif,2025,13571,64869,4.78,Laterite,Medium,Semi-Arid,Organic + NPK
Jharkhand,Jharkhand District,Wheat,Zaid,2025,15007,49072,3.27,Loam,High,Semi-Arid,Urea
Jharkhand,Jharkhand District,Jowar,Kharif,2025,2468,9279,3.76,Alluvial,High,Humid,DAP + Urea
Jharkhand,Jharkhand District,Rubber,Zaid,2025,7416,20023,2.7,Red,High,Semi-Arid,NPK
Jharkhand,Jharkhand District,Soybean,Kharif,2025,19009,79647,4.19,Red,High,Humid,Potash
Karnataka,Karnataka District,Bajra,Rabi,2016,3026,16915,5.59,Alluvial,High,Mountain,NPK
Karnataka,Karnataka District,Soybean,Kharif,2016,23289,84539,3.63,Laterite,Medium,Humid,Urea
Karnataka,Karnataka District,Apple,Rabi,2016,17276,45781,2.65,Clay Loam,Low,Semi-Arid,Urea
Karnataka,Karnataka District,Jute,Zaid,2016,29024,159341,5.49,Black,Low,Semi-Arid,Potash
Karnataka,Karnataka District,Rubber,Rabi,2016,2958,13961,4.72,Alluvial,Low,Temperate,Organic + NPK
Karnataka,Karnataka District,Soybean,Rabi,2016,3959,18369,4.64,Sandy,Low,Tropical,DAP + Urea
Karnataka,Karnataka District,Ragi,Zaid,2016,1901,8573,4.51,Red,Low,Temperate,Urea
Karnataka,Karnataka District,Potato,Rabi,2016,2627,10718,4.08,Alluvial,Low,Tropical,NPK
Karnataka,Karnataka District,Banana,Kharif,2016,18661,46092,2.47,Red,Low,Temperate,Urea
Karnataka,Karnataka District,Banana,Zaid,2016,25844,39024,1.51,Sandy,Medium,Mountain,NPK
Karnataka,Karnataka District,Soybean,Zaid,2016,27125,50452,1.86,Laterite,Medium,Tropical,DAP + Urea
Karnataka,Karnataka District,Bajra,Kharif,2016,17506,102935,5.88,Sandy,Medium,Humid,Potash
Karnataka,Karnataka District,Onion,Rabi,2017,19649,47157,2.4,Alluvial,High,Mountain,Organic + NPK
Karnataka,Karnataka District,Jowar,Kharif,2017,7067,28550,4.04,Alluvial,Medium,Temperate,DAP + Urea
Karnataka,Karnataka District,Mustard,Rabi,2017,18266,102654,5.62,Red,Medium,Mountain,Urea
Karnataka,Karnataka District,Sugarcane,Rabi,2017,12675,23322,1.84,Laterite,High,Tropical,NPK
Karnataka,Karnataka District,Ragi,Kharif,2017,16179,74585,4.61,Clay Loam,Low,Tropical,Urea
Karnataka,Karnataka District,Sugarcane,Zaid,2017,8085,14067,1.74,Red,Low,Tropical,Organic + NPK
Karnataka,Karnataka District,Bajra,Kharif,2017,24091,131536,5.46,Clay Loam,High,Mountain,DAP + Urea
Karnataka,Karnataka District,Jute,Zaid,2017,2328,7798,3.35,Alluvial,Low,Humid,Urea
Karnataka,Karnataka District,Jowar,Rabi,2017,16491,28529,1.73,Red,Medium,Tropical,DAP + Urea
Karnataka,Karnataka District,Bajra,Kharif,2017,12385,31953,2.58,Clay Loam,High,Humid,Urea
Karnataka,Karnataka District,Onion,Rabi,2017,18258,75405,4.13,Sandy,High,Humid,Organic + NPK
Karnataka,Karnataka District,Jute,Rabi,2017,5116,21845,4.27,Black,Low,Tropical,DAP + Urea
Karnataka,Karnataka District,Rice,Kharif,2018,21308,123160,5.78,Laterite,High,Mountain,NPK
Karnataka,Karnataka District,Groundnut,Zaid,2018,12266,47469,3.87,Loam,Low,Temperate,Urea
Karnataka,Karnataka District,Maize,Kharif,2018,15642,31127,1.99,Laterite,High,Humid,Urea
Karnataka,Karnataka District,Cotton,Zaid,2018,19631,61641,3.14,Black,Medium,Humid,DAP + Urea
Karnataka,Karnataka District,Potato,Zaid,2018,26042,113543,4.36,Alluvial,Medium,Semi-Arid,DAP + Urea
Karnataka,Karnataka District,Banana,Kharif,2018,22977,129590,5.64,Red,Low,Temperate,DAP + Urea
Karnataka,Karnataka District,Jute,Kharif,2018,29619,170013,5.74,Alluvial,Medium,Humid,Urea
Karnataka,Karnataka District,Potato,Rabi,2018,29218,159530,5.46,Black,Low,Tropical,NPK
Karnataka,Karnataka District,Cotton,Zaid,2018,26566,99091,3.73,Black,Medium,Humid,Urea
Karnataka,Karnataka District,Sugarcane,Rabi,2018,17074,30903,1.81,Black,Low,Semi-Arid,Organic + NPK
Karnataka,Karnataka District,Coconut,Zaid,2018,8947,44466,4.97,Black,Medium,Semi-Arid,NPK
Karnataka,Karnataka District,Wheat,Rabi,2018,25063,119299,4.76,Laterite,Medium,Semi-Arid,Organic + NPK
Karnataka,Karnataka District,Rubber,Kharif,2019,23723,77336,3.26,Loam,Medium,Humid,Organic + NPK
Karnataka,Karnataka District,Banana,Rabi,2019,25693,81703,3.18,Alluvial,Medium,Tropical,Organic + NPK
Karnataka,Karnataka District,Wheat,Rabi,2019,7472,36239,4.85,Black,High,Mountain,Organic + NPK
Karnataka,Karnataka District,Jute,Rabi,2019,18839,42952,2.28,Sandy,Medium,Tropical,DAP + Urea
Karnataka,Karnataka District,Groundnut,Zaid,2019,20594,64253,3.12,Loam,Medium,Semi-Arid,Potash
Karnataka,Karnataka District,Soybean,Zaid,2019,4515,13274,2.94,Alluvial,Medium,Temperate,Urea
Karnataka,Karnataka District,Jowar,Zaid,2019,14268,39094,2.74,Black,Medium,Tropical,NPK
Karnataka,Karnataka District,Rice,Kharif,2019,17954,89770,5,Black,Low,Mountain,Urea
Karnataka,Karnataka District,Ragi,Kharif,2019,7211,17017,2.36,Alluvial,High,Humid,Organic + NPK
Karnataka,Karnataka District,Sugarcane,Rabi,2019,4870,15437,3.17,Sandy,Medium,Tropical,Potash
Karnataka,Karnataka District,Jowar,Kharif,2019,3251,11671,3.59,Clay Loam,High,Mountain,DAP + Urea
Karnataka,Karnataka District,Potato,Zaid,2019,10085,49416,4.9,Clay Loam,Medium,Humid,Organic + NPK
Karnataka,Karnataka District,Sugarcane,Rabi,2020,18571,82269,4.43,Black,Low,Mountain,Potash
Karnataka,Karnataka District,Groundnut,Rabi,2020,14556,86899,5.97,Laterite,Medium,Temperate,DAP + Urea
Karnataka,Karnataka District,Coconut,Zaid,2020,6118,24655,4.03,Red,Low,Temperate,DAP + Urea
Karnataka,Karnataka District,Jowar,Zaid,2020,23556,106473,4.52,Sandy,Low,Temperate,NPK
Karnataka,Karnataka District,Jowar,Rabi,2020,25132,38954,1.55,Laterite,High,Tropical,NPK
Karnataka,Karnataka District,Apple,Rabi,2020,2223,4646,2.09,Sandy,Medium,Temperate,DAP + Urea
Karnataka,Karnataka District,Jute,Kharif,2020,8170,35702,4.37,Clay Loam,Medium,Mountain,Urea
Karnataka,Karnataka District,Rubber,Rabi,2020,19490,78739,4.04,Black,High,Mountain,DAP + Urea
Karnataka,Karnataka District,Wheat,Kharif,2020,4783,20806,4.35,Clay Loam,Low,Mountain,Organic + NPK
Karnataka,Karnataka District,Onion,Kharif,2020,18482,42138,2.28,Red,Medium,Mountain,Potash
Karnataka,Karnataka District,Groundnut,Zaid,2020,8094,23958,2.96,Black,High,Temperate,DAP + Urea
Karnataka,Karnataka District,Banana,Zaid,2020,16658,74627,4.48,Black,Low,Temperate,NPK
Karnataka,Karnataka District,Potato,Rabi,2021,11464,58924,5.14,Laterite,High,Humid,DAP + Urea
Karnataka,Karnataka District,Sugarcane,Rabi,2021,1944,3674,1.89,Laterite,Low,Tropical,Organic + NPK
Karnataka,Karnataka District,Apple,Rabi,2021,12658,64429,5.09,Black,Low,Humid,DAP + Urea
Karnataka,Karnataka District,Groundnut,Zaid,2021,11631,31985,2.75,Loam,Medium,Humid,NPK
Karnataka,Karnataka District,Maize,Rabi,2021,7485,39670,5.3,Loam,Medium,Temperate,Potash
Karnataka,Karnataka District,Rice,Rabi,2021,15683,51440,3.28,Loam,Medium,Semi-Arid,Potash
Karnataka,Karnataka District,Apple,Zaid,2021,772,3412,4.42,Alluvial,High,Tropical,Urea
Karnataka,Karnataka District,Coconut,Rabi,2021,12746,64877,5.09,Black,Medium,Temperate,Potash
Karnataka,Karnataka District,Maize,Rabi,2021,28374,81433,2.87,Alluvial,Medium,Tropical,Urea
Karnataka,Karnataka District,Soybean,Rabi,2021,18365,78234,4.26,Sandy,Medium,Tropical,Potash
Karnataka,Karnataka District,Soybean,Kharif,2021,7818,35806,4.58,Sandy,High,Humid,DAP + Urea
Karnataka,Karnataka District,Bajra,Rabi,2021,11354,18847,1.66,Alluvial,High,Semi-Arid,NPK
Karnataka,Karnataka District,Coconut,Kharif,2022,1017,2023,1.99,Loam,Low,Tropical,Urea
Karnataka,Karnataka District,Apple,Kharif,2022,15076,33016,2.19,Black,Low,Semi-Arid,Potash
Karnataka,Karnataka District,Banana,Rabi,2022,23279,72397,3.11,Alluvial,High,Temperate,DAP + Urea
Karnataka,Karnataka District,Sugarcane,Rabi,2022,4680,19702,4.21,Red,High,Humid,Urea
Karnataka,Karnataka District,Bajra,Kharif,2022,14016,43449,3.1,Alluvial,Medium,Temperate,Organic + NPK
Karnataka,Karnataka District,Rice,Rabi,2022,28985,109853,3.79,Black,Medium,Mountain,Organic + NPK
Karnataka,Karnataka District,Tea,Rabi,2022,23470,56093,2.39,Red,High,Mountain,Organic + NPK
Karnataka,Karnataka District,Coconut,Zaid,2022,3436,10995,3.2,Laterite,High,Mountain,DAP + Urea
Karnataka,Karnataka District,Soybean,Kharif,2022,11165,40863,3.66,Sandy,Low,Humid,DAP + Urea
Karnataka,Karnataka District,Potato,Zaid,2022,13256,24125,1.82,Clay Loam,Low,Humid,Organic + NPK
Karnataka,Karnataka District,Coffee,Zaid,2022,16088,89931,5.59,Clay Loam,Low,Humid,DAP + Urea
Karnataka,Karnataka District,Mustard,Rabi,2022,12854,60413,4.7,Clay Loam,High,Mountain,NPK
Karnataka,Karnataka District,Jowar,Zaid,2023,15675,59251,3.78,Red,High,Tropical,DAP + Urea
Karnataka,Karnataka District,Jute,Kharif,2023,16823,82769,4.92,Alluvial,Medium,Semi-Arid,NPK
Karnataka,Karnataka District,Soybean,Zaid,2023,28297,129600,4.58,Sandy,Medium,Semi-Arid,Urea
Karnataka,Karnataka District,Coffee,Kharif,2023,14425,25676,1.78,Clay Loam,High,Temperate,DAP + Urea
Karnataka,Karnataka District,Sugarcane,Rabi,2023,24472,83449,3.41,Black,Low,Semi-Arid,Potash
Karnataka,Karnataka District,Tea,Kharif,2023,23810,99763,4.19,Clay Loam,High,Temperate,DAP + Urea
Karnataka,Karnataka District,Bajra,Kharif,2023,18532,48368,2.61,Sandy,Low,Temperate,Potash
Karnataka,Karnataka District,Coconut,Kharif,2023,16627,81971,4.93,Red,Low,Tropical,Urea
Karnataka,Karnataka District,Maize,Rabi,2023,10963,25434,2.32,Black,Medium,Mountain,Potash
Karnataka,Karnataka District,Soybean,Rabi,2023,27089,75036,2.77,Sandy,High,Tropical,NPK
Karnataka,Karnataka District,Sugarcane,Kharif,2023,8815,34378,3.9,Loam,Medium,Temperate,Urea
Karnataka,Karnataka District,Mustard,Kharif,2023,24768,40371,1.63,Sandy,Medium,Semi-Arid,Urea
Karnataka,Karnataka District,Rubber,Rabi,2024,18831,82479,4.38,Red,Medium,Mountain,NPK
Karnataka,Karnataka District,Banana,Rabi,2024,29353,96864,3.3,Alluvial,Low,Humid,Organic + NPK
Karnataka,Karnataka District,Tea,Kharif,2024,13483,49078,3.64,Loam,Low,Temperate,DAP + Urea
Karnataka,Karnataka District,Sugarcane,Zaid,2024,24599,127914,5.2,Sandy,High,Temperate,Urea
Karnataka,Karnataka District,Ragi,Kharif,2024,8750,47687,5.45,Sandy,Low,Mountain,Potash
Karnataka,Karnataka District,Cotton,Zaid,2024,27080,121047,4.47,Black,Low,Mountain,Organic + NPK
Karnataka,Karnataka District,Potato,Zaid,2024,14143,41721,2.95,Clay Loam,Medium,Temperate,Potash
Karnataka,Karnataka District,Rubber,Rabi,2024,17063,42998,2.52,Black,High,Humid,DAP + Urea
Karnataka,Karnataka District,Onion,Zaid,2024,5008,16426,3.28,Sandy,Medium,Tropical,NPK
Karnataka,Karnataka District,Wheat,Rabi,2024,13828,79649,5.76,Sandy,Low,Mountain,Urea
Karnataka,Karnataka District,Banana,Zaid,2024,24253,111078,4.58,Clay Loam,Medium,Mountain,Urea
Karnataka,Karnataka District,Coffee,Rabi,2024,22692,110736,4.88,Laterite,Low,Tropical,DAP + Urea
Karnataka,Karnataka District,Ragi,Kharif,2025,2619,11654,4.45,Alluvial,High,Semi-Arid,Organic + NPK
Karnataka,Karnataka District,Soybean,Kharif,2025,5051,17324,3.43,Sandy,Medium,Humid,NPK
Karnataka,Karnataka District,Mustard,Rabi,2025,7471,20096,2.69,Laterite,Medium,Semi-Arid,Potash
Karnataka,Karnataka District,Rubber,Rabi,2025,25871,69592,2.69,Laterite,Medium,Mountain,Urea
Karnataka,Karnataka District,Apple,Zaid,2025,7643,31947,4.18,Laterite,Low,Temperate,Potash
Karnataka,Karnataka District,Rubber,Zaid,2025,18595,57458,3.09,Alluvial,Low,Tropical,Organic + NPK
Karnataka,Karnataka District,Wheat,Kharif,2025,21822,102126,4.68,Red,High,Tropical,NPK
Karnataka,Karnataka District,Potato,Kharif,2025,12473,31556,2.53,Red,Low,Temperate,Organic + NPK
Karnataka,Karnataka District,Mustard,Rabi,2025,9265,24089,2.6,Clay Loam,Low,Tropical,Organic + NPK
Karnataka,Karnataka District,Bajra,Zaid,2025,16833,34002,2.02,Laterite,Medium,Tropical,NPK
Karnataka,Karnataka District,Tea,Zaid,2025,16489,51940,3.15,Red,Low,Semi-Arid,Urea
Karnataka,Karnataka District,Groundnut,Zaid,2025,19071,93066,4.88,Red,Low,Mountain,Urea
Kerala,Kerala District,Jowar,Rabi,2016,15893,87729,5.52,Black,Medium,Semi-Arid,Organic + NPK
Kerala,Kerala District,Groundnut,Rabi,2016,29469,103141,3.5,Clay Loam,High,Temperate,DAP + Urea
Kerala,Kerala District,Groundnut,Kharif,2016,11390,51141,4.49,Alluvial,Low,Temperate,DAP + Urea
Kerala,Kerala District,Onion,Kharif,2016,17093,29399,1.72,Black,Medium,Semi-Arid,Urea
Kerala,Kerala District,Sugarcane,Rabi,2016,1015,3298,3.25,Alluvial,High,Mountain,DAP + Urea
Kerala,Kerala District,Maize,Kharif,2016,17188,45891,2.67,Clay Loam,High,Humid,NPK
Kerala,Kerala District,Banana,Zaid,2016,15019,28385,1.89,Alluvial,Low,Mountain,Organic + NPK
Kerala,Kerala District,Rubber,Kharif,2016,4251,24953,5.87,Clay Loam,Low,Mountain,NPK
Kerala,Kerala District,Jowar,Rabi,2016,21183,96382,4.55,Loam,High,Temperate,Potash
Kerala,Kerala District,Apple,Kharif,2016,20054,53744,2.68,Sandy,Low,Tropical,Potash
Kerala,Kerala District,Soybean,Zaid,2016,6661,15187,2.28,Alluvial,High,Humid,NPK
Kerala,Kerala District,Jowar,Kharif,2016,4121,17266,4.19,Alluvial,Low,Temperate,DAP + Urea
Kerala,Kerala District,Coconut,Kharif,2017,19213,48993,2.55,Alluvial,High,Semi-Arid,Urea
Kerala,Kerala District,Wheat,Rabi,2017,27415,59216,2.16,Laterite,High,Humid,Potash
Kerala,Kerala District,Ragi,Rabi,2017,20399,108114,5.3,Laterite,Low,Humid,Urea
Kerala,Kerala District,Jute,Rabi,2017,16694,25541,1.53,Black,Low,Humid,Urea
Kerala,Kerala District,Wheat,Kharif,2017,25542,136394,5.34,Red,High,Mountain,DAP + Urea
Kerala,Kerala District,Rubber,Kharif,2017,24041,82941,3.45,Clay Loam,Low,Mountain,Potash
Kerala,Kerala District,Ragi,Zaid,2017,27165,99695,3.67,Loam,Medium,Mountain,Organic + NPK
Kerala,Kerala District,Bajra,Rabi,2017,17840,66900,3.75,Black,High,Temperate,Organic + NPK
Kerala,Kerala District,Jowar,Zaid,2017,9563,38921,4.07,Laterite,Medium,Temperate,Potash
Kerala,Kerala District,Apple,Kharif,2017,3224,14346,4.45,Sandy,Medium,Mountain,Potash
Kerala,Kerala District,Groundnut,Kharif,2017,18226,99149,5.44,Laterite,Medium,Humid,Organic + NPK
Kerala,Kerala District,Maize,Kharif,2017,27350,107212,3.92,Black,High,Temperate,Organic + NPK
Kerala,Kerala District,Ragi,Zaid,2018,18205,69543,3.82,Black,Low,Temperate,Potash
Kerala,Kerala District,Soybean,Zaid,2018,7264,28547,3.93,Loam,Medium,Temperate,Urea
Kerala,Kerala District,Coconut,Kharif,2018,11347,51742,4.56,Red,Low,Temperate,DAP + Urea
Kerala,Kerala District,Coconut,Zaid,2018,18653,68829,3.69,Alluvial,Low,Mountain,NPK
Kerala,Kerala District,Rice,Kharif,2018,20790,74844,3.6,Clay Loam,Low,Temperate,NPK
Kerala,Kerala District,Coconut,Rabi,2018,26871,138654,5.16,Black,Medium,Semi-Arid,Urea
Kerala,Kerala District,Rubber,Zaid,2018,20195,75125,3.72,Sandy,High,Humid,NPK
Kerala,Kerala District,Ragi,Zaid,2018,11655,20862,1.79,Loam,Medium,Humid,Urea
Kerala,Kerala District,Ragi,Rabi,2018,2731,7810,2.86,Loam,High,Tropical,DAP + Urea
Kerala,Kerala District,Groundnut,Kharif,2018,6636,28468,4.29,Black,Medium,Temperate,Organic + NPK
Kerala,Kerala District,Tea,Rabi,2018,20828,80812,3.88,Alluvial,High,Semi-Arid,Organic + NPK
Kerala,Kerala District,Mustard,Zaid,2018,928,1818,1.96,Sandy,Medium,Tropical,NPK
Kerala,Kerala District,Banana,Kharif,2019,12527,38708,3.09,Black,High,Temperate,DAP + Urea
Kerala,Kerala District,Soybean,Zaid,2019,15758,90450,5.74,Black,Medium,Humid,Urea
Kerala,Kerala District,Mustard,Kharif,2019,13329,75575,5.67,Alluvial,Low,Tropical,DAP + Urea
Kerala,Kerala District,Ragi,Kharif,2019,10839,62541,5.77,Laterite,Medium,Temperate,NPK
Kerala,Kerala District,Bajra,Kharif,2019,19432,60433,3.11,Clay Loam,Medium,Semi-Arid,DAP + Urea
Kerala,Kerala District,Jowar,Kharif,2019,24059,67605,2.81,Red,Medium,Tropical,Potash
Kerala,Kerala District,Mustard,Zaid,2019,8115,48284,5.95,Loam,High,Humid,DAP + Urea
Kerala,Kerala District,Jute,Kharif,2019,10143,40267,3.97,Alluvial,Low,Mountain,NPK
Kerala,Kerala District,Ragi,Zaid,2019,4833,18220,3.77,Black,High,Tropical,DAP + Urea
Kerala,Kerala District,Groundnut,Kharif,2019,28070,70455,2.51,Sandy,High,Temperate,Potash
Kerala,Kerala District,Mustard,Zaid,2019,8691,41108,4.73,Red,High,Mountain,Urea
Kerala,Kerala District,Mustard,Kharif,2019,28107,133227,4.74,Laterite,High,Mountain,DAP + Urea
Kerala,Kerala District,Groundnut,Kharif,2020,13160,42506,3.23,Loam,Low,Mountain,Potash
Kerala,Kerala District,Cotton,Kharif,2020,18259,43273,2.37,Laterite,Low,Semi-Arid,NPK
Kerala,Kerala District,Ragi,Kharif,2020,29912,52944,1.77,Laterite,Low,Mountain,Potash
Kerala,Kerala District,Coffee,Kharif,2020,27871,90859,3.26,Black,Low,Mountain,Potash
Kerala,Kerala District,Mustard,Rabi,2020,9264,39927,4.31,Alluvial,Low,Semi-Arid,Urea
Kerala,Kerala District,Maize,Kharif,2020,25916,127247,4.91,Sandy,Medium,Temperate,Potash
Kerala,Kerala District,Rice,Kharif,2020,535,1449,2.71,Black,Low,Temperate,Urea
Kerala,Kerala District,Banana,Zaid,2020,9233,40625,4.4,Loam,Low,Humid,Organic + NPK
Kerala,Kerala District,Coffee,Rabi,2020,20829,124140,5.96,Sandy,Low,Mountain,Urea
Kerala,Kerala District,Jowar,Kharif,2020,532,1516,2.85,Laterite,Low,Humid,DAP + Urea
Kerala,Kerala District,Apple,Kharif,2020,28877,64684,2.24,Loam,Medium,Semi-Arid,Potash
Kerala,Kerala District,Wheat,Zaid,2020,5698,24843,4.36,Black,High,Humid,Urea
Kerala,Kerala District,Apple,Kharif,2021,24154,78983,3.27,Red,High,Semi-Arid,Potash
Kerala,Kerala District,Mustard,Kharif,2021,9701,40938,4.22,Laterite,High,Semi-Arid,DAP + Urea
Kerala,Kerala District,Coffee,Zaid,2021,21465,39066,1.82,Sandy,Medium,Temperate,Urea
Kerala,Kerala District,Wheat,Kharif,2021,2957,5086,1.72,Sandy,Low,Semi-Arid,DAP + Urea
Kerala,Kerala District,Apple,Rabi,2021,13308,51501,3.87,Laterite,High,Mountain,Urea
Kerala,Kerala District,Jowar,Kharif,2021,23033,54127,2.35,Alluvial,Medium,Humid,Urea
Kerala,Kerala District,Jute,Zaid,2021,10123,19132,1.89,Black,Low,Tropical,NPK
Kerala,Kerala District,Groundnut,Rabi,2021,27395,101635,3.71,Loam,Low,Semi-Arid,NPK
Kerala,Kerala District,Jute,Kharif,2021,8829,21277,2.41,Laterite,Low,Humid,Urea
Kerala,Kerala District,Sugarcane,Rabi,2021,23409,84740,3.62,Red,High,Temperate,NPK
Kerala,Kerala District,Maize,Zaid,2021,9200,44344,4.82,Black,Medium,Temperate,Potash
Kerala,Kerala District,Apple,Kharif,2021,24448,58186,2.38,Alluvial,Medium,Tropical,Potash
Kerala,Kerala District,Rice,Kharif,2022,17881,80464,4.5,Sandy,High,Temperate,Urea
Kerala,Kerala District,Groundnut,Kharif,2022,2117,9272,4.38,Loam,Low,Temperate,DAP + Urea
Kerala,Kerala District,Onion,Rabi,2022,1515,5363,3.54,Black,High,Temperate,Organic + NPK
Kerala,Kerala District,Wheat,Rabi,2022,17681,70193,3.97,Alluvial,Medium,Tropical,DAP + Urea
Kerala,Kerala District,Jute,Kharif,2022,19219,63614,3.31,Loam,Medium,Humid,DAP + Urea
Kerala,Kerala District,Tea,Kharif,2022,21824,61325,2.81,Alluvial,High,Mountain,Potash
Kerala,Kerala District,Coffee,Zaid,2022,18764,61358,3.27,Sandy,High,Tropical,DAP + Urea
Kerala,Kerala District,Groundnut,Rabi,2022,9616,41925,4.36,Alluvial,Medium,Temperate,Urea
Kerala,Kerala District,Maize,Kharif,2022,15568,83133,5.34,Black,High,Tropical,DAP + Urea
Kerala,Kerala District,Cotton,Kharif,2022,15357,87995,5.73,Sandy,Low,Mountain,DAP + Urea
Kerala,Kerala District,Ragi,Kharif,2022,19355,49548,2.56,Red,Medium,Tropical,NPK
Kerala,Kerala District,Groundnut,Zaid,2022,4421,7692,1.74,Black,Low,Humid,DAP + Urea
Kerala,Kerala District,Onion,Kharif,2023,693,3180,4.59,Laterite,Low,Semi-Arid,NPK
Kerala,Kerala District,Sugarcane,Kharif,2023,6390,11885,1.86,Red,Medium,Mountain,Urea
Kerala,Kerala District,Bajra,Kharif,2023,24887,91335,3.67,Clay Loam,High,Mountain,Potash
Kerala,Kerala District,Mustard,Zaid,2023,7815,22663,2.9,Laterite,Medium,Tropical,Organic + NPK
Kerala,Kerala District,Banana,Kharif,2023,23931,87826,3.67,Loam,High,Semi-Arid,DAP + Urea
Kerala,Kerala District,Groundnut,Rabi,2023,26970,61761,2.29,Sandy,Low,Semi-Arid,NPK
Kerala,Kerala District,Sugarcane,Kharif,2023,11737,56689,4.83,Clay Loam,Medium,Mountain,DAP + Urea
Kerala,Kerala District,Cotton,Rabi,2023,7090,30274,4.27,Black,High,Humid,DAP + Urea
Kerala,Kerala District,Coconut,Kharif,2023,27915,97423,3.49,Laterite,Medium,Humid,Organic + NPK
Kerala,Kerala District,Bajra,Rabi,2023,6889,40300,5.85,Alluvial,Medium,Mountain,DAP + Urea
Kerala,Kerala District,Banana,Kharif,2023,5335,14617,2.74,Clay Loam,High,Humid,Potash
Kerala,Kerala District,Mustard,Kharif,2023,7830,34060,4.35,Loam,High,Humid,Organic + NPK
Kerala,Kerala District,Jute,Rabi,2024,10812,61304,5.67,Red,Low,Tropical,Potash
Kerala,Kerala District,Apple,Rabi,2024,12992,63660,4.9,Loam,Medium,Temperate,DAP + Urea
Kerala,Kerala District,Banana,Zaid,2024,4338,8155,1.88,Clay Loam,Low,Tropical,DAP + Urea
Kerala,Kerala District,Mustard,Kharif,2024,12325,65076,5.28,Black,Medium,Semi-Arid,Urea
Kerala,Kerala District,Onion,Zaid,2024,8794,30515,3.47,Sandy,Low,Mountain,Organic + NPK
Kerala,Kerala District,Rubber,Rabi,2024,23691,96659,4.08,Alluvial,Medium,Mountain,NPK
Kerala,Kerala District,Tea,Rabi,2024,15145,41951,2.77,Sandy,Medium,Semi-Arid,Urea
Kerala,Kerala District,Rubber,Rabi,2024,5215,12255,2.35,Clay Loam,High,Temperate,Urea
Kerala,Kerala District,Cotton,Kharif,2024,17470,51361,2.94,Clay Loam,Low,Tropical,Potash
Kerala,Kerala District,Soybean,Rabi,2024,972,4189,4.31,Laterite,Medium,Temperate,Potash
Kerala,Kerala District,Ragi,Kharif,2024,24282,62890,2.59,Sandy,Medium,Tropical,NPK
Kerala,Kerala District,Wheat,Rabi,2024,669,3030,4.53,Black,High,Humid,Organic + NPK
Kerala,Kerala District,Apple,Rabi,2025,11058,21341,1.93,Sandy,Medium,Mountain,NPK
Kerala,Kerala District,Apple,Rabi,2025,13661,73906,5.41,Laterite,High,Humid,DAP + Urea
Kerala,Kerala District,Banana,Rabi,2025,10697,18077,1.69,Alluvial,High,Mountain,Potash
Kerala,Kerala District,Soybean,Kharif,2025,5024,25120,5,Loam,High,Mountain,Urea
Kerala,Kerala District,Bajra,Rabi,2025,11458,22343,1.95,Laterite,High,Semi-Arid,Urea
Kerala,Kerala District,Coffee,Zaid,2025,1705,10127,5.94,Red,Low,Tropical,DAP + Urea
Kerala,Kerala District,Coffee,Zaid,2025,8221,48750,5.93,Red,Medium,Semi-Arid,Organic + NPK
Kerala,Kerala District,Coffee,Kharif,2025,14950,53072,3.55,Sandy,High,Humid,Urea
Kerala,Kerala District,Jowar,Zaid,2025,16409,29536,1.8,Alluvial,Low,Mountain,Urea
Kerala,Kerala District,Groundnut,Kharif,2025,25864,81988,3.17,Alluvial,Medium,Mountain,NPK
Kerala,Kerala District,Mustard,Rabi,2025,26377,131093,4.97,Clay Loam,Low,Mountain,NPK
Kerala,Kerala District,Rubber,Rabi,2025,2125,5248,2.47,Red,Low,Temperate,DAP + Urea
Madhya Pradesh,Madhya Pradesh District,Rice,Rabi,2016,16367,36662,2.24,Black,High,Humid,Potash
Madhya Pradesh,Madhya Pradesh District,Banana,Rabi,2016,9010,31895,3.54,Red,Low,Semi-Arid,Urea
Madhya Pradesh,Madhya Pradesh District,Jute,Rabi,2016,2089,6559,3.14,Red,Low,Humid,DAP + Urea
Madhya Pradesh,Madhya Pradesh District,Cotton,Rabi,2016,2865,16015,5.59,Sandy,Medium,Semi-Arid,Organic + NPK
Madhya Pradesh,Madhya Pradesh District,Bajra,Zaid,2016,22947,104408,4.55,Red,Low,Semi-Arid,DAP + Urea
Madhya Pradesh,Madhya Pradesh District,Maize,Kharif,2016,16024,80921,5.05,Clay Loam,High,Mountain,Organic + NPK
Madhya Pradesh,Madhya Pradesh District,Mustard,Kharif,2016,9772,18664,1.91,Laterite,Medium,Semi-Arid,DAP + Urea
Madhya Pradesh,Madhya Pradesh District,Coffee,Kharif,2016,2044,5723,2.8,Red,High,Temperate,Organic + NPK
Madhya Pradesh,Madhya Pradesh District,Apple,Rabi,2016,12947,36251,2.8,Loam,Medium,Semi-Arid,Organic + NPK
Madhya Pradesh,Madhya Pradesh District,Bajra,Zaid,2016,24439,85536,3.5,Black,Low,Temperate,Organic + NPK
Madhya Pradesh,Madhya Pradesh District,Coffee,Zaid,2016,1718,8744,5.09,Loam,Low,Humid,Urea
Madhya Pradesh,Madhya Pradesh District,Tea,Zaid,2016,25660,140616,5.48,Alluvial,High,Tropical,DAP + Urea
Madhya Pradesh,Madhya Pradesh District,Potato,Rabi,2017,21481,85924,4,Sandy,Medium,Humid,Organic + NPK
Madhya Pradesh,Madhya Pradesh District,Onion,Rabi,2017,10233,18010,1.76,Red,Medium,Semi-Arid,Potash
Madhya Pradesh,Madhya Pradesh District,Banana,Zaid,2017,13264,65922,4.97,Sandy,High,Humid,NPK
Madhya Pradesh,Madhya Pradesh District,Potato,Rabi,2017,25928,118750,4.58,Alluvial,High,Semi-Arid,DAP + Urea
Madhya Pradesh,Madhya Pradesh District,Ragi,Rabi,2017,28106,99495,3.54,Red,Low,Mountain,Potash
Madhya Pradesh,Madhya Pradesh District,Soybean,Zaid,2017,26364,59055,2.24,Laterite,Medium,Tropical,Urea
Madhya Pradesh,Madhya Pradesh District,Onion,Kharif,2017,1546,4653,3.01,Red,Low,Temperate,Urea
Madhya Pradesh,Madhya Pradesh District,Jute,Zaid,2017,8011,29240,3.65,Loam,Low,Humid,Urea
Madhya Pradesh,Madhya Pradesh District,Groundnut,Zaid,2017,23966,99458,4.15,Red,Low,Humid,NPK
Madhya Pradesh,Madhya Pradesh District,Soybean,Kharif,2017,2155,4417,2.05,Black,High,Humid,Potash
Madhya Pradesh,Madhya Pradesh District,Cotton,Kharif,2017,15784,50508,3.2,Sandy,Medium,Temperate,Organic + NPK
Madhya Pradesh,Madhya Pradesh District,Jute,Rabi,2017,18424,66510,3.61,Loam,High,Semi-Arid,Urea
Madhya Pradesh,Madhya Pradesh District,Maize,Rabi,2018,1751,7021,4.01,Loam,Low,Humid,Urea
Madhya Pradesh,Madhya Pradesh District,Coconut,Kharif,2018,593,1820,3.07,Red,Low,Temperate,NPK
Madhya Pradesh,Madhya Pradesh District,Coffee,Zaid,2018,10060,48388,4.81,Laterite,High,Tropical,DAP + Urea
Madhya Pradesh,Madhya Pradesh District,Wheat,Kharif,2018,29011,152597,5.26,Sandy,High,Temperate,Potash
Madhya Pradesh,Madhya Pradesh District,Coffee,Rabi,2018,24811,106439,4.29,Laterite,High,Humid,NPK
Madhya Pradesh,Madhya Pradesh District,Wheat,Zaid,2018,4518,8493,1.88,Sandy,High,Tropical,DAP + Urea
Madhya Pradesh,Madhya Pradesh District,Wheat,Kharif,2018,1368,6908,5.05,Sandy,Medium,Humid,Potash
Madhya Pradesh,Madhya Pradesh District,Mustard,Kharif,2018,18480,71332,3.86,Black,Medium,Semi-Arid,Potash
Madhya Pradesh,Madhya Pradesh District,Rubber,Rabi,2018,13582,21187,1.56,Black,Medium,Temperate,Organic + NPK
Madhya Pradesh,Madhya Pradesh District,Ragi,Zaid,2018,28885,76256,2.64,Loam,High,Humid,NPK
Madhya Pradesh,Madhya Pradesh District,Bajra,Rabi,2018,18137,43528,2.4,Black,High,Semi-Arid,DAP + Urea
Madhya Pradesh,Madhya Pradesh District,Banana,Rabi,2018,7793,25327,3.25,Laterite,Low,Semi-Arid,Potash
Madhya Pradesh,Madhya Pradesh District,Sugarcane,Rabi,2019,17277,64615,3.74,Alluvial,Low,Humid,Potash
Madhya Pradesh,Madhya Pradesh District,Bajra,Zaid,2019,19171,55787,2.91,Loam,Low,Mountain,Potash
Madhya Pradesh,Madhya Pradesh District,Coffee,Zaid,2019,4177,11570,2.77,Red,Medium,Mountain,Potash
Madhya Pradesh,Madhya Pradesh District,Rubber,Zaid,2019,26981,140301,5.2,Black,Low,Temperate,Potash
Madhya Pradesh,Madhya Pradesh District,Soybean,Kharif,2019,8227,23776,2.89,Sandy,Low,Humid,DAP + Urea
Madhya Pradesh,Madhya Pradesh District,Soybean,Kharif,2019,19538,61349,3.14,Loam,Low,Semi-Arid,Urea
Madhya Pradesh,Madhya Pradesh District,Maize,Kharif,2019,17740,73798,4.16,Black,Medium,Semi-Arid,DAP + Urea
Madhya Pradesh,Madhya Pradesh District,Ragi,Zaid,2019,2293,3852,1.68,Black,High,Temperate,DAP + Urea
Madhya Pradesh,Madhya Pradesh District,Banana,Zaid,2019,25385,139363,5.49,Sandy,Medium,Tropical,Potash
Madhya Pradesh,Madhya Pradesh District,Ragi,Kharif,2019,15441,39220,2.54,Laterite,Medium,Tropical,NPK
Madhya Pradesh,Madhya Pradesh District,Tea,Rabi,2019,17520,81818,4.67,Red,Medium,Semi-Arid,Organic + NPK
Madhya Pradesh,Madhya Pradesh District,Sugarcane,Rabi,2019,15609,86005,5.51,Red,High,Temperate,Urea
Madhya Pradesh,Madhya Pradesh District,Maize,Rabi,2020,24085,129336,5.37,Sandy,Low,Semi-Arid,Organic + NPK
Madhya Pradesh,Madhya Pradesh District,Sugarcane,Kharif,2020,7574,40293,5.32,Red,Medium,Humid,NPK
Madhya Pradesh,Madhya Pradesh District,Rice,Kharif,2020,21533,78595,3.65,Red,High,Temperate,Potash
Madhya Pradesh,Madhya Pradesh District,Maize,Rabi,2020,3667,7297,1.99,Sandy,Medium,Tropical,Potash
Madhya Pradesh,Madhya Pradesh District,Apple,Kharif,2020,2203,6807,3.09,Red,Medium,Humid,NPK
Madhya Pradesh,Madhya Pradesh District,Rubber,Zaid,2020,1688,7849,4.65,Loam,High,Tropical,Urea
Madhya Pradesh,Madhya Pradesh District,Sugarcane,Zaid,2020,26675,90695,3.4,Clay Loam,Low,Humid,Urea
Madhya Pradesh,Madhya Pradesh District,Coconut,Rabi,2020,28837,56520,1.96,Laterite,Low,Semi-Arid,Urea
Madhya Pradesh,Madhya Pradesh District,Apple,Zaid,2020,21556,97433,4.52,Loam,Medium,Mountain,Urea
Madhya Pradesh,Madhya Pradesh District,Coconut,Zaid,2020,28385,63866,2.25,Loam,High,Tropical,DAP + Urea
Madhya Pradesh,Madhya Pradesh District,Sugarcane,Kharif,2020,2514,9176,3.65,Loam,Low,Mountain,Urea
Madhya Pradesh,Madhya Pradesh District,Banana,Rabi,2020,23208,40614,1.75,Sandy,Medium,Humid,Potash
Madhya Pradesh,Madhya Pradesh District,Banana,Zaid,2021,29990,155348,5.18,Black,Low,Mountain,Urea
Madhya Pradesh,Madhya Pradesh District,Mustard,Kharif,2021,15695,47712,3.04,Alluvial,Low,Temperate,NPK
Madhya Pradesh,Madhya Pradesh District,Sugarcane,Kharif,2021,24022,83116,3.46,Loam,Low,Mountain,Potash
Madhya Pradesh,Madhya Pradesh District,Coffee,Kharif,2021,7760,45396,5.85,Laterite,Medium,Semi-Arid,Urea
Madhya Pradesh,Madhya Pradesh District,Onion,Zaid,2021,14272,60370,4.23,Laterite,Low,Mountain,Urea
Madhya Pradesh,Madhya Pradesh District,Wheat,Zaid,2021,26184,46345,1.77,Alluvial,High,Semi-Arid,Urea
Madhya Pradesh,Madhya Pradesh District,Ragi,Rabi,2021,2392,9950,4.16,Laterite,Medium,Semi-Arid,Urea
Madhya Pradesh,Madhya Pradesh District,Groundnut,Kharif,2021,19235,79440,4.13,Red,High,Tropical,Urea
Madhya Pradesh,Madhya Pradesh District,Mustard,Rabi,2021,29796,51249,1.72,Clay Loam,Medium,Temperate,Organic + NPK
Madhya Pradesh,Madhya Pradesh District,Rubber,Kharif,2021,24355,110815,4.55,Clay Loam,Low,Tropical,NPK
Madhya Pradesh,Madhya Pradesh District,Bajra,Rabi,2021,14339,61944,4.32,Loam,High,Humid,DAP + Urea
Madhya Pradesh,Madhya Pradesh District,Cotton,Kharif,2021,26943,74362,2.76,Alluvial,Low,Tropical,Organic + NPK
Madhya Pradesh,Madhya Pradesh District,Potato,Zaid,2022,4922,9499,1.93,Loam,Medium,Mountain,Organic + NPK
Madhya Pradesh,Madhya Pradesh District,Banana,Kharif,2022,8963,15954,1.78,Sandy,Medium,Semi-Arid,Organic + NPK
Madhya Pradesh,Madhya Pradesh District,Groundnut,Zaid,2022,27982,144946,5.18,Red,Low,Temperate,DAP + Urea
Madhya Pradesh,Madhya Pradesh District,Mustard,Rabi,2022,15852,88454,5.58,Red,High,Tropical,Potash
Madhya Pradesh,Madhya Pradesh District,Ragi,Zaid,2022,13432,22968,1.71,Black,Medium,Semi-Arid,NPK
Madhya Pradesh,Madhya Pradesh District,Jute,Kharif,2022,12357,47450,3.84,Sandy,Low,Tropical,Urea
Madhya Pradesh,Madhya Pradesh District,Maize,Rabi,2022,12687,58867,4.64,Black,Low,Humid,Potash
Madhya Pradesh,Madhya Pradesh District,Tea,Kharif,2022,13539,50229,3.71,Laterite,Medium,Mountain,Urea
Madhya Pradesh,Madhya Pradesh District,Soybean,Rabi,2022,9582,39765,4.15,Clay Loam,Low,Tropical,DAP + Urea
Madhya Pradesh,Madhya Pradesh District,Tea,Kharif,2022,20452,38449,1.88,Clay Loam,Medium,Mountain,Urea
Madhya Pradesh,Madhya Pradesh District,Coffee,Rabi,2022,21591,54625,2.53,Red,High,Semi-Arid,DAP + Urea
Madhya Pradesh,Madhya Pradesh District,Rice,Zaid,2022,17442,85465,4.9,Sandy,Low,Semi-Arid,DAP + Urea
Madhya Pradesh,Madhya Pradesh District,Banana,Kharif,2023,7988,45371,5.68,Laterite,High,Mountain,NPK
Madhya Pradesh,Madhya Pradesh District,Soybean,Zaid,2023,10995,23089,2.1,Loam,Low,Temperate,Potash
Madhya Pradesh,Madhya Pradesh District,Coffee,Rabi,2023,2951,14430,4.89,Loam,Medium,Semi-Arid,Organic + NPK
Madhya Pradesh,Madhya Pradesh District,Onion,Zaid,2023,23679,94952,4.01,Alluvial,Low,Humid,Organic + NPK
Madhya Pradesh,Madhya Pradesh District,Onion,Zaid,2023,27246,56399,2.07,Red,Low,Mountain,Urea
Madhya Pradesh,Madhya Pradesh District,Cotton,Zaid,2023,8493,21742,2.56,Red,Low,Mountain,Potash
Madhya Pradesh,Madhya Pradesh District,Ragi,Zaid,2023,4592,21490,4.68,Clay Loam,Low,Mountain,Organic + NPK
Madhya Pradesh,Madhya Pradesh District,Cotton,Rabi,2023,14866,45638,3.07,Laterite,Low,Semi-Arid,Potash
Madhya Pradesh,Madhya Pradesh District,Bajra,Kharif,2023,14746,63407,4.3,Loam,High,Humid,Organic + NPK
Madhya Pradesh,Madhya Pradesh District,Mustard,Zaid,2023,24631,42365,1.72,Loam,Low,Mountain,DAP + Urea
Madhya Pradesh,Madhya Pradesh District,Bajra,Rabi,2023,7321,40777,5.57,Laterite,High,Tropical,Potash
Madhya Pradesh,Madhya Pradesh District,Rice,Rabi,2023,7134,16836,2.36,Laterite,Low,Temperate,DAP + Urea
Madhya Pradesh,Madhya Pradesh District,Apple,Rabi,2024,6478,32908,5.08,Black,Low,Mountain,NPK
Madhya Pradesh,Madhya Pradesh District,Tea,Kharif,2024,1451,4628,3.19,Alluvial,Medium,Temperate,Potash
Madhya Pradesh,Madhya Pradesh District,Jowar,Rabi,2024,1681,4421,2.63,Alluvial,High,Temperate,DAP + Urea
Madhya Pradesh,Madhya Pradesh District,Potato,Rabi,2024,5064,17015,3.36,Clay Loam,Low,Semi-Arid,Urea
Madhya Pradesh,Madhya Pradesh District,Ragi,Kharif,2024,20798,39100,1.88,Clay Loam,High,Mountain,Urea
Madhya Pradesh,Madhya Pradesh District,Wheat,Kharif,2024,11962,22967,1.92,Laterite,High,Semi-Arid,Urea
Madhya Pradesh,Madhya Pradesh District,Soybean,Zaid,2024,22928,40582,1.77,Laterite,Low,Temperate,Organic + NPK
Madhya Pradesh,Madhya Pradesh District,Wheat,Rabi,2024,24765,77762,3.14,Black,Low,Humid,Urea
Madhya Pradesh,Madhya Pradesh District,Soybean,Kharif,2024,10280,55203,5.37,Laterite,Low,Semi-Arid,NPK
Madhya Pradesh,Madhya Pradesh District,Tea,Rabi,2024,28583,115189,4.03,Laterite,Medium,Semi-Arid,Potash
Madhya Pradesh,Madhya Pradesh District,Bajra,Kharif,2024,1983,6444,3.25,Loam,Low,Temperate,NPK
Madhya Pradesh,Madhya Pradesh District,Sugarcane,Rabi,2024,24351,40422,1.66,Loam,Low,Humid,Urea
Madhya Pradesh,Madhya Pradesh District,Banana,Zaid,2025,16036,28544,1.78,Sandy,Medium,Tropical,NPK
Madhya Pradesh,Madhya Pradesh District,Apple,Kharif,2025,19773,118440,5.99,Sandy,High,Humid,Potash
Madhya Pradesh,Madhya Pradesh District,Tea,Kharif,2025,22815,112249,4.92,Black,Medium,Temperate,NPK
Madhya Pradesh,Madhya Pradesh District,Bajra,Rabi,2025,25862,149999,5.8,Black,Low,Temperate,Potash
Madhya Pradesh,Madhya Pradesh District,Coconut,Rabi,2025,14466,41662,2.88,Laterite,Low,Mountain,Organic + NPK
Madhya Pradesh,Madhya Pradesh District,Apple,Kharif,2025,4576,9792,2.14,Alluvial,Medium,Tropical,Potash
Madhya Pradesh,Madhya Pradesh District,Onion,Rabi,2025,28402,153938,5.42,Clay Loam,High,Mountain,DAP + Urea
Madhya Pradesh,Madhya Pradesh District,Jute,Kharif,2025,8424,47090,5.59,Loam,Medium,Mountain,Organic + NPK
Madhya Pradesh,Madhya Pradesh District,Sugarcane,Kharif,2025,2475,10048,4.06,Clay Loam,Low,Humid,Potash
Madhya Pradesh,Madhya Pradesh District,Maize,Zaid,2025,20165,86911,4.31,Clay Loam,Low,Humid,Potash
Madhya Pradesh,Madhya Pradesh District,Cotton,Kharif,2025,17261,27962,1.62,Laterite,Medium,Semi-Arid,NPK
Madhya Pradesh,Madhya Pradesh District,Coconut,Kharif,2025,17052,31716,1.86,Black,Medium,Mountain,Urea
Maharashtra,Maharashtra District,Jowar,Kharif,2016,29332,65703,2.24,Alluvial,Medium,Tropical,DAP + Urea
Maharashtra,Maharashtra District,Mustard,Zaid,2016,16988,77635,4.57,Sandy,Low,Tropical,Potash
Maharashtra,Maharashtra District,Jowar,Kharif,2016,7346,13149,1.79,Sandy,Medium,Semi-Arid,NPK
Maharashtra,Maharashtra District,Wheat,Zaid,2016,20397,111571,5.47,Sandy,Medium,Tropical,DAP + Urea
Maharashtra,Maharashtra District,Cotton,Kharif,2016,18295,72448,3.96,Red,Medium,Temperate,DAP + Urea
Maharashtra,Maharashtra District,Jowar,Kharif,2016,24341,80325,3.3,Red,Medium,Mountain,Urea
Maharashtra,Maharashtra District,Apple,Zaid,2016,20944,77073,3.68,Red,High,Semi-Arid,Organic + NPK
Maharashtra,Maharashtra District,Rice,Rabi,2016,630,3244,5.15,Red,Low,Semi-Arid,Urea
Maharashtra,Maharashtra District,Coconut,Kharif,2016,16070,59137,3.68,Clay Loam,Low,Temperate,Urea
Maharashtra,Maharashtra District,Mustard,Rabi,2016,2460,14464,5.88,Clay Loam,Medium,Semi-Arid,Potash
Maharashtra,Maharashtra District,Tea,Rabi,2016,9281,41857,4.51,Clay Loam,Medium,Humid,Urea
Maharashtra,Maharashtra District,Coffee,Kharif,2016,911,3725,4.09,Black,High,Mountain,Organic + NPK
Maharashtra,Maharashtra District,Jowar,Rabi,2017,1439,6748,4.69,Sandy,Low,Semi-Arid,Potash
Maharashtra,Maharashtra District,Coffee,Zaid,2017,22322,108484,4.86,Black,Medium,Tropical,NPK
Maharashtra,Maharashtra District,Wheat,Kharif,2017,18576,71517,3.85,Loam,Medium,Humid,NPK
Maharashtra,Maharashtra District,Bajra,Kharif,2017,26876,157762,5.87,Loam,Low,Temperate,Organic + NPK
Maharashtra,Maharashtra District,Onion,Kharif,2017,20401,107105,5.25,Clay Loam,High,Tropical,Potash
Maharashtra,Maharashtra District,Ragi,Kharif,2017,5874,23730,4.04,Red,High,Semi-Arid,Urea
Maharashtra,Maharashtra District,Coffee,Zaid,2017,28404,96005,3.38,Black,Medium,Temperate,NPK
Maharashtra,Maharashtra District,Soybean,Zaid,2017,28591,115221,4.03,Alluvial,High,Mountain,DAP + Urea
Maharashtra,Maharashtra District,Mustard,Zaid,2017,29755,158296,5.32,Clay Loam,High,Temperate,Urea
Maharashtra,Maharashtra District,Mustard,Kharif,2017,18865,70743,3.75,Loam,Low,Humid,Organic + NPK
Maharashtra,Maharashtra District,Rubber,Rabi,2017,6660,12187,1.83,Alluvial,Low,Mountain,NPK
Maharashtra,Maharashtra District,Banana,Kharif,2017,12542,25334,2.02,Red,Medium,Temperate,DAP + Urea
Maharashtra,Maharashtra District,Sugarcane,Kharif,2018,3460,10553,3.05,Loam,Low,Humid,DAP + Urea
Maharashtra,Maharashtra District,Sugarcane,Rabi,2018,8392,39610,4.72,Sandy,Low,Semi-Arid,NPK
Maharashtra,Maharashtra District,Maize,Zaid,2018,15924,31370,1.97,Red,High,Semi-Arid,Urea
Maharashtra,Maharashtra District,Ragi,Rabi,2018,27442,84246,3.07,Clay Loam,Medium,Semi-Arid,NPK
Maharashtra,Maharashtra District,Groundnut,Kharif,2018,5836,12255,2.1,Red,High,Humid,DAP + Urea
Maharashtra,Maharashtra District,Mustard,Zaid,2018,20222,61677,3.05,Red,High,Temperate,NPK
Maharashtra,Maharashtra District,Maize,Zaid,2018,12560,50993,4.06,Red,Medium,Semi-Arid,Organic + NPK
Maharashtra,Maharashtra District,Maize,Zaid,2018,26666,94664,3.55,Laterite,Low,Semi-Arid,DAP + Urea
Maharashtra,Maharashtra District,Onion,Kharif,2018,10138,16930,1.67,Loam,Medium,Tropical,Urea
Maharashtra,Maharashtra District,Jute,Kharif,2018,14801,42182,2.85,Loam,Medium,Mountain,Organic + NPK
Maharashtra,Maharashtra District,Maize,Kharif,2018,5342,27511,5.15,Sandy,Medium,Humid,Organic + NPK
Maharashtra,Maharashtra District,Maize,Zaid,2018,10526,61471,5.84,Black,Low,Tropical,Potash
Maharashtra,Maharashtra District,Soybean,Kharif,2019,17115,82323,4.81,Red,Medium,Tropical,Organic + NPK
Maharashtra,Maharashtra District,Ragi,Zaid,2019,10283,28278,2.75,Sandy,Low,Mountain,DAP + Urea
Maharashtra,Maharashtra District,Apple,Zaid,2019,15464,27835,1.8,Sandy,High,Humid,Urea
Maharashtra,Maharashtra District,Cotton,Rabi,2019,18543,39682,2.14,Loam,Low,Humid,DAP + Urea
Maharashtra,Maharashtra District,Wheat,Zaid,2019,5436,24027,4.42,Alluvial,High,Semi-Arid,DAP + Urea
Maharashtra,Maharashtra District,Mustard,Rabi,2019,3540,8496,2.4,Black,Medium,Temperate,Urea
Maharashtra,Maharashtra District,Tea,Rabi,2019,10281,60863,5.92,Alluvial,Medium,Temperate,Potash
Maharashtra,Maharashtra District,Jute,Zaid,2019,28305,43306,1.53,Sandy,Low,Humid,DAP + Urea
Maharashtra,Maharashtra District,Maize,Rabi,2019,9258,14164,1.53,Loam,Medium,Mountain,Potash
Maharashtra,Maharashtra District,Cotton,Kharif,2019,4141,20705,5,Laterite,Medium,Temperate,DAP + Urea
Maharashtra,Maharashtra District,Rubber,Kharif,2019,27143,65143,2.4,Alluvial,Medium,Semi-Arid,Urea
Maharashtra,Maharashtra District,Apple,Zaid,2019,27212,108848,4,Laterite,Low,Semi-Arid,Potash
Maharashtra,Maharashtra District,Bajra,Rabi,2020,4031,23137,5.74,Alluvial,High,Humid,Organic + NPK
Maharashtra,Maharashtra District,Tea,Rabi,2020,3485,5297,1.52,Alluvial,High,Temperate,Urea
Maharashtra,Maharashtra District,Coffee,Kharif,2020,13065,65063,4.98,Black,Medium,Semi-Arid,DAP + Urea
Maharashtra,Maharashtra District,Tea,Kharif,2020,9555,41277,4.32,Alluvial,High,Semi-Arid,Organic + NPK
Maharashtra,Maharashtra District,Jute,Rabi,2020,19259,96102,4.99,Alluvial,High,Semi-Arid,DAP + Urea
Maharashtra,Maharashtra District,Jowar,Zaid,2020,28819,137754,4.78,Laterite,High,Mountain,Potash
Maharashtra,Maharashtra District,Banana,Kharif,2020,18062,59423,3.29,Sandy,Low,Temperate,NPK
Maharashtra,Maharashtra District,Groundnut,Rabi,2020,11846,68588,5.79,Red,Low,Tropical,NPK
Maharashtra,Maharashtra District,Wheat,Kharif,2020,23476,62680,2.67,Black,High,Temperate,Organic + NPK
Maharashtra,Maharashtra District,Potato,Kharif,2020,25470,104426,4.1,Sandy,Low,Humid,NPK
Maharashtra,Maharashtra District,Soybean,Rabi,2020,4060,23872,5.88,Loam,Medium,Mountain,Potash
Maharashtra,Maharashtra District,Onion,Rabi,2020,4683,27723,5.92,Alluvial,Low,Humid,NPK
Maharashtra,Maharashtra District,Tea,Kharif,2021,13821,80023,5.79,Sandy,High,Mountain,NPK
Maharashtra,Maharashtra District,Rice,Rabi,2021,29916,177701,5.94,Clay Loam,Low,Mountain,NPK
Maharashtra,Maharashtra District,Coffee,Rabi,2021,15425,35323,2.29,Sandy,High,Mountain,NPK
Maharashtra,Maharashtra District,Rice,Zaid,2021,4782,13724,2.87,Laterite,High,Mountain,NPK
Maharashtra,Maharashtra District,Rubber,Kharif,2021,8573,20403,2.38,Laterite,Low,Tropical,NPK
Maharashtra,Maharashtra District,Onion,Kharif,2021,9361,27614,2.95,Alluvial,High,Temperate,NPK
Maharashtra,Maharashtra District,Tea,Rabi,2021,21358,51259,2.4,Black,High,Semi-Arid,Potash
Maharashtra,Maharashtra District,Cotton,Kharif,2021,29721,115911,3.9,Laterite,High,Temperate,Organic + NPK
Maharashtra,Maharashtra District,Apple,Rabi,2021,22637,101187,4.47,Laterite,Medium,Temperate,DAP + Urea
Maharashtra,Maharashtra District,Groundnut,Zaid,2021,5625,21037,3.74,Red,Low,Mountain,DAP + Urea
Maharashtra,Maharashtra District,Bajra,Zaid,2021,28046,167434,5.97,Loam,High,Tropical,Urea
Maharashtra,Maharashtra District,Onion,Kharif,2021,9427,41855,4.44,Clay Loam,Medium,Tropical,Potash
Maharashtra,Maharashtra District,Bajra,Zaid,2022,1971,4513,2.29,Loam,Medium,Tropical,NPK
Maharashtra,Maharashtra District,Rice,Rabi,2022,19382,76365,3.94,Clay Loam,Medium,Humid,Potash
Maharashtra,Maharashtra District,Cotton,Kharif,2022,29980,68954,2.3,Red,High,Mountain,NPK
Maharashtra,Maharashtra District,Wheat,Kharif,2022,4519,9761,2.16,Red,Low,Mountain,Potash
Maharashtra,Maharashtra District,Soybean,Rabi,2022,22673,125835,5.55,Laterite,Medium,Semi-Arid,Urea
Maharashtra,Maharashtra District,Potato,Zaid,2022,6767,18338,2.71,Black,High,Semi-Arid,DAP + Urea
Maharashtra,Maharashtra District,Coffee,Kharif,2022,7663,14942,1.95,Laterite,High,Temperate,Organic + NPK
Maharashtra,Maharashtra District,Onion,Kharif,2022,12665,64971,5.13,Black,Low,Humid,Organic + NPK
Maharashtra,Maharashtra District,Apple,Kharif,2022,15442,30111,1.95,Sandy,High,Mountain,Organic + NPK
Maharashtra,Maharashtra District,Soybean,Kharif,2022,5688,15642,2.75,Alluvial,Low,Semi-Arid,Potash
Maharashtra,Maharashtra District,Coconut,Rabi,2022,10625,25818,2.43,Sandy,Medium,Mountain,Urea
Maharashtra,Maharashtra District,Mustard,Zaid,2022,27870,164990,5.92,Alluvial,Medium,Humid,Urea
Maharashtra,Maharashtra District,Banana,Zaid,2023,24585,130300,5.3,Red,Medium,Semi-Arid,DAP + Urea
Maharashtra,Maharashtra District,Potato,Kharif,2023,3735,19123,5.12,Black,Low,Semi-Arid,DAP + Urea
Maharashtra,Maharashtra District,Cotton,Kharif,2023,4082,16328,4,Loam,Low,Tropical,Potash
Maharashtra,Maharashtra District,Jute,Zaid,2023,7822,30740,3.93,Red,Medium,Tropical,DAP + Urea
Maharashtra,Maharashtra District,Tea,Rabi,2023,24920,40121,1.61,Red,Medium,Mountain,Organic + NPK
Maharashtra,Maharashtra District,Groundnut,Rabi,2023,14638,67334,4.6,Sandy,Medium,Humid,Potash
Maharashtra,Maharashtra District,Coffee,Kharif,2023,7338,24802,3.38,Loam,High,Semi-Arid,Organic + NPK
Maharashtra,Maharashtra District,Jowar,Zaid,2023,13491,41552,3.08,Alluvial,Medium,Temperate,NPK
Maharashtra,Maharashtra District,Ragi,Kharif,2023,8252,37299,4.52,Clay Loam,High,Humid,DAP + Urea
Maharashtra,Maharashtra District,Apple,Rabi,2023,29075,49718,1.71,Black,High,Humid,Potash
Maharashtra,Maharashtra District,Coffee,Zaid,2023,23848,136410,5.72,Clay Loam,Low,Humid,Organic + NPK
Maharashtra,Maharashtra District,Ragi,Zaid,2023,17342,84282,4.86,Sandy,Low,Tropical,Urea
Maharashtra,Maharashtra District,Jowar,Kharif,2024,27307,41779,1.53,Clay Loam,Medium,Tropical,NPK
Maharashtra,Maharashtra District,Bajra,Zaid,2024,2205,11862,5.38,Laterite,Medium,Tropical,DAP + Urea
Maharashtra,Maharashtra District,Soybean,Rabi,2024,24686,146141,5.92,Red,Medium,Mountain,DAP + Urea
Maharashtra,Maharashtra District,Ragi,Kharif,2024,11077,41095,3.71,Clay Loam,High,Temperate,DAP + Urea
Maharashtra,Maharashtra District,Banana,Zaid,2024,6695,29792,4.45,Alluvial,Low,Tropical,NPK
Maharashtra,Maharashtra District,Soybean,Zaid,2024,25221,78437,3.11,Black,Low,Temperate,Organic + NPK
Maharashtra,Maharashtra District,Mustard,Rabi,2024,8014,12902,1.61,Sandy,High,Semi-Arid,DAP + Urea
Maharashtra,Maharashtra District,Ragi,Kharif,2024,22187,98288,4.43,Sandy,Low,Semi-Arid,Organic + NPK
Maharashtra,Maharashtra District,Coffee,Zaid,2024,27055,89552,3.31,Alluvial,Low,Humid,Potash
Maharashtra,Maharashtra District,Tea,Rabi,2024,23040,75340,3.27,Red,Low,Semi-Arid,NPK
Maharashtra,Maharashtra District,Jute,Kharif,2024,24142,141713,5.87,Red,Low,Temperate,Organic + NPK
Maharashtra,Maharashtra District,Coconut,Zaid,2024,28893,172780,5.98,Black,High,Temperate,Potash
Maharashtra,Maharashtra District,Tea,Kharif,2025,13731,25951,1.89,Clay Loam,High,Mountain,Potash
Maharashtra,Maharashtra District,Cotton,Rabi,2025,24853,136442,5.49,Red,Medium,Temperate,Organic + NPK
Maharashtra,Maharashtra District,Jute,Kharif,2025,1642,9260,5.64,Clay Loam,Medium,Humid,Organic + NPK
Maharashtra,Maharashtra District,Apple,Rabi,2025,19180,39319,2.05,Black,Low,Tropical,Urea
Maharashtra,Maharashtra District,Sugarcane,Rabi,2025,11150,47387,4.25,Clay Loam,Low,Tropical,Potash
Maharashtra,Maharashtra District,Rice,Rabi,2025,25120,125348,4.99,Laterite,Low,Humid,Urea
Maharashtra,Maharashtra District,Apple,Kharif,2025,6868,15453,2.25,Alluvial,Medium,Semi-Arid,NPK
Maharashtra,Maharashtra District,Groundnut,Kharif,2025,858,3818,4.45,Alluvial,Medium,Mountain,Urea
Maharashtra,Maharashtra District,Tea,Kharif,2025,6720,26006,3.87,Red,Medium,Tropical,Organic + NPK
Maharashtra,Maharashtra District,Groundnut,Kharif,2025,25941,131002,5.05,Loam,Low,Mountain,Organic + NPK
Maharashtra,Maharashtra District,Onion,Rabi,2025,19859,32568,1.64,Black,High,Humid,Urea
Maharashtra,Maharashtra District,Mustard,Zaid,2025,11236,38651,3.44,Alluvial,Low,Humid,Potash
Manipur,Manipur District,Jute,Rabi,2016,18426,40905,2.22,Laterite,Low,Temperate,Urea
Manipur,Manipur District,Coconut,Rabi,2016,27645,152600,5.52,Clay Loam,Medium,Temperate,DAP + Urea
Manipur,Manipur District,Ragi,Zaid,2016,1294,5098,3.94,Alluvial,Medium,Semi-Arid,NPK
Manipur,Manipur District,Jute,Kharif,2016,20525,95851,4.67,Alluvial,High,Semi-Arid,DAP + Urea
Manipur,Manipur District,Jute,Rabi,2016,22496,96732,4.3,Sandy,Medium,Humid,Organic + NPK
Manipur,Manipur District,Onion,Kharif,2016,25984,129140,4.97,Loam,High,Mountain,NPK
Manipur,Manipur District,Onion,Kharif,2016,21662,44623,2.06,Clay Loam,High,Tropical,NPK
Manipur,Manipur District,Maize,Rabi,2016,6271,30226,4.82,Sandy,Low,Tropical,NPK
Manipur,Manipur District,Soybean,Rabi,2016,20231,43698,2.16,Alluvial,Low,Temperate,DAP + Urea
Manipur,Manipur District,Soybean,Kharif,2016,5843,33246,5.69,Red,High,Tropical,DAP + Urea
Manipur,Manipur District,Wheat,Kharif,2016,28233,166574,5.9,Black,Low,Temperate,Urea
Manipur,Manipur District,Cotton,Kharif,2016,7317,32341,4.42,Alluvial,High,Humid,Organic + NPK
Manipur,Manipur District,Jowar,Rabi,2017,2088,5157,2.47,Alluvial,Low,Mountain,NPK
Manipur,Manipur District,Maize,Zaid,2017,16830,41401,2.46,Alluvial,Low,Tropical,Urea
Manipur,Manipur District,Rubber,Zaid,2017,4252,7228,1.7,Alluvial,High,Humid,NPK
Manipur,Manipur District,Bajra,Rabi,2017,10500,23415,2.23,Alluvial,Low,Mountain,Organic + NPK
Manipur,Manipur District,Ragi,Rabi,2017,5468,20723,3.79,Alluvial,High,Humid,Potash
Manipur,Manipur District,Apple,Kharif,2017,3376,17690,5.24,Alluvial,Low,Tropical,NPK
Manipur,Manipur District,Wheat,Rabi,2017,5139,26671,5.19,Loam,Medium,Mountain,Potash
Manipur,Manipur District,Mustard,Zaid,2017,9806,43146,4.4,Alluvial,High,Humid,Potash
Manipur,Manipur District,Jowar,Rabi,2017,25880,91356,3.53,Clay Loam,Medium,Semi-Arid,Urea
Manipur,Manipur District,Mustard,Kharif,2017,28112,45822,1.63,Loam,Low,Mountain,DAP + Urea
Manipur,Manipur District,Potato,Kharif,2017,23236,50654,2.18,Clay Loam,Low,Mountain,NPK
Manipur,Manipur District,Coconut,Rabi,2017,12891,38286,2.97,Clay Loam,High,Humid,NPK
Manipur,Manipur District,Rice,Kharif,2018,558,1049,1.88,Loam,Low,Semi-Arid,DAP + Urea
Manipur,Manipur District,Sugarcane,Kharif,2018,3252,17235,5.3,Black,High,Temperate,Organic + NPK
Manipur,Manipur District,Cotton,Kharif,2018,11547,24826,2.15,Loam,Low,Mountain,Urea
Manipur,Manipur District,Jute,Rabi,2018,7870,13615,1.73,Black,High,Mountain,Potash
Manipur,Manipur District,Jute,Zaid,2018,27889,114066,4.09,Red,Low,Humid,Organic + NPK
Manipur,Manipur District,Rice,Rabi,2018,21298,91368,4.29,Clay Loam,High,Temperate,Urea
Manipur,Manipur District,Banana,Zaid,2018,22724,102258,4.5,Black,High,Humid,Urea
Manipur,Manipur District,Coffee,Kharif,2018,6086,25317,4.16,Laterite,Medium,Semi-Arid,Urea
Manipur,Manipur District,Banana,Rabi,2018,14200,70148,4.94,Black,High,Mountain,Potash
Manipur,Manipur District,Coffee,Zaid,2018,6794,16033,2.36,Laterite,High,Mountain,Potash
Manipur,Manipur District,Ragi,Rabi,2018,8173,39230,4.8,Sandy,Low,Humid,NPK
Manipur,Manipur District,Sugarcane,Kharif,2018,13230,21168,1.6,Clay Loam,Medium,Mountain,Urea
Manipur,Manipur District,Coffee,Kharif,2019,8737,49626,5.68,Laterite,Low,Mountain,Organic + NPK
Manipur,Manipur District,Rubber,Rabi,2019,22119,61933,2.8,Sandy,Medium,Mountain,Urea
Manipur,Manipur District,Mustard,Kharif,2019,11885,35060,2.95,Red,High,Tropical,Organic + NPK
Manipur,Manipur District,Potato,Zaid,2019,4414,21584,4.89,Sandy,Medium,Humid,NPK
Manipur,Manipur District,Wheat,Rabi,2019,9234,36381,3.94,Black,High,Tropical,Organic + NPK
Manipur,Manipur District,Bajra,Rabi,2019,558,1634,2.93,Sandy,Low,Mountain,NPK
Manipur,Manipur District,Coffee,Rabi,2019,15243,68898,4.52,Red,Medium,Semi-Arid,DAP + Urea
Manipur,Manipur District,Potato,Rabi,2019,21559,122670,5.69,Sandy,Low,Semi-Arid,Urea
Manipur,Manipur District,Onion,Kharif,2019,22254,65426,2.94,Alluvial,Medium,Mountain,Urea
Manipur,Manipur District,Rubber,Zaid,2019,23630,114841,4.86,Alluvial,Medium,Temperate,DAP + Urea
Manipur,Manipur District,Rice,Zaid,2019,22856,103080,4.51,Laterite,High,Tropical,NPK
Manipur,Manipur District,Cotton,Zaid,2019,1365,6497,4.76,Alluvial,Low,Mountain,NPK
Manipur,Manipur District,Rubber,Rabi,2020,16513,91812,5.56,Red,Medium,Tropical,DAP + Urea
Manipur,Manipur District,Groundnut,Kharif,2020,1520,7888,5.19,Clay Loam,Low,Temperate,DAP + Urea
Manipur,Manipur District,Mustard,Kharif,2020,762,2773,3.64,Sandy,High,Temperate,Urea
Manipur,Manipur District,Coffee,Kharif,2020,17694,79623,4.5,Laterite,Medium,Mountain,Organic + NPK
Manipur,Manipur District,Mustard,Kharif,2020,5929,30237,5.1,Laterite,Medium,Humid,NPK
Manipur,Manipur District,Tea,Zaid,2020,11835,64737,5.47,Laterite,Low,Tropical,DAP + Urea
Manipur,Manipur District,Mustard,Zaid,2020,21906,111939,5.11,Loam,Low,Temperate,Organic + NPK
Manipur,Manipur District,Cotton,Zaid,2020,10896,61017,5.6,Black,High,Tropical,Urea
Manipur,Manipur District,Soybean,Kharif,2020,20348,96042,4.72,Sandy,Low,Mountain,Potash
Manipur,Manipur District,Bajra,Rabi,2020,891,1657,1.86,Alluvial,High,Semi-Arid,NPK
Manipur,Manipur District,Coconut,Rabi,2020,13803,45135,3.27,Sandy,Medium,Humid,Organic + NPK
Manipur,Manipur District,Rubber,Zaid,2020,25535,121801,4.77,Red,High,Temperate,Potash
Manipur,Manipur District,Groundnut,Kharif,2021,29024,58918,2.03,Loam,High,Tropical,DAP + Urea
Manipur,Manipur District,Coffee,Zaid,2021,25473,86098,3.38,Red,High,Semi-Arid,NPK
Manipur,Manipur District,Ragi,Zaid,2021,6419,26061,4.06,Red,Medium,Humid,Urea
Manipur,Manipur District,Apple,Rabi,2021,26407,57567,2.18,Black,Low,Humid,Potash
Manipur,Manipur District,Soybean,Rabi,2021,8502,45910,5.4,Loam,Low,Semi-Arid,Organic + NPK
Manipur,Manipur District,Cotton,Zaid,2021,24644,121494,4.93,Black,Medium,Humid,Organic + NPK
Manipur,Manipur District,Wheat,Kharif,2021,1362,5121,3.76,Laterite,High,Temperate,Potash
Manipur,Manipur District,Banana,Zaid,2021,18920,31407,1.66,Black,High,Temperate,DAP + Urea
Manipur,Manipur District,Potato,Rabi,2021,11753,40547,3.45,Alluvial,High,Tropical,Potash
Manipur,Manipur District,Apple,Zaid,2021,14898,44991,3.02,Red,Low,Temperate,Urea
Manipur,Manipur District,Rice,Rabi,2021,13363,77238,5.78,Clay Loam,Medium,Tropical,Organic + NPK
Manipur,Manipur District,Cotton,Rabi,2021,24158,50731,2.1,Alluvial,Medium,Semi-Arid,Potash
Manipur,Manipur District,Cotton,Rabi,2022,7122,33687,4.73,Loam,Medium,Semi-Arid,NPK
Manipur,Manipur District,Ragi,Kharif,2022,12085,29487,2.44,Black,High,Semi-Arid,NPK
Manipur,Manipur District,Banana,Zaid,2022,28443,95284,3.35,Black,High,Semi-Arid,Urea
Manipur,Manipur District,Coconut,Zaid,2022,15495,56711,3.66,Black,High,Semi-Arid,Potash
Manipur,Manipur District,Mustard,Kharif,2022,27526,147814,5.37,Alluvial,Medium,Humid,DAP + Urea
Manipur,Manipur District,Bajra,Rabi,2022,21272,71686,3.37,Loam,Low,Humid,DAP + Urea
Manipur,Manipur District,Soybean,Rabi,2022,19953,92581,4.64,Black,Low,Temperate,DAP + Urea
Manipur,Manipur District,Onion,Kharif,2022,28739,153178,5.33,Sandy,Medium,Humid,Organic + NPK
Manipur,Manipur District,Jute,Rabi,2022,26357,105164,3.99,Loam,High,Temperate,Urea
Manipur,Manipur District,Coconut,Kharif,2022,29073,104372,3.59,Clay Loam,Low,Temperate,DAP + Urea
Manipur,Manipur District,Cotton,Kharif,2022,20310,83677,4.12,Red,Medium,Semi-Arid,Urea
Manipur,Manipur District,Rubber,Kharif,2022,3834,17137,4.47,Laterite,Medium,Semi-Arid,DAP + Urea
Manipur,Manipur District,Banana,Zaid,2023,20255,106136,5.24,Alluvial,High,Temperate,Urea
Manipur,Manipur District,Jowar,Zaid,2023,2154,6892,3.2,Loam,Medium,Temperate,DAP + Urea
Manipur,Manipur District,Rubber,Kharif,2023,10502,48099,4.58,Laterite,Medium,Humid,Organic + NPK
Manipur,Manipur District,Onion,Kharif,2023,16333,47692,2.92,Laterite,High,Temperate,Urea
Manipur,Manipur District,Coconut,Zaid,2023,6779,32268,4.76,Red,Medium,Temperate,Organic + NPK
Manipur,Manipur District,Coffee,Zaid,2023,11553,17791,1.54,Alluvial,Medium,Mountain,Urea
Manipur,Manipur District,Tea,Rabi,2023,24234,134256,5.54,Red,Medium,Humid,NPK
Manipur,Manipur District,Rice,Kharif,2023,23335,40136,1.72,Sandy,Low,Humid,DAP + Urea
Manipur,Manipur District,Wheat,Zaid,2023,16604,81359,4.9,Laterite,High,Semi-Arid,Organic + NPK
Manipur,Manipur District,Coffee,Kharif,2023,17012,101731,5.98,Clay Loam,High,Tropical,Urea
Manipur,Manipur District,Ragi,Zaid,2023,17072,56508,3.31,Black,Low,Temperate,DAP + Urea
Manipur,Manipur District,Jute,Rabi,2023,6728,29401,4.37,Alluvial,Low,Tropical,DAP + Urea
Manipur,Manipur District,Rice,Kharif,2024,14648,42479,2.9,Loam,Medium,Mountain,DAP + Urea
Manipur,Manipur District,Soybean,Kharif,2024,16600,86818,5.23,Clay Loam,High,Mountain,Potash
Manipur,Manipur District,Jowar,Zaid,2024,22769,112023,4.92,Black,Low,Humid,NPK
Manipur,Manipur District,Jute,Rabi,2024,14319,34938,2.44,Black,Low,Temperate,Potash
Manipur,Manipur District,Groundnut,Kharif,2024,15390,47709,3.1,Black,High,Humid,Potash
Manipur,Manipur District,Coconut,Kharif,2024,14592,51363,3.52,Laterite,Low,Semi-Arid,Potash
Manipur,Manipur District,Bajra,Rabi,2024,13230,56359,4.26,Loam,Medium,Semi-Arid,Potash
Manipur,Manipur District,Banana,Kharif,2024,21553,42674,1.98,Black,Low,Humid,Potash
Manipur,Manipur District,Potato,Kharif,2024,23893,112774,4.72,Alluvial,Medium,Semi-Arid,Urea
Manipur,Manipur District,Apple,Zaid,2024,27497,53619,1.95,Sandy,High,Semi-Arid,Urea
Manipur,Manipur District,Onion,Rabi,2024,12795,40048,3.13,Laterite,Medium,Semi-Arid,Organic + NPK
Manipur,Manipur District,Bajra,Rabi,2024,16091,79006,4.91,Black,High,Mountain,Potash
Manipur,Manipur District,Onion,Kharif,2025,14518,41521,2.86,Clay Loam,Low,Humid,Urea
Manipur,Manipur District,Jute,Kharif,2025,3960,20394,5.15,Laterite,Medium,Humid,Urea
Manipur,Manipur District,Maize,Kharif,2025,12565,30281,2.41,Alluvial,Medium,Humid,Organic + NPK
Manipur,Manipur District,Jowar,Rabi,2025,28080,57283,2.04,Sandy,Low,Temperate,Urea
Manipur,Manipur District,Jute,Kharif,2025,4377,12211,2.79,Alluvial,Medium,Temperate,Urea
Manipur,Manipur District,Wheat,Kharif,2025,1964,3162,1.61,Red,High,Mountain,NPK
Manipur,Manipur District,Soybean,Rabi,2025,29468,57167,1.94,Clay Loam,Low,Mountain,Potash
Manipur,Manipur District,Onion,Zaid,2025,16893,31758,1.88,Black,High,Semi-Arid,DAP + Urea
Manipur,Manipur District,Groundnut,Zaid,2025,24671,118914,4.82,Loam,Low,Temperate,Urea
Manipur,Manipur District,Banana,Zaid,2025,15401,68534,4.45,Loam,Low,Tropical,DAP + Urea
Manipur,Manipur District,Jute,Kharif,2025,11803,69283,5.87,Red,Low,Mountain,Potash
Manipur,Manipur District,Groundnut,Kharif,2025,17565,70786,4.03,Laterite,Low,Mountain,Urea
Meghalaya,Meghalaya District,Coconut,Kharif,2016,5365,21889,4.08,Alluvial,Medium,Mountain,NPK
Meghalaya,Meghalaya District,Apple,Rabi,2016,2428,5535,2.28,Black,High,Mountain,Potash
Meghalaya,Meghalaya District,Soybean,Rabi,2016,24389,97312,3.99,Black,Low,Temperate,Potash
Meghalaya,Meghalaya District,Sugarcane,Kharif,2016,22196,59041,2.66,Clay Loam,High,Mountain,Organic + NPK
Meghalaya,Meghalaya District,Ragi,Zaid,2016,22552,108024,4.79,Clay Loam,Low,Humid,NPK
Meghalaya,Meghalaya District,Rice,Zaid,2016,13135,46891,3.57,Clay Loam,High,Semi-Arid,DAP + Urea
Meghalaya,Meghalaya District,Banana,Kharif,2016,715,3381,4.73,Loam,High,Temperate,Urea
Meghalaya,Meghalaya District,Wheat,Kharif,2016,12482,40691,3.26,Laterite,High,Temperate,DAP + Urea
Meghalaya,Meghalaya District,Potato,Kharif,2016,20707,118444,5.72,Laterite,High,Tropical,Potash
Meghalaya,Meghalaya District,Onion,Zaid,2016,21417,52471,2.45,Red,Low,Humid,NPK
Meghalaya,Meghalaya District,Ragi,Zaid,2016,14254,72837,5.11,Laterite,Medium,Mountain,Organic + NPK
Meghalaya,Meghalaya District,Maize,Rabi,2016,27271,134991,4.95,Laterite,High,Semi-Arid,Potash
Meghalaya,Meghalaya District,Banana,Zaid,2017,20236,92883,4.59,Sandy,Medium,Temperate,Urea
Meghalaya,Meghalaya District,Jowar,Zaid,2017,10171,21257,2.09,Laterite,Low,Tropical,DAP + Urea
Meghalaya,Meghalaya District,Jute,Kharif,2017,8459,43563,5.15,Laterite,Medium,Temperate,DAP + Urea
Meghalaya,Meghalaya District,Ragi,Zaid,2017,21377,35272,1.65,Red,High,Humid,Potash
Meghalaya,Meghalaya District,Sugarcane,Zaid,2017,22966,60400,2.63,Laterite,Low,Mountain,NPK
Meghalaya,Meghalaya District,Onion,Zaid,2017,19869,50268,2.53,Clay Loam,Medium,Tropical,DAP + Urea
Meghalaya,Meghalaya District,Tea,Kharif,2017,8533,16042,1.88,Clay Loam,Low,Mountain,Potash
Meghalaya,Meghalaya District,Apple,Rabi,2017,21578,79838,3.7,Clay Loam,Low,Humid,Urea
Meghalaya,Meghalaya District,Sugarcane,Rabi,2017,4855,18109,3.73,Alluvial,High,Semi-Arid,Potash
Meghalaya,Meghalaya District,Coconut,Rabi,2017,8836,13342,1.51,Alluvial,Medium,Humid,DAP + Urea
Meghalaya,Meghalaya District,Coffee,Rabi,2017,11537,45571,3.95,Loam,Low,Humid,Potash
Meghalaya,Meghalaya District,Coffee,Zaid,2017,29742,51453,1.73,Sandy,Low,Mountain,Urea
Meghalaya,Meghalaya District,Jute,Kharif,2018,25961,116305,4.48,Clay Loam,High,Tropical,Organic + NPK
Meghalaya,Meghalaya District,Sugarcane,Kharif,2018,6978,30633,4.39,Loam,Medium,Humid,DAP + Urea
Meghalaya,Meghalaya District,Wheat,Rabi,2018,27950,93353,3.34,Red,Medium,Tropical,Potash
Meghalaya,Meghalaya District,Rice,Rabi,2018,9515,18744,1.97,Alluvial,High,Temperate,Organic + NPK
Meghalaya,Meghalaya District,Wheat,Kharif,2018,4170,15053,3.61,Black,Low,Semi-Arid,Urea
Meghalaya,Meghalaya District,Soybean,Zaid,2018,19334,70762,3.66,Loam,High,Temperate,Organic + NPK
Meghalaya,Meghalaya District,Potato,Zaid,2018,1984,11348,5.72,Loam,Low,Tropical,DAP + Urea
Meghalaya,Meghalaya District,Bajra,Kharif,2018,21080,87903,4.17,Sandy,High,Tropical,Potash
Meghalaya,Meghalaya District,Rubber,Zaid,2018,5638,32305,5.73,Black,High,Tropical,DAP + Urea
Meghalaya,Meghalaya District,Rubber,Kharif,2018,26115,120651,4.62,Alluvial,Low,Semi-Arid,NPK
Meghalaya,Meghalaya District,Jowar,Zaid,2018,26386,86546,3.28,Red,High,Humid,Potash
Meghalaya,Meghalaya District,Tea,Kharif,2018,23880,43939,1.84,Loam,Low,Tropical,Organic + NPK
Meghalaya,Meghalaya District,Maize,Rabi,2019,19249,52742,2.74,Laterite,High,Mountain,Organic + NPK
Meghalaya,Meghalaya District,Groundnut,Kharif,2019,6868,40452,5.89,Sandy,Low,Mountain,Potash
Meghalaya,Meghalaya District,Apple,Rabi,2019,17216,70585,4.1,Sandy,Medium,Mountain,DAP + Urea
Meghalaya,Meghalaya District,Jowar,Zaid,2019,24230,75597,3.12,Black,Medium,Tropical,Urea
Meghalaya,Meghalaya District,Coconut,Zaid,2019,13479,57690,4.28,Red,High,Semi-Arid,Organic + NPK
Meghalaya,Meghalaya District,Coconut,Zaid,2019,8230,31850,3.87,Clay Loam,High,Temperate,DAP + Urea
Meghalaya,Meghalaya District,Groundnut,Rabi,2019,23558,50649,2.15,Black,Low,Semi-Arid,NPK
Meghalaya,Meghalaya District,Sugarcane,Kharif,2019,25933,148077,5.71,Laterite,Medium,Semi-Arid,DAP + Urea
Meghalaya,Meghalaya District,Potato,Rabi,2019,21876,111130,5.08,Clay Loam,Medium,Temperate,DAP + Urea
Meghalaya,Meghalaya District,Coconut,Rabi,2019,4314,21742,5.04,Laterite,Medium,Tropical,Potash
Meghalaya,Meghalaya District,Coffee,Kharif,2019,5567,21655,3.89,Loam,High,Semi-Arid,NPK
Meghalaya,Meghalaya District,Soybean,Kharif,2019,6011,19295,3.21,Clay Loam,Low,Mountain,Potash
Meghalaya,Meghalaya District,Ragi,Rabi,2020,11472,56442,4.92,Loam,Low,Tropical,Organic + NPK
Meghalaya,Meghalaya District,Mustard,Rabi,2020,6113,10881,1.78,Black,Low,Temperate,DAP + Urea
Meghalaya,Meghalaya District,Onion,Rabi,2020,884,3429,3.88,Alluvial,High,Mountain,Organic + NPK
Meghalaya,Meghalaya District,Ragi,Zaid,2020,27288,65764,2.41,Red,Low,Semi-Arid,Potash
Meghalaya,Meghalaya District,Coconut,Zaid,2020,25459,61610,2.42,Loam,Low,Semi-Arid,DAP + Urea
Meghalaya,Meghalaya District,Tea,Rabi,2020,17789,83074,4.67,Alluvial,High,Humid,Potash
Meghalaya,Meghalaya District,Sugarcane,Rabi,2020,8149,14260,1.75,Loam,Medium,Mountain,NPK
Meghalaya,Meghalaya District,Jute,Zaid,2020,18288,83393,4.56,Laterite,High,Mountain,Urea
Meghalaya,Meghalaya District,Onion,Kharif,2020,17757,85943,4.84,Red,Medium,Mountain,Urea
Meghalaya,Meghalaya District,Soybean,Zaid,2020,699,1684,2.41,Clay Loam,Medium,Temperate,Urea
Meghalaya,Meghalaya District,Banana,Zaid,2020,9497,26876,2.83,Red,High,Humid,Potash
Meghalaya,Meghalaya District,Onion,Zaid,2020,15162,41998,2.77,Clay Loam,Low,Temperate,Organic + NPK
Meghalaya,Meghalaya District,Jowar,Kharif,2021,25375,75871,2.99,Sandy,Low,Mountain,Organic + NPK
Meghalaya,Meghalaya District,Onion,Kharif,2021,24260,140465,5.79,Alluvial,High,Mountain,Potash
Meghalaya,Meghalaya District,Apple,Rabi,2021,15319,71539,4.67,Black,Low,Humid,DAP + Urea
Meghalaya,Meghalaya District,Apple,Rabi,2021,11549,53702,4.65,Alluvial,Medium,Humid,DAP + Urea
Meghalaya,Meghalaya District,Maize,Rabi,2021,25235,75200,2.98,Red,Medium,Humid,DAP + Urea
Meghalaya,Meghalaya District,Banana,Zaid,2021,17714,57393,3.24,Laterite,High,Humid,Organic + NPK
Meghalaya,Meghalaya District,Potato,Rabi,2021,4382,13189,3.01,Sandy,Medium,Humid,Urea
Meghalaya,Meghalaya District,Jowar,Rabi,2021,17025,39838,2.34,Sandy,Medium,Tropical,Organic + NPK
Meghalaya,Meghalaya District,Rubber,Rabi,2021,8264,41815,5.06,Alluvial,Medium,Mountain,Potash
Meghalaya,Meghalaya District,Groundnut,Kharif,2021,7752,33953,4.38,Clay Loam,Medium,Tropical,DAP + Urea
Meghalaya,Meghalaya District,Mustard,Rabi,2021,29969,173820,5.8,Alluvial,Medium,Semi-Arid,Urea
Meghalaya,Meghalaya District,Potato,Zaid,2021,29930,63750,2.13,Loam,Low,Tropical,Urea
Meghalaya,Meghalaya District,Jowar,Zaid,2022,18790,68771,3.66,Loam,Low,Semi-Arid,Organic + NPK
Meghalaya,Meghalaya District,Maize,Kharif,2022,13646,59360,4.35,Loam,High,Temperate,NPK
Meghalaya,Meghalaya District,Onion,Kharif,2022,23421,103052,4.4,Alluvial,Low,Semi-Arid,Organic + NPK
Meghalaya,Meghalaya District,Cotton,Zaid,2022,27538,73801,2.68,Red,Low,Tropical,Organic + NPK
Meghalaya,Meghalaya District,Soybean,Zaid,2022,4878,28975,5.94,Red,Low,Temperate,DAP + Urea
Meghalaya,Meghalaya District,Jowar,Kharif,2022,29942,88927,2.97,Alluvial,Medium,Humid,NPK
Meghalaya,Meghalaya District,Jute,Rabi,2022,2781,16658,5.99,Sandy,Medium,Temperate,DAP + Urea
Meghalaya,Meghalaya District,Ragi,Rabi,2022,9116,40110,4.4,Black,Medium,Tropical,Potash
Meghalaya,Meghalaya District,Banana,Kharif,2022,28226,104153,3.69,Loam,Low,Semi-Arid,NPK
Meghalaya,Meghalaya District,Mustard,Kharif,2022,2145,7571,3.53,Clay Loam,High,Mountain,Potash
Meghalaya,Meghalaya District,Wheat,Zaid,2022,8657,14630,1.69,Clay Loam,Medium,Tropical,Potash
Meghalaya,Meghalaya District,Tea,Zaid,2022,20515,110986,5.41,Loam,Low,Temperate,DAP + Urea
Meghalaya,Meghalaya District,Jowar,Rabi,2023,26366,89644,3.4,Black,High,Tropical,DAP + Urea
Meghalaya,Meghalaya District,Potato,Kharif,2023,28401,73274,2.58,Red,High,Temperate,DAP + Urea
Meghalaya,Meghalaya District,Bajra,Rabi,2023,26527,100537,3.79,Clay Loam,High,Mountain,Organic + NPK
Meghalaya,Meghalaya District,Rice,Zaid,2023,28351,58970,2.08,Red,Medium,Semi-Arid,Potash
Meghalaya,Meghalaya District,Ragi,Kharif,2023,20919,41628,1.99,Clay Loam,Medium,Mountain,DAP + Urea
Meghalaya,Meghalaya District,Rubber,Kharif,2023,15638,49103,3.14,Laterite,Medium,Mountain,Organic + NPK
Meghalaya,Meghalaya District,Apple,Kharif,2023,26946,102664,3.81,Alluvial,Medium,Semi-Arid,NPK
Meghalaya,Meghalaya District,Soybean,Kharif,2023,11919,27771,2.33,Clay Loam,Low,Mountain,Urea
Meghalaya,Meghalaya District,Rice,Kharif,2023,27175,133972,4.93,Laterite,High,Temperate,Organic + NPK
Meghalaya,Meghalaya District,Coffee,Kharif,2023,3667,7113,1.94,Clay Loam,Low,Mountain,Organic + NPK
Meghalaya,Meghalaya District,Mustard,Rabi,2023,16974,42095,2.48,Sandy,Medium,Temperate,Organic + NPK
Meghalaya,Meghalaya District,Wheat,Kharif,2023,14648,29296,2,Alluvial,High,Humid,DAP + Urea
Meghalaya,Meghalaya District,Coffee,Rabi,2024,21656,103948,4.8,Alluvial,Medium,Tropical,DAP + Urea
Meghalaya,Meghalaya District,Sugarcane,Kharif,2024,10164,23478,2.31,Loam,Low,Mountain,NPK
Meghalaya,Meghalaya District,Soybean,Rabi,2024,11823,21399,1.81,Sandy,High,Mountain,Potash
Meghalaya,Meghalaya District,Rubber,Zaid,2024,8005,47549,5.94,Alluvial,Low,Humid,NPK
Meghalaya,Meghalaya District,Bajra,Zaid,2024,3110,7868,2.53,Laterite,Medium,Humid,Potash
Meghalaya,Meghalaya District,Jowar,Rabi,2024,23384,63136,2.7,Clay Loam,High,Mountain,Organic + NPK
Meghalaya,Meghalaya District,Potato,Rabi,2024,3197,14354,4.49,Loam,High,Semi-Arid,NPK
Meghalaya,Meghalaya District,Banana,Kharif,2024,885,2035,2.3,Black,Medium,Semi-Arid,Organic + NPK
Meghalaya,Meghalaya District,Mustard,Kharif,2024,3864,19551,5.06,Black,High,Tropical,Organic + NPK
Meghalaya,Meghalaya District,Mustard,Kharif,2024,23247,135994,5.85,Laterite,Medium,Tropical,Organic + NPK
Meghalaya,Meghalaya District,Potato,Kharif,2024,4238,10086,2.38,Laterite,Medium,Semi-Arid,Potash
Meghalaya,Meghalaya District,Groundnut,Rabi,2024,18928,39180,2.07,Clay Loam,Low,Mountain,Organic + NPK
Meghalaya,Meghalaya District,Tea,Kharif,2025,2881,10198,3.54,Clay Loam,Medium,Humid,Organic + NPK
Meghalaya,Meghalaya District,Ragi,Kharif,2025,21936,114944,5.24,Loam,Low,Humid,Urea
Meghalaya,Meghalaya District,Tea,Kharif,2025,9729,56136,5.77,Red,High,Tropical,Urea
Meghalaya,Meghalaya District,Sugarcane,Zaid,2025,24463,133567,5.46,Loam,Low,Mountain,Urea
Meghalaya,Meghalaya District,Potato,Kharif,2025,19330,101675,5.26,Red,High,Humid,Potash
Meghalaya,Meghalaya District,Rubber,Rabi,2025,7014,18657,2.66,Loam,Low,Temperate,DAP + Urea
Meghalaya,Meghalaya District,Onion,Rabi,2025,8328,25233,3.03,Black,Low,Mountain,DAP + Urea
Meghalaya,Meghalaya District,Cotton,Kharif,2025,18890,102572,5.43,Black,Low,Tropical,Organic + NPK
Meghalaya,Meghalaya District,Soybean,Zaid,2025,11022,39348,3.57,Laterite,Low,Mountain,DAP + Urea
Meghalaya,Meghalaya District,Mustard,Zaid,2025,15717,28762,1.83,Clay Loam,Medium,Mountain,DAP + Urea
Meghalaya,Meghalaya District,Coffee,Zaid,2025,2512,7209,2.87,Laterite,Low,Semi-Arid,NPK
Meghalaya,Meghalaya District,Potato,Rabi,2025,19969,114622,5.74,Clay Loam,High,Tropical,Organic + NPK
Mizoram,Mizoram District,Wheat,Zaid,2016,9678,23420,2.42,Laterite,Medium,Temperate,Organic + NPK
Mizoram,Mizoram District,Mustard,Rabi,2016,3404,5514,1.62,Black,Low,Mountain,DAP + Urea
Mizoram,Mizoram District,Rubber,Zaid,2016,12064,34382,2.85,Laterite,Medium,Semi-Arid,NPK
Mizoram,Mizoram District,Apple,Zaid,2016,14494,57396,3.96,Alluvial,Low,Mountain,Urea
Mizoram,Mizoram District,Jute,Kharif,2016,15713,75108,4.78,Sandy,Low,Tropical,Potash
Mizoram,Mizoram District,Potato,Zaid,2016,22795,66789,2.93,Red,Low,Semi-Arid,NPK
Mizoram,Mizoram District,Onion,Zaid,2016,11690,28406,2.43,Black,High,Mountain,DAP + Urea
Mizoram,Mizoram District,Tea,Rabi,2016,6521,11868,1.82,Sandy,High,Humid,Potash
Mizoram,Mizoram District,Banana,Zaid,2016,11073,31779,2.87,Sandy,Medium,Semi-Arid,DAP + Urea
Mizoram,Mizoram District,Soybean,Zaid,2016,17323,94063,5.43,Red,Medium,Humid,Potash
Mizoram,Mizoram District,Bajra,Zaid,2016,29274,54449,1.86,Black,Low,Tropical,NPK
Mizoram,Mizoram District,Coconut,Kharif,2016,13240,68715,5.19,Loam,Medium,Semi-Arid,Urea
Mizoram,Mizoram District,Ragi,Rabi,2017,16110,60734,3.77,Clay Loam,Low,Semi-Arid,DAP + Urea
Mizoram,Mizoram District,Maize,Rabi,2017,22742,86874,3.82,Red,Low,Semi-Arid,Organic + NPK
Mizoram,Mizoram District,Maize,Rabi,2017,21353,109113,5.11,Sandy,Medium,Humid,Organic + NPK
Mizoram,Mizoram District,Jute,Kharif,2017,9475,51544,5.44,Red,High,Humid,Organic + NPK
Mizoram,Mizoram District,Maize,Zaid,2017,23355,136393,5.84,Laterite,Medium,Tropical,Organic + NPK
Mizoram,Mizoram District,Ragi,Rabi,2017,10600,48335,4.56,Alluvial,Low,Mountain,Organic + NPK
Mizoram,Mizoram District,Rubber,Rabi,2017,21204,78242,3.69,Clay Loam,High,Tropical,Potash
Mizoram,Mizoram District,Rice,Zaid,2017,19690,87226,4.43,Black,High,Temperate,Organic + NPK
Mizoram,Mizoram District,Maize,Zaid,2017,2301,13414,5.83,Red,Low,Temperate,Potash
Mizoram,Mizoram District,Jowar,Kharif,2017,1463,6349,4.34,Loam,Medium,Tropical,DAP + Urea
Mizoram,Mizoram District,Rice,Kharif,2017,18050,50359,2.79,Clay Loam,Medium,Temperate,Urea
Mizoram,Mizoram District,Cotton,Rabi,2017,24687,85663,3.47,Alluvial,Low,Tropical,NPK
Mizoram,Mizoram District,Rice,Rabi,2018,17757,50607,2.85,Clay Loam,Medium,Mountain,NPK
Mizoram,Mizoram District,Ragi,Rabi,2018,19295,98597,5.11,Clay Loam,High,Humid,NPK
Mizoram,Mizoram District,Onion,Rabi,2018,2811,4750,1.69,Laterite,High,Temperate,Urea
Mizoram,Mizoram District,Banana,Zaid,2018,15947,50392,3.16,Red,Medium,Mountain,DAP + Urea
Mizoram,Mizoram District,Bajra,Zaid,2018,19934,87510,4.39,Clay Loam,High,Mountain,DAP + Urea
Mizoram,Mizoram District,Jowar,Rabi,2018,20913,32206,1.54,Black,High,Tropical,Urea
Mizoram,Mizoram District,Coconut,Kharif,2018,5386,13895,2.58,Laterite,Medium,Mountain,DAP + Urea
Mizoram,Mizoram District,Apple,Zaid,2018,18825,83771,4.45,Laterite,Medium,Semi-Arid,Potash
Mizoram,Mizoram District,Rice,Kharif,2018,14155,28593,2.02,Laterite,Medium,Tropical,Urea
Mizoram,Mizoram District,Banana,Kharif,2018,22372,86132,3.85,Clay Loam,High,Tropical,Organic + NPK
Mizoram,Mizoram District,Onion,Zaid,2018,22393,42546,1.9,Alluvial,High,Mountain,Urea
Mizoram,Mizoram District,Apple,Zaid,2018,26162,114066,4.36,Sandy,Medium,Semi-Arid,Potash
Mizoram,Mizoram District,Onion,Kharif,2019,16552,80773,4.88,Sandy,Low,Humid,NPK
Mizoram,Mizoram District,Ragi,Zaid,2019,17721,37214,2.1,Sandy,Low,Mountain,Potash
Mizoram,Mizoram District,Groundnut,Zaid,2019,22534,99149,4.4,Black,High,Tropical,DAP + Urea
Mizoram,Mizoram District,Apple,Rabi,2019,9643,45707,4.74,Black,High,Tropical,Organic + NPK
Mizoram,Mizoram District,Onion,Kharif,2019,12355,26069,2.11,Alluvial,Low,Semi-Arid,Urea
Mizoram,Mizoram District,Jute,Rabi,2019,29076,71817,2.47,Red,Medium,Semi-Arid,NPK
Mizoram,Mizoram District,Tea,Kharif,2019,26948,70603,2.62,Alluvial,Medium,Humid,Urea
Mizoram,Mizoram District,Banana,Zaid,2019,28429,97227,3.42,Black,Low,Temperate,DAP + Urea
Mizoram,Mizoram District,Groundnut,Zaid,2019,15936,72508,4.55,Clay Loam,Medium,Mountain,DAP + Urea
Mizoram,Mizoram District,Maize,Zaid,2019,23286,76378,3.28,Alluvial,Medium,Semi-Arid,NPK
Mizoram,Mizoram District,Bajra,Rabi,2019,24360,104017,4.27,Black,Medium,Tropical,DAP + Urea
Mizoram,Mizoram District,Onion,Kharif,2019,16093,69038,4.29,Sandy,Medium,Semi-Arid,Organic + NPK
Mizoram,Mizoram District,Tea,Kharif,2020,29373,150096,5.11,Red,Low,Tropical,NPK
Mizoram,Mizoram District,Cotton,Kharif,2020,10004,43517,4.35,Loam,Low,Temperate,DAP + Urea
Mizoram,Mizoram District,Onion,Rabi,2020,25413,82592,3.25,Red,High,Mountain,Urea
Mizoram,Mizoram District,Maize,Zaid,2020,19704,118026,5.99,Laterite,Medium,Temperate,DAP + Urea
Mizoram,Mizoram District,Sugarcane,Zaid,2020,8108,45566,5.62,Laterite,High,Semi-Arid,Organic + NPK
Mizoram,Mizoram District,Mustard,Kharif,2020,17206,35960,2.09,Red,Medium,Temperate,DAP + Urea
Mizoram,Mizoram District,Jute,Kharif,2020,5589,30851,5.52,Red,Low,Mountain,Organic + NPK
Mizoram,Mizoram District,Apple,Kharif,2020,15772,44003,2.79,Red,Medium,Humid,DAP + Urea
Mizoram,Mizoram District,Sugarcane,Zaid,2020,24574,99770,4.06,Loam,Low,Tropical,Organic + NPK
Mizoram,Mizoram District,Apple,Rabi,2020,26612,151954,5.71,Loam,Medium,Humid,Organic + NPK
Mizoram,Mizoram District,Coconut,Zaid,2020,15129,23147,1.53,Loam,Medium,Tropical,Urea
Mizoram,Mizoram District,Coconut,Zaid,2020,4990,19311,3.87,Alluvial,High,Semi-Arid,Urea
Mizoram,Mizoram District,Coffee,Zaid,2021,4592,16990,3.7,Alluvial,High,Semi-Arid,Urea
Mizoram,Mizoram District,Jowar,Zaid,2021,23759,104302,4.39,Clay Loam,Medium,Tropical,Organic + NPK
Mizoram,Mizoram District,Cotton,Rabi,2021,10064,52534,5.22,Black,High,Humid,Urea
Mizoram,Mizoram District,Groundnut,Zaid,2021,14512,41359,2.85,Loam,Medium,Temperate,DAP + Urea
Mizoram,Mizoram District,Mustard,Kharif,2021,4388,14348,3.27,Laterite,High,Temperate,Urea
Mizoram,Mizoram District,Jowar,Kharif,2021,26617,69470,2.61,Black,High,Semi-Arid,Urea
Mizoram,Mizoram District,Tea,Rabi,2021,4655,18340,3.94,Sandy,Medium,Semi-Arid,Potash
Mizoram,Mizoram District,Onion,Rabi,2021,15205,88189,5.8,Black,High,Humid,NPK
Mizoram,Mizoram District,Potato,Rabi,2021,20145,56204,2.79,Black,Medium,Tropical,DAP + Urea
Mizoram,Mizoram District,Jowar,Zaid,2021,23357,111646,4.78,Black,Medium,Temperate,Urea
Mizoram,Mizoram District,Jute,Rabi,2021,6267,12784,2.04,Sandy,Low,Semi-Arid,NPK
Mizoram,Mizoram District,Maize,Zaid,2021,3350,14137,4.22,Laterite,High,Humid,Potash
Mizoram,Mizoram District,Rubber,Kharif,2022,28173,96633,3.43,Black,Medium,Semi-Arid,NPK
Mizoram,Mizoram District,Onion,Zaid,2022,16815,91137,5.42,Sandy,Low,Humid,Urea
Mizoram,Mizoram District,Maize,Rabi,2022,23719,73054,3.08,Loam,Low,Tropical,Organic + NPK
Mizoram,Mizoram District,Potato,Kharif,2022,26219,63449,2.42,Clay Loam,High,Humid,Organic + NPK
Mizoram,Mizoram District,Potato,Kharif,2022,19000,94050,4.95,Clay Loam,Low,Temperate,Organic + NPK
Mizoram,Mizoram District,Jute,Zaid,2022,24185,108348,4.48,Alluvial,High,Tropical,Urea
Mizoram,Mizoram District,Groundnut,Rabi,2022,8720,32700,3.75,Clay Loam,High,Mountain,DAP + Urea
Mizoram,Mizoram District,Coffee,Zaid,2022,21975,115808,5.27,Black,Low,Semi-Arid,DAP + Urea
Mizoram,Mizoram District,Wheat,Kharif,2022,3031,14730,4.86,Black,High,Temperate,NPK
Mizoram,Mizoram District,Groundnut,Zaid,2022,10627,28055,2.64,Loam,High,Semi-Arid,Urea
Mizoram,Mizoram District,Banana,Zaid,2022,16879,72579,4.3,Laterite,Medium,Humid,DAP + Urea
Mizoram,Mizoram District,Jute,Zaid,2022,8850,22567,2.55,Red,Low,Semi-Arid,Organic + NPK
Mizoram,Mizoram District,Jowar,Rabi,2023,17462,57100,3.27,Laterite,Low,Semi-Arid,DAP + Urea
Mizoram,Mizoram District,Bajra,Zaid,2023,24802,76390,3.08,Black,Low,Temperate,Potash
Mizoram,Mizoram District,Groundnut,Rabi,2023,16446,90288,5.49,Loam,High,Mountain,DAP + Urea
Mizoram,Mizoram District,Apple,Kharif,2023,12331,47227,3.83,Sandy,Medium,Mountain,Urea
Mizoram,Mizoram District,Rice,Rabi,2023,14429,83255,5.77,Sandy,Medium,Humid,Organic + NPK
Mizoram,Mizoram District,Jowar,Zaid,2023,20642,78852,3.82,Alluvial,Low,Mountain,Potash
Mizoram,Mizoram District,Sugarcane,Zaid,2023,16314,30017,1.84,Laterite,High,Temperate,Organic + NPK
Mizoram,Mizoram District,Cotton,Zaid,2023,19912,70289,3.53,Loam,Low,Tropical,Organic + NPK
Mizoram,Mizoram District,Cotton,Kharif,2023,20243,92105,4.55,Alluvial,High,Temperate,Organic + NPK
Mizoram,Mizoram District,Rice,Zaid,2023,4869,20060,4.12,Sandy,Low,Mountain,Potash
Mizoram,Mizoram District,Wheat,Zaid,2023,6050,30734,5.08,Clay Loam,High,Temperate,Organic + NPK
Mizoram,Mizoram District,Coffee,Kharif,2023,26185,56559,2.16,Loam,Medium,Mountain,Urea
Mizoram,Mizoram District,Banana,Kharif,2024,2282,8420,3.69,Alluvial,Low,Humid,Potash
Mizoram,Mizoram District,Potato,Kharif,2024,4553,22582,4.96,Laterite,Medium,Humid,NPK
Mizoram,Mizoram District,Cotton,Kharif,2024,6185,34326,5.55,Red,Low,Temperate,Organic + NPK
Mizoram,Mizoram District,Maize,Rabi,2024,28128,122356,4.35,Laterite,Low,Temperate,Urea
Mizoram,Mizoram District,Sugarcane,Rabi,2024,15862,41082,2.59,Laterite,Low,Tropical,DAP + Urea
Mizoram,Mizoram District,Ragi,Zaid,2024,21628,106842,4.94,Clay Loam,Low,Temperate,NPK
Mizoram,Mizoram District,Onion,Kharif,2024,10351,21633,2.09,Loam,High,Mountain,Potash
Mizoram,Mizoram District,Coffee,Zaid,2024,29647,139044,4.69,Laterite,Low,Mountain,Potash
Mizoram,Mizoram District,Banana,Zaid,2024,13707,45096,3.29,Laterite,Low,Mountain,DAP + Urea
Mizoram,Mizoram District,Bajra,Zaid,2024,11136,30178,2.71,Sandy,Low,Humid,Urea
Mizoram,Mizoram District,Potato,Kharif,2024,29721,130772,4.4,Clay Loam,High,Semi-Arid,NPK
Mizoram,Mizoram District,Mustard,Kharif,2024,24664,59933,2.43,Loam,Low,Tropical,Urea
Mizoram,Mizoram District,Banana,Kharif,2025,9455,26001,2.75,Loam,Low,Tropical,Potash
Mizoram,Mizoram District,Banana,Rabi,2025,12860,29963,2.33,Loam,Low,Semi-Arid,Urea
Mizoram,Mizoram District,Groundnut,Zaid,2025,10065,59786,5.94,Loam,Low,Semi-Arid,Organic + NPK
Mizoram,Mizoram District,Mustard,Kharif,2025,8917,45476,5.1,Red,Low,Semi-Arid,NPK
Mizoram,Mizoram District,Bajra,Zaid,2025,11834,58341,4.93,Black,Low,Semi-Arid,DAP + Urea
Mizoram,Mizoram District,Ragi,Rabi,2025,28055,102681,3.66,Clay Loam,High,Semi-Arid,Organic + NPK
Mizoram,Mizoram District,Soybean,Rabi,2025,18633,56644,3.04,Clay Loam,Medium,Temperate,Urea
Mizoram,Mizoram District,Soybean,Zaid,2025,6732,11915,1.77,Black,Low,Humid,Urea
Mizoram,Mizoram District,Mustard,Rabi,2025,22936,55734,2.43,Red,High,Mountain,NPK
Mizoram,Mizoram District,Jowar,Zaid,2025,17033,72049,4.23,Sandy,Low,Tropical,DAP + Urea
Mizoram,Mizoram District,Potato,Zaid,2025,3368,14583,4.33,Laterite,Medium,Tropical,Potash
Mizoram,Mizoram District,Ragi,Zaid,2025,28965,45475,1.57,Red,Low,Semi-Arid,Organic + NPK
Nagaland,Nagaland District,Potato,Zaid,2016,24261,131494,5.42,Red,High,Temperate,Urea
Nagaland,Nagaland District,Groundnut,Kharif,2016,25765,81675,3.17,Black,High,Semi-Arid,Urea
Nagaland,Nagaland District,Apple,Kharif,2016,13337,44278,3.32,Sandy,Medium,Semi-Arid,Urea
Nagaland,Nagaland District,Ragi,Kharif,2016,20784,95606,4.6,Red,Low,Mountain,DAP + Urea
Nagaland,Nagaland District,Rice,Kharif,2016,4079,20802,5.1,Red,High,Humid,DAP + Urea
Nagaland,Nagaland District,Rice,Kharif,2016,19262,29663,1.54,Sandy,Medium,Tropical,Urea
Nagaland,Nagaland District,Cotton,Kharif,2016,10739,42096,3.92,Sandy,High,Temperate,DAP + Urea
Nagaland,Nagaland District,Maize,Kharif,2016,17684,78163,4.42,Loam,Low,Temperate,Potash
Nagaland,Nagaland District,Rice,Kharif,2016,25646,95916,3.74,Loam,High,Humid,Potash
Nagaland,Nagaland District,Cotton,Kharif,2016,22735,35921,1.58,Red,Medium,Mountain,DAP + Urea
Nagaland,Nagaland District,Apple,Kharif,2016,5627,21044,3.74,Red,Low,Humid,Organic + NPK
Nagaland,Nagaland District,Mustard,Rabi,2016,17096,32995,1.93,Black,Medium,Tropical,Potash
Nagaland,Nagaland District,Onion,Zaid,2017,4112,21382,5.2,Red,Medium,Humid,Organic + NPK
Nagaland,Nagaland District,Tea,Kharif,2017,9555,56470,5.91,Red,High,Mountain,Urea
Nagaland,Nagaland District,Coffee,Zaid,2017,23570,56096,2.38,Red,High,Tropical,Urea
Nagaland,Nagaland District,Rice,Kharif,2017,15780,70221,4.45,Clay Loam,Medium,Humid,Potash
Nagaland,Nagaland District,Bajra,Kharif,2017,7255,26045,3.59,Loam,Medium,Tropical,Urea
Nagaland,Nagaland District,Jowar,Rabi,2017,26049,148479,5.7,Sandy,Low,Tropical,DAP + Urea
Nagaland,Nagaland District,Coconut,Zaid,2017,9454,24485,2.59,Laterite,Medium,Humid,Urea
Nagaland,Nagaland District,Jowar,Rabi,2017,17547,79312,4.52,Black,Medium,Tropical,NPK
Nagaland,Nagaland District,Cotton,Rabi,2017,21925,48673,2.22,Clay Loam,High,Tropical,Organic + NPK
Nagaland,Nagaland District,Bajra,Rabi,2017,13524,58153,4.3,Alluvial,Low,Mountain,NPK
Nagaland,Nagaland District,Cotton,Kharif,2017,12367,22507,1.82,Clay Loam,High,Mountain,Potash
Nagaland,Nagaland District,Ragi,Zaid,2017,25875,113591,4.39,Clay Loam,Low,Temperate,DAP + Urea
Nagaland,Nagaland District,Tea,Kharif,2018,28835,61418,2.13,Black,High,Tropical,DAP + Urea
Nagaland,Nagaland District,Cotton,Rabi,2018,6968,25363,3.64,Sandy,Medium,Mountain,NPK
Nagaland,Nagaland District,Ragi,Kharif,2018,24014,97016,4.04,Loam,Low,Humid,Potash
Nagaland,Nagaland District,Groundnut,Zaid,2018,3477,19679,5.66,Laterite,Low,Tropical,DAP + Urea
Nagaland,Nagaland District,Coffee,Rabi,2018,26241,124907,4.76,Sandy,Medium,Mountain,NPK
Nagaland,Nagaland District,Sugarcane,Zaid,2018,8164,23104,2.83,Sandy,High,Humid,NPK
Nagaland,Nagaland District,Jute,Zaid,2018,5677,13397,2.36,Loam,High,Temperate,Urea
Nagaland,Nagaland District,Cotton,Kharif,2018,15461,80242,5.19,Red,Low,Tropical,NPK
Nagaland,Nagaland District,Apple,Rabi,2018,28210,61215,2.17,Sandy,Medium,Tropical,Organic + NPK
Nagaland,Nagaland District,Ragi,Kharif,2018,27805,122342,4.4,Alluvial,Medium,Temperate,Potash
Nagaland,Nagaland District,Jute,Kharif,2018,9270,24750,2.67,Black,Medium,Temperate,DAP + Urea
Nagaland,Nagaland District,Rubber,Zaid,2018,21387,73143,3.42,Clay Loam,High,Tropical,DAP + Urea
Nagaland,Nagaland District,Bajra,Zaid,2019,15978,88677,5.55,Laterite,High,Temperate,NPK
Nagaland,Nagaland District,Mustard,Rabi,2019,23576,97133,4.12,Red,High,Tropical,NPK
Nagaland,Nagaland District,Rice,Kharif,2019,574,1521,2.65,Red,Low,Semi-Arid,NPK
Nagaland,Nagaland District,Potato,Zaid,2019,26902,97385,3.62,Black,High,Temperate,NPK
Nagaland,Nagaland District,Sugarcane,Zaid,2019,28721,124074,4.32,Clay Loam,Medium,Humid,NPK
Nagaland,Nagaland District,Jute,Zaid,2019,10050,48943,4.87,Alluvial,Medium,Tropical,DAP + Urea
Nagaland,Nagaland District,Rice,Zaid,2019,2544,10277,4.04,Alluvial,High,Mountain,Organic + NPK
Nagaland,Nagaland District,Mustard,Zaid,2019,6027,28989,4.81,Alluvial,Medium,Mountain,NPK
Nagaland,Nagaland District,Potato,Zaid,2019,10674,50381,4.72,Clay Loam,High,Temperate,NPK
Nagaland,Nagaland District,Coffee,Zaid,2019,18482,60436,3.27,Sandy,High,Tropical,Potash
Nagaland,Nagaland District,Apple,Zaid,2019,17475,59589,3.41,Alluvial,Low,Humid,Urea
Nagaland,Nagaland District,Rice,Zaid,2019,25495,53029,2.08,Laterite,High,Semi-Arid,Urea
Nagaland,Nagaland District,Sugarcane,Kharif,2020,11031,17539,1.59,Alluvial,Medium,Tropical,Urea
Nagaland,Nagaland District,Cotton,Zaid,2020,707,2835,4.01,Loam,Medium,Tropical,DAP + Urea
Nagaland,Nagaland District,Coffee,Zaid,2020,25923,113024,4.36,Laterite,High,Mountain,Organic + NPK
Nagaland,Nagaland District,Mustard,Rabi,2020,11722,26608,2.27,Loam,High,Mountain,DAP + Urea
Nagaland,Nagaland District,Mustard,Rabi,2020,29081,152093,5.23,Alluvial,Medium,Humid,NPK
Nagaland,Nagaland District,Coffee,Kharif,2020,14831,37374,2.52,Black,Medium,Temperate,Organic + NPK
Nagaland,Nagaland District,Coffee,Rabi,2020,20216,72171,3.57,Black,Low,Temperate,Potash
Nagaland,Nagaland District,Onion,Kharif,2020,12648,19730,1.56,Clay Loam,Low,Tropical,DAP + Urea
Nagaland,Nagaland District,Wheat,Rabi,2020,27779,96393,3.47,Loam,High,Humid,DAP + Urea
Nagaland,Nagaland District,Rice,Zaid,2020,7313,42049,5.75,Red,Medium,Semi-Arid,Potash
Nagaland,Nagaland District,Tea,Kharif,2020,3953,15258,3.86,Laterite,Medium,Tropical,DAP + Urea
Nagaland,Nagaland District,Coffee,Rabi,2020,3479,13707,3.94,Laterite,Low,Temperate,NPK
Nagaland,Nagaland District,Bajra,Zaid,2021,3579,16141,4.51,Sandy,Low,Tropical,DAP + Urea
Nagaland,Nagaland District,Mustard,Zaid,2021,28007,113428,4.05,Black,Medium,Temperate,Organic + NPK
Nagaland,Nagaland District,Banana,Zaid,2021,20247,92731,4.58,Clay Loam,Medium,Temperate,Urea
Nagaland,Nagaland District,Ragi,Kharif,2021,580,1832,3.16,Sandy,Low,Temperate,DAP + Urea
Nagaland,Nagaland District,Groundnut,Zaid,2021,28113,77591,2.76,Loam,High,Temperate,Potash
Nagaland,Nagaland District,Tea,Zaid,2021,5324,18846,3.54,Red,Medium,Temperate,Organic + NPK
Nagaland,Nagaland District,Groundnut,Zaid,2021,10766,40049,3.72,Clay Loam,Medium,Semi-Arid,DAP + Urea
Nagaland,Nagaland District,Coconut,Kharif,2021,18361,80237,4.37,Alluvial,High,Mountain,Potash
Nagaland,Nagaland District,Coconut,Kharif,2021,3133,13847,4.42,Alluvial,Low,Tropical,DAP + Urea
Nagaland,Nagaland District,Sugarcane,Rabi,2021,8596,20114,2.34,Clay Loam,Medium,Tropical,Organic + NPK
Nagaland,Nagaland District,Wheat,Zaid,2021,6523,35615,5.46,Red,Medium,Mountain,DAP + Urea
Nagaland,Nagaland District,Banana,Kharif,2021,16211,79596,4.91,Loam,High,Tropical,Potash
Nagaland,Nagaland District,Maize,Rabi,2022,22199,99451,4.48,Clay Loam,Medium,Semi-Arid,Organic + NPK
Nagaland,Nagaland District,Rubber,Zaid,2022,7610,38126,5.01,Clay Loam,High,Temperate,DAP + Urea
Nagaland,Nagaland District,Jute,Rabi,2022,27467,75259,2.74,Sandy,High,Mountain,NPK
Nagaland,Nagaland District,Potato,Rabi,2022,4284,9981,2.33,Black,High,Temperate,NPK
Nagaland,Nagaland District,Bajra,Rabi,2022,28161,114896,4.08,Red,Medium,Semi-Arid,DAP + Urea
Nagaland,Nagaland District,Coffee,Zaid,2022,7080,24992,3.53,Red,Medium,Humid,NPK
Nagaland,Nagaland District,Banana,Rabi,2022,25361,60612,2.39,Black,High,Temperate,Organic + NPK
Nagaland,Nagaland District,Cotton,Rabi,2022,18906,91315,4.83,Alluvial,Low,Semi-Arid,NPK
Nagaland,Nagaland District,Cotton,Zaid,2022,5138,27950,5.44,Clay Loam,Medium,Humid,NPK
Nagaland,Nagaland District,Potato,Zaid,2022,804,3457,4.3,Sandy,Low,Semi-Arid,Potash
Nagaland,Nagaland District,Sugarcane,Rabi,2022,24515,75996,3.1,Clay Loam,Low,Temperate,NPK
Nagaland,Nagaland District,Sugarcane,Rabi,2022,20379,71530,3.51,Sandy,Low,Mountain,NPK
Nagaland,Nagaland District,Potato,Kharif,2023,27142,149009,5.49,Alluvial,High,Tropical,DAP + Urea
Nagaland,Nagaland District,Jute,Zaid,2023,26753,98451,3.68,Clay Loam,Medium,Mountain,Organic + NPK
Nagaland,Nagaland District,Coconut,Zaid,2023,23395,98960,4.23,Loam,Low,Mountain,Urea
Nagaland,Nagaland District,Tea,Zaid,2023,16607,44008,2.65,Sandy,Medium,Humid,DAP + Urea
Nagaland,Nagaland District,Rice,Rabi,2023,3501,19955,5.7,Red,Medium,Semi-Arid,DAP + Urea
Nagaland,Nagaland District,Ragi,Zaid,2023,8259,39890,4.83,Sandy,Medium,Temperate,NPK
Nagaland,Nagaland District,Groundnut,Zaid,2023,19003,37815,1.99,Laterite,Low,Temperate,NPK
Nagaland,Nagaland District,Ragi,Rabi,2023,6829,10516,1.54,Alluvial,Low,Mountain,Potash
Nagaland,Nagaland District,Wheat,Rabi,2023,6413,27383,4.27,Clay Loam,Low,Humid,Urea
Nagaland,Nagaland District,Ragi,Zaid,2023,12377,22649,1.83,Sandy,Medium,Humid,Potash
Nagaland,Nagaland District,Banana,Kharif,2023,6309,18548,2.94,Alluvial,Medium,Mountain,NPK
Nagaland,Nagaland District,Jute,Kharif,2023,29157,107589,3.69,Clay Loam,Medium,Temperate,DAP + Urea
Nagaland,Nagaland District,Banana,Kharif,2024,23524,134322,5.71,Laterite,Low,Tropical,Potash
Nagaland,Nagaland District,Soybean,Rabi,2024,27843,122787,4.41,Black,Low,Mountain,DAP + Urea
Nagaland,Nagaland District,Soybean,Kharif,2024,19421,88171,4.54,Red,Low,Tropical,Potash
Nagaland,Nagaland District,Apple,Kharif,2024,19280,59575,3.09,Loam,Low,Tropical,Organic + NPK
Nagaland,Nagaland District,Groundnut,Kharif,2024,18083,35261,1.95,Sandy,Medium,Semi-Arid,Potash
Nagaland,Nagaland District,Jowar,Kharif,2024,23140,129121,5.58,Sandy,Medium,Semi-Arid,DAP + Urea
Nagaland,Nagaland District,Rubber,Rabi,2024,27439,116066,4.23,Loam,High,Temperate,NPK
Nagaland,Nagaland District,Bajra,Rabi,2024,2686,13241,4.93,Black,Medium,Semi-Arid,Organic + NPK
Nagaland,Nagaland District,Sugarcane,Rabi,2024,6755,15671,2.32,Alluvial,Low,Temperate,Potash
Nagaland,Nagaland District,Maize,Rabi,2024,8091,16505,2.04,Red,Low,Tropical,Organic + NPK
Nagaland,Nagaland District,Rice,Rabi,2024,6709,16034,2.39,Clay Loam,Low,Semi-Arid,Organic + NPK
Nagaland,Nagaland District,Bajra,Kharif,2024,15876,34292,2.16,Clay Loam,Medium,Semi-Arid,Urea
Nagaland,Nagaland District,Rice,Zaid,2025,18408,43811,2.38,Loam,Medium,Semi-Arid,DAP + Urea
Nagaland,Nagaland District,Groundnut,Zaid,2025,16093,40554,2.52,Black,High,Mountain,Organic + NPK
Nagaland,Nagaland District,Soybean,Rabi,2025,10669,36701,3.44,Laterite,High,Temperate,Potash
Nagaland,Nagaland District,Rubber,Kharif,2025,23903,132183,5.53,Loam,Low,Semi-Arid,NPK
Nagaland,Nagaland District,Soybean,Rabi,2025,5976,27131,4.54,Loam,High,Mountain,DAP + Urea
Nagaland,Nagaland District,Jowar,Kharif,2025,26501,92753,3.5,Clay Loam,Low,Humid,DAP + Urea
Nagaland,Nagaland District,Groundnut,Kharif,2025,17312,67170,3.88,Alluvial,High,Semi-Arid,Organic + NPK
Nagaland,Nagaland District,Rice,Rabi,2025,6599,18741,2.84,Clay Loam,Medium,Mountain,NPK
Nagaland,Nagaland District,Tea,Zaid,2025,2480,13813,5.57,Loam,Medium,Semi-Arid,NPK
Nagaland,Nagaland District,Rubber,Zaid,2025,21546,65930,3.06,Red,High,Semi-Arid,NPK
Nagaland,Nagaland District,Wheat,Zaid,2025,11294,49354,4.37,Loam,Low,Humid,DAP + Urea
Nagaland,Nagaland District,Cotton,Zaid,2025,5525,8287,1.5,Laterite,High,Mountain,NPK
Odisha,Odisha District,Soybean,Kharif,2016,14489,32020,2.21,Clay Loam,Low,Humid,Urea
Odisha,Odisha District,Soybean,Rabi,2016,22992,81391,3.54,Laterite,Medium,Humid,Urea
Odisha,Odisha District,Rubber,Zaid,2016,21100,67731,3.21,Clay Loam,High,Tropical,Organic + NPK
Odisha,Odisha District,Wheat,Rabi,2016,28599,105530,3.69,Black,Low,Semi-Arid,Urea
Odisha,Odisha District,Apple,Rabi,2016,3845,12650,3.29,Black,High,Temperate,NPK
Odisha,Odisha District,Maize,Kharif,2016,24971,130348,5.22,Red,Medium,Temperate,NPK
Odisha,Odisha District,Cotton,Zaid,2016,21135,80735,3.82,Black,Low,Temperate,Urea
Odisha,Odisha District,Apple,Rabi,2016,15415,71371,4.63,Clay Loam,Medium,Humid,NPK
Odisha,Odisha District,Jute,Zaid,2016,12976,67864,5.23,Laterite,High,Tropical,NPK
Odisha,Odisha District,Jute,Zaid,2016,23623,66380,2.81,Loam,Medium,Tropical,Organic + NPK
Odisha,Odisha District,Banana,Rabi,2016,23785,54229,2.28,Alluvial,High,Temperate,Urea
Odisha,Odisha District,Rice,Rabi,2016,28752,112420,3.91,Red,Medium,Humid,Urea
Odisha,Odisha District,Potato,Rabi,2017,12509,28395,2.27,Sandy,Medium,Semi-Arid,Organic + NPK
Odisha,Odisha District,Wheat,Zaid,2017,18581,28800,1.55,Laterite,High,Humid,DAP + Urea
Odisha,Odisha District,Coffee,Rabi,2017,2071,11038,5.33,Laterite,High,Mountain,DAP + Urea
Odisha,Odisha District,Onion,Kharif,2017,29492,113544,3.85,Black,Medium,Tropical,Potash
Odisha,Odisha District,Onion,Rabi,2017,2278,7767,3.41,Sandy,High,Mountain,Urea
Odisha,Odisha District,Onion,Zaid,2017,21489,40399,1.88,Alluvial,Low,Temperate,DAP + Urea
Odisha,Odisha District,Sugarcane,Zaid,2017,11217,35670,3.18,Sandy,High,Mountain,Organic + NPK
Odisha,Odisha District,Jowar,Rabi,2017,24858,45490,1.83,Black,High,Mountain,NPK
Odisha,Odisha District,Maize,Zaid,2017,15851,62135,3.92,Red,Medium,Mountain,DAP + Urea
Odisha,Odisha District,Groundnut,Rabi,2017,26521,69485,2.62,Laterite,Low,Humid,Urea
Odisha,Odisha District,Coconut,Rabi,2017,23928,112940,4.72,Laterite,Medium,Mountain,NPK
Odisha,Odisha District,Apple,Zaid,2017,6840,40629,5.94,Clay Loam,Low,Semi-Arid,NPK
Odisha,Odisha District,Coconut,Zaid,2018,2493,12614,5.06,Clay Loam,Medium,Semi-Arid,Organic + NPK
Odisha,Odisha District,Coconut,Rabi,2018,1717,6078,3.54,Alluvial,High,Tropical,Potash
Odisha,Odisha District,Banana,Kharif,2018,14503,42203,2.91,Red,Medium,Humid,DAP + Urea
Odisha,Odisha District,Rice,Rabi,2018,4598,26622,5.79,Alluvial,High,Humid,Organic + NPK
Odisha,Odisha District,Cotton,Kharif,2018,24817,47896,1.93,Laterite,High,Semi-Arid,DAP + Urea
Odisha,Odisha District,Banana,Kharif,2018,16197,34499,2.13,Sandy,Low,Tropical,Organic + NPK
Odisha,Odisha District,Coffee,Rabi,2018,11065,36293,3.28,Clay Loam,High,Humid,Potash
Odisha,Odisha District,Groundnut,Rabi,2018,15706,67378,4.29,Red,Medium,Temperate,NPK
Odisha,Odisha District,Apple,Zaid,2018,12835,54548,4.25,Red,Low,Temperate,Potash
Odisha,Odisha District,Potato,Zaid,2018,8625,27168,3.15,Sandy,Medium,Semi-Arid,Organic + NPK
Odisha,Odisha District,Sugarcane,Zaid,2018,12702,21212,1.67,Alluvial,Low,Humid,Potash
Odisha,Odisha District,Coffee,Rabi,2018,908,3958,4.36,Alluvial,High,Humid,Potash
Odisha,Odisha District,Apple,Rabi,2019,3702,15733,4.25,Laterite,Medium,Mountain,Organic + NPK
Odisha,Odisha District,Tea,Rabi,2019,21288,100692,4.73,Red,Medium,Temperate,Potash
Odisha,Odisha District,Soybean,Zaid,2019,18747,80049,4.27,Sandy,Low,Tropical,Urea
Odisha,Odisha District,Maize,Kharif,2019,6330,15445,2.44,Loam,Medium,Temperate,Urea
Odisha,Odisha District,Onion,Kharif,2019,8709,47028,5.4,Black,High,Humid,DAP + Urea
Odisha,Odisha District,Maize,Rabi,2019,24285,96654,3.98,Loam,High,Temperate,Organic + NPK
Odisha,Odisha District,Mustard,Kharif,2019,6807,32333,4.75,Alluvial,Low,Temperate,NPK
Odisha,Odisha District,Mustard,Zaid,2019,6794,31184,4.59,Alluvial,Low,Semi-Arid,NPK
Odisha,Odisha District,Jowar,Rabi,2019,15160,63672,4.2,Laterite,High,Mountain,Urea
Odisha,Odisha District,Apple,Rabi,2019,5053,24860,4.92,Loam,Medium,Temperate,NPK
Odisha,Odisha District,Cotton,Zaid,2019,4653,27499,5.91,Loam,High,Humid,Potash
Odisha,Odisha District,Mustard,Kharif,2019,14478,64571,4.46,Clay Loam,High,Semi-Arid,DAP + Urea
Odisha,Odisha District,Jute,Rabi,2020,2299,11242,4.89,Laterite,Low,Humid,NPK
Odisha,Odisha District,Soybean,Zaid,2020,28203,49073,1.74,Alluvial,High,Temperate,Potash
Odisha,Odisha District,Coffee,Zaid,2020,11224,28957,2.58,Black,Medium,Semi-Arid,Organic + NPK
Odisha,Odisha District,Banana,Kharif,2020,7642,35993,4.71,Clay Loam,Low,Mountain,NPK
Odisha,Odisha District,Coconut,Kharif,2020,11095,19527,1.76,Laterite,Low,Semi-Arid,Organic + NPK
Odisha,Odisha District,Tea,Rabi,2020,13457,20320,1.51,Laterite,High,Mountain,Organic + NPK
Odisha,Odisha District,Mustard,Zaid,2020,23141,54381,2.35,Red,Low,Temperate,Urea
Odisha,Odisha District,Bajra,Rabi,2020,3179,6199,1.95,Alluvial,Low,Humid,NPK
Odisha,Odisha District,Onion,Rabi,2020,7148,28449,3.98,Black,Low,Humid,Urea
Odisha,Odisha District,Jute,Zaid,2020,3735,15425,4.13,Red,Low,Temperate,Potash
Odisha,Odisha District,Banana,Kharif,2020,13182,66437,5.04,Clay Loam,Medium,Temperate,NPK
Odisha,Odisha District,Rubber,Kharif,2020,2933,6687,2.28,Black,Medium,Tropical,Urea
Odisha,Odisha District,Potato,Rabi,2021,21841,83651,3.83,Red,Medium,Semi-Arid,NPK
Odisha,Odisha District,Mustard,Kharif,2021,6420,17398,2.71,Loam,High,Humid,Urea
Odisha,Odisha District,Onion,Zaid,2021,13375,34106,2.55,Clay Loam,Low,Mountain,DAP + Urea
Odisha,Odisha District,Sugarcane,Rabi,2021,1211,4286,3.54,Clay Loam,Low,Humid,NPK
Odisha,Odisha District,Mustard,Kharif,2021,19602,108987,5.56,Alluvial,Low,Tropical,Potash
Odisha,Odisha District,Mustard,Kharif,2021,16933,84157,4.97,Laterite,Medium,Humid,Potash
Odisha,Odisha District,Potato,Kharif,2021,27177,134526,4.95,Sandy,Medium,Tropical,Potash
Odisha,Odisha District,Rice,Rabi,2021,24937,130919,5.25,Loam,Low,Semi-Arid,Urea
Odisha,Odisha District,Jute,Kharif,2021,1980,11107,5.61,Loam,Low,Tropical,Urea
Odisha,Odisha District,Groundnut,Rabi,2021,29647,55736,1.88,Loam,Medium,Semi-Arid,NPK
Odisha,Odisha District,Jute,Kharif,2021,1349,7864,5.83,Black,Medium,Temperate,NPK
Odisha,Odisha District,Coffee,Kharif,2021,16648,27136,1.63,Laterite,Low,Humid,NPK
Odisha,Odisha District,Onion,Kharif,2022,27557,149083,5.41,Sandy,Medium,Humid,DAP + Urea
Odisha,Odisha District,Tea,Rabi,2022,17239,101882,5.91,Black,Low,Temperate,Organic + NPK
Odisha,Odisha District,Onion,Rabi,2022,29382,102837,3.5,Alluvial,High,Semi-Arid,NPK
Odisha,Odisha District,Bajra,Zaid,2022,15301,91193,5.96,Sandy,Low,Tropical,DAP + Urea
Odisha,Odisha District,Banana,Kharif,2022,11876,59736,5.03,Red,Medium,Semi-Arid,Urea
Odisha,Odisha District,Cotton,Kharif,2022,10778,40417,3.75,Alluvial,High,Tropical,Organic + NPK
Odisha,Odisha District,Coconut,Zaid,2022,3525,9517,2.7,Red,Low,Humid,NPK
Odisha,Odisha District,Sugarcane,Kharif,2022,5740,14579,2.54,Black,High,Semi-Arid,Potash
Odisha,Odisha District,Onion,Zaid,2022,5472,18659,3.41,Red,High,Temperate,Organic + NPK
Odisha,Odisha District,Wheat,Kharif,2022,10886,35814,3.29,Loam,Low,Tropical,Organic + NPK
Odisha,Odisha District,Coconut,Kharif,2022,29291,155242,5.3,Loam,Low,Semi-Arid,NPK
Odisha,Odisha District,Ragi,Zaid,2022,20337,39860,1.96,Sandy,Medium,Temperate,DAP + Urea
Odisha,Odisha District,Wheat,Rabi,2023,5972,17259,2.89,Black,Medium,Mountain,NPK
Odisha,Odisha District,Tea,Rabi,2023,11803,57008,4.83,Alluvial,Low,Semi-Arid,Urea
Odisha,Odisha District,Jute,Zaid,2023,27067,97170,3.59,Black,Low,Tropical,NPK
Odisha,Odisha District,Onion,Rabi,2023,2300,8441,3.67,Clay Loam,Low,Mountain,Potash
Odisha,Odisha District,Maize,Rabi,2023,13121,51303,3.91,Sandy,Low,Mountain,DAP + Urea
Odisha,Odisha District,Coffee,Zaid,2023,10123,53753,5.31,Sandy,Medium,Semi-Arid,NPK
Odisha,Odisha District,Wheat,Rabi,2023,8920,42637,4.78,Clay Loam,Low,Humid,NPK
Odisha,Odisha District,Banana,Zaid,2023,3703,11738,3.17,Laterite,Medium,Humid,DAP + Urea
Odisha,Odisha District,Jute,Kharif,2023,29801,86422,2.9,Black,High,Temperate,DAP + Urea
Odisha,Odisha District,Bajra,Kharif,2023,21067,118185,5.61,Sandy,High,Semi-Arid,Organic + NPK
Odisha,Odisha District,Cotton,Kharif,2023,6396,10361,1.62,Clay Loam,Low,Semi-Arid,DAP + Urea
Odisha,Odisha District,Tea,Kharif,2023,7679,30792,4.01,Clay Loam,High,Mountain,Organic + NPK
Odisha,Odisha District,Banana,Zaid,2024,23111,58470,2.53,Clay Loam,Low,Tropical,NPK
Odisha,Odisha District,Ragi,Rabi,2024,15270,55582,3.64,Black,Low,Temperate,DAP + Urea
Odisha,Odisha District,Groundnut,Rabi,2024,9367,14987,1.6,Laterite,Medium,Humid,Organic + NPK
Odisha,Odisha District,Cotton,Rabi,2024,16818,83080,4.94,Sandy,Medium,Tropical,DAP + Urea
Odisha,Odisha District,Wheat,Kharif,2024,17531,78363,4.47,Laterite,Low,Semi-Arid,Organic + NPK
Odisha,Odisha District,Jowar,Kharif,2024,21474,86540,4.03,Laterite,Medium,Tropical,DAP + Urea
Odisha,Odisha District,Cotton,Kharif,2024,12244,59016,4.82,Laterite,Medium,Humid,Potash
Odisha,Odisha District,Ragi,Rabi,2024,26481,60641,2.29,Laterite,Medium,Temperate,DAP + Urea
Odisha,Odisha District,Coffee,Zaid,2024,19450,50375,2.59,Alluvial,High,Humid,Potash
Odisha,Odisha District,Coconut,Kharif,2024,28987,162327,5.6,Sandy,High,Humid,Potash
Odisha,Odisha District,Mustard,Rabi,2024,17481,67301,3.85,Alluvial,Low,Tropical,DAP + Urea
Odisha,Odisha District,Coconut,Rabi,2024,5766,23640,4.1,Laterite,High,Tropical,Urea
Odisha,Odisha District,Groundnut,Zaid,2025,7724,38620,5,Red,High,Mountain,Potash
Odisha,Odisha District,Soybean,Rabi,2025,4371,19975,4.57,Sandy,High,Temperate,NPK
Odisha,Odisha District,Jowar,Rabi,2025,10946,55605,5.08,Sandy,Low,Temperate,Urea
Odisha,Odisha District,Tea,Kharif,2025,26081,64941,2.49,Laterite,Medium,Semi-Arid,NPK
Odisha,Odisha District,Coconut,Kharif,2025,1938,7848,4.05,Loam,Medium,Tropical,Organic + NPK
Odisha,Odisha District,Jowar,Rabi,2025,12285,42260,3.44,Laterite,High,Semi-Arid,Urea
Odisha,Odisha District,Cotton,Zaid,2025,9139,52914,5.79,Red,Medium,Tropical,Organic + NPK
Odisha,Odisha District,Cotton,Kharif,2025,10398,29946,2.88,Sandy,High,Semi-Arid,NPK
Odisha,Odisha District,Onion,Kharif,2025,19586,52490,2.68,Laterite,Medium,Tropical,Potash
Odisha,Odisha District,Onion,Zaid,2025,15150,34693,2.29,Laterite,Low,Humid,Urea
Odisha,Odisha District,Sugarcane,Rabi,2025,19965,37534,1.88,Loam,Low,Semi-Arid,Organic + NPK
Odisha,Odisha District,Mustard,Zaid,2025,14264,42221,2.96,Sandy,High,Semi-Arid,Organic + NPK
Punjab,Punjab District,Potato,Kharif,2016,3165,12090,3.82,Black,Medium,Tropical,Potash
Punjab,Punjab District,Wheat,Kharif,2016,6583,34889,5.3,Laterite,Low,Semi-Arid,DAP + Urea
Punjab,Punjab District,Soybean,Rabi,2016,27968,96489,3.45,Clay Loam,Medium,Temperate,Organic + NPK
Punjab,Punjab District,Wheat,Rabi,2016,24432,132910,5.44,Clay Loam,Low,Humid,Urea
Punjab,Punjab District,Onion,Rabi,2016,22724,119073,5.24,Sandy,High,Mountain,Organic + NPK
Punjab,Punjab District,Jowar,Rabi,2016,1161,6606,5.69,Clay Loam,High,Humid,Urea
Punjab,Punjab District,Mustard,Rabi,2016,28567,84272,2.95,Red,High,Semi-Arid,Urea
Punjab,Punjab District,Groundnut,Rabi,2016,8198,30332,3.7,Clay Loam,Medium,Semi-Arid,Organic + NPK
Punjab,Punjab District,Wheat,Rabi,2016,5435,30707,5.65,Loam,High,Tropical,Potash
Punjab,Punjab District,Cotton,Rabi,2016,11810,40744,3.45,Loam,High,Temperate,NPK
Punjab,Punjab District,Coconut,Kharif,2016,6475,27907,4.31,Black,Medium,Temperate,DAP + Urea
Punjab,Punjab District,Onion,Zaid,2016,24130,134404,5.57,Laterite,Low,Tropical,Potash
Punjab,Punjab District,Wheat,Rabi,2017,16200,34992,2.16,Black,Medium,Temperate,Organic + NPK
Punjab,Punjab District,Coffee,Kharif,2017,8685,18151,2.09,Alluvial,Medium,Humid,Potash
Punjab,Punjab District,Jute,Kharif,2017,17679,90339,5.11,Laterite,High,Mountain,NPK
Punjab,Punjab District,Cotton,Zaid,2017,23615,127284,5.39,Alluvial,Low,Mountain,Urea
Punjab,Punjab District,Coffee,Rabi,2017,19230,29229,1.52,Loam,Medium,Mountain,Organic + NPK
Punjab,Punjab District,Onion,Kharif,2017,2028,8477,4.18,Black,High,Semi-Arid,NPK
Punjab,Punjab District,Mustard,Kharif,2017,14997,47240,3.15,Red,Low,Temperate,Potash
Punjab,Punjab District,Tea,Zaid,2017,4577,21923,4.79,Loam,Medium,Mountain,Urea
Punjab,Punjab District,Jowar,Kharif,2017,16048,57933,3.61,Red,Low,Tropical,DAP + Urea
Punjab,Punjab District,Coffee,Rabi,2017,23766,140219,5.9,Laterite,High,Tropical,Organic + NPK
Punjab,Punjab District,Coffee,Kharif,2017,29885,62758,2.1,Sandy,Medium,Mountain,NPK
Punjab,Punjab District,Coconut,Kharif,2017,8782,48388,5.51,Laterite,Medium,Humid,NPK
Punjab,Punjab District,Coconut,Rabi,2018,12777,34497,2.7,Clay Loam,Low,Tropical,DAP + Urea
Punjab,Punjab District,Tea,Rabi,2018,1178,2226,1.89,Black,Low,Temperate,Urea
Punjab,Punjab District,Sugarcane,Zaid,2018,11038,33003,2.99,Clay Loam,Low,Mountain,NPK
Punjab,Punjab District,Onion,Rabi,2018,10716,27968,2.61,Loam,Low,Humid,Potash
Punjab,Punjab District,Potato,Rabi,2018,18622,89385,4.8,Black,Low,Tropical,Organic + NPK
Punjab,Punjab District,Rice,Zaid,2018,11102,42742,3.85,Laterite,Low,Semi-Arid,Organic + NPK
Punjab,Punjab District,Maize,Rabi,2018,12557,40684,3.24,Alluvial,Low,Mountain,DAP + Urea
Punjab,Punjab District,Groundnut,Zaid,2018,27244,64023,2.35,Alluvial,High,Tropical,NPK
Punjab,Punjab District,Tea,Rabi,2018,16058,55239,3.44,Red,Low,Temperate,Potash
Punjab,Punjab District,Soybean,Kharif,2018,11805,35533,3.01,Black,Medium,Tropical,NPK
Punjab,Punjab District,Soybean,Zaid,2018,20842,65027,3.12,Black,Medium,Temperate,NPK
Punjab,Punjab District,Potato,Zaid,2018,5596,13710,2.45,Laterite,Medium,Temperate,NPK
Punjab,Punjab District,Ragi,Zaid,2019,7434,36798,4.95,Laterite,High,Mountain,DAP + Urea
Punjab,Punjab District,Onion,Zaid,2019,2485,14636,5.89,Clay Loam,Medium,Semi-Arid,Potash
Punjab,Punjab District,Coffee,Kharif,2019,1932,9022,4.67,Clay Loam,High,Tropical,Organic + NPK
Punjab,Punjab District,Banana,Zaid,2019,17522,57472,3.28,Sandy,Medium,Semi-Arid,Potash
Punjab,Punjab District,Jute,Rabi,2019,20941,75387,3.6,Loam,Medium,Tropical,DAP + Urea
Punjab,Punjab District,Wheat,Rabi,2019,16378,60434,3.69,Black,High,Temperate,NPK
Punjab,Punjab District,Groundnut,Kharif,2019,23990,80126,3.34,Clay Loam,High,Temperate,Urea
Punjab,Punjab District,Potato,Kharif,2019,20458,69352,3.39,Red,Low,Mountain,Urea
Punjab,Punjab District,Groundnut,Kharif,2019,13488,29538,2.19,Laterite,Low,Temperate,DAP + Urea
Punjab,Punjab District,Potato,Kharif,2019,12927,33610,2.6,Sandy,Low,Semi-Arid,Potash
Punjab,Punjab District,Bajra,Rabi,2019,27706,110269,3.98,Red,High,Humid,DAP + Urea
Punjab,Punjab District,Soybean,Zaid,2019,14775,28220,1.91,Laterite,High,Tropical,NPK
Punjab,Punjab District,Cotton,Rabi,2020,8415,27937,3.32,Sandy,High,Humid,Organic + NPK
Punjab,Punjab District,Rubber,Zaid,2020,6975,19948,2.86,Clay Loam,High,Tropical,Urea
Punjab,Punjab District,Potato,Rabi,2020,14023,40246,2.87,Black,High,Semi-Arid,Potash
Punjab,Punjab District,Onion,Rabi,2020,13315,59784,4.49,Red,High,Semi-Arid,Organic + NPK
Punjab,Punjab District,Mustard,Kharif,2020,4556,15217,3.34,Loam,Medium,Tropical,Potash
Punjab,Punjab District,Rubber,Rabi,2020,28879,98766,3.42,Red,Medium,Semi-Arid,NPK
Punjab,Punjab District,Rubber,Rabi,2020,26651,115931,4.35,Sandy,Medium,Temperate,Organic + NPK
Punjab,Punjab District,Banana,Zaid,2020,24803,145345,5.86,Laterite,Medium,Humid,Potash
Punjab,Punjab District,Rubber,Kharif,2020,6646,32631,4.91,Laterite,High,Mountain,Potash
Punjab,Punjab District,Rice,Zaid,2020,25839,155034,6,Sandy,Medium,Humid,Urea
Punjab,Punjab District,Potato,Rabi,2020,577,1638,2.84,Alluvial,High,Humid,Potash
Punjab,Punjab District,Apple,Rabi,2020,1318,5166,3.92,Alluvial,High,Tropical,Organic + NPK
Punjab,Punjab District,Ragi,Kharif,2021,27271,86994,3.19,Red,Low,Semi-Arid,Organic + NPK
Punjab,Punjab District,Apple,Rabi,2021,16985,87982,5.18,Red,High,Temperate,Urea
Punjab,Punjab District,Ragi,Kharif,2021,17273,36273,2.1,Red,Medium,Humid,DAP + Urea
Punjab,Punjab District,Groundnut,Rabi,2021,27841,121108,4.35,Black,High,Mountain,Potash
Punjab,Punjab District,Cotton,Zaid,2021,3937,18110,4.6,Alluvial,Low,Semi-Arid,NPK
Punjab,Punjab District,Soybean,Kharif,2021,8070,45595,5.65,Loam,Low,Mountain,NPK
Punjab,Punjab District,Sugarcane,Kharif,2021,8567,33068,3.86,Black,Low,Semi-Arid,NPK
Punjab,Punjab District,Jowar,Rabi,2021,10135,45708,4.51,Alluvial,Medium,Temperate,Urea
Punjab,Punjab District,Onion,Rabi,2021,12247,61357,5.01,Loam,Low,Mountain,Urea
Punjab,Punjab District,Apple,Rabi,2021,13842,72532,5.24,Laterite,Low,Mountain,Organic + NPK
Punjab,Punjab District,Jute,Rabi,2021,5102,28214,5.53,Black,Medium,Mountain,DAP + Urea
Punjab,Punjab District,Onion,Rabi,2021,23324,120351,5.16,Black,High,Mountain,NPK
Punjab,Punjab District,Rice,Kharif,2022,8461,43574,5.15,Clay Loam,High,Temperate,Potash
Punjab,Punjab District,Mustard,Zaid,2022,19020,68281,3.59,Loam,Medium,Temperate,Potash
Punjab,Punjab District,Potato,Zaid,2022,26444,130104,4.92,Alluvial,Low,Mountain,DAP + Urea
Punjab,Punjab District,Tea,Zaid,2022,11108,55428,4.99,Laterite,Medium,Humid,Urea
Punjab,Punjab District,Cotton,Kharif,2022,9837,56169,5.71,Clay Loam,Medium,Mountain,Potash
Punjab,Punjab District,Groundnut,Zaid,2022,17873,48257,2.7,Black,Medium,Mountain,Potash
Punjab,Punjab District,Rubber,Zaid,2022,6332,24251,3.83,Loam,High,Semi-Arid,DAP + Urea
Punjab,Punjab District,Mustard,Rabi,2022,16220,36170,2.23,Red,High,Tropical,Potash
Punjab,Punjab District,Jute,Zaid,2022,2325,12206,5.25,Black,Medium,Humid,Potash
Punjab,Punjab District,Potato,Kharif,2022,13621,51214,3.76,Laterite,Low,Semi-Arid,Potash
Punjab,Punjab District,Jute,Kharif,2022,3916,11043,2.82,Loam,Medium,Mountain,Organic + NPK
Punjab,Punjab District,Jowar,Zaid,2022,21198,77796,3.67,Black,Low,Temperate,Potash
Punjab,Punjab District,Onion,Zaid,2023,14925,32088,2.15,Laterite,High,Temperate,NPK
Punjab,Punjab District,Cotton,Rabi,2023,14682,74731,5.09,Alluvial,Low,Temperate,Urea
Punjab,Punjab District,Potato,Kharif,2023,21766,114271,5.25,Sandy,Medium,Mountain,Urea
Punjab,Punjab District,Banana,Zaid,2023,13403,65942,4.92,Black,High,Temperate,Urea
Punjab,Punjab District,Coconut,Kharif,2023,23989,110829,4.62,Black,High,Mountain,Urea
Punjab,Punjab District,Ragi,Kharif,2023,20301,116730,5.75,Loam,High,Mountain,NPK
Punjab,Punjab District,Sugarcane,Zaid,2023,6960,22550,3.24,Alluvial,Low,Tropical,DAP + Urea
Punjab,Punjab District,Onion,Rabi,2023,16742,88565,5.29,Alluvial,Low,Humid,Organic + NPK
Punjab,Punjab District,Potato,Rabi,2023,12175,34820,2.86,Loam,Medium,Mountain,DAP + Urea
Punjab,Punjab District,Cotton,Rabi,2023,15013,23120,1.54,Red,Low,Mountain,NPK
Punjab,Punjab District,Bajra,Zaid,2023,4339,14101,3.25,Clay Loam,Medium,Tropical,Urea
Punjab,Punjab District,Cotton,Kharif,2023,19193,84449,4.4,Black,High,Humid,DAP + Urea
Punjab,Punjab District,Groundnut,Zaid,2024,12200,67100,5.5,Loam,High,Mountain,Urea
Punjab,Punjab District,Jute,Rabi,2024,12141,23432,1.93,Red,Medium,Temperate,Potash
Punjab,Punjab District,Bajra,Kharif,2024,8493,40596,4.78,Clay Loam,Medium,Semi-Arid,NPK
Punjab,Punjab District,Rubber,Kharif,2024,9271,31706,3.42,Alluvial,Medium,Semi-Arid,Urea
Punjab,Punjab District,Wheat,Kharif,2024,1870,4675,2.5,Loam,High,Semi-Arid,Potash
Punjab,Punjab District,Ragi,Zaid,2024,9643,24011,2.49,Black,High,Semi-Arid,NPK
Punjab,Punjab District,Jute,Zaid,2024,1129,3940,3.49,Laterite,Medium,Mountain,Urea
Punjab,Punjab District,Rubber,Kharif,2024,16056,54590,3.4,Alluvial,Medium,Tropical,NPK
Punjab,Punjab District,Wheat,Kharif,2024,6108,23271,3.81,Loam,Low,Mountain,Urea
Punjab,Punjab District,Soybean,Zaid,2024,6511,17905,2.75,Loam,High,Semi-Arid,Potash
Punjab,Punjab District,Rice,Rabi,2024,16247,44841,2.76,Clay Loam,Low,Semi-Arid,NPK
Punjab,Punjab District,Onion,Zaid,2024,19333,73658,3.81,Clay Loam,Medium,Semi-Arid,Potash
Punjab,Punjab District,Coffee,Zaid,2025,24110,93546,3.88,Sandy,Low,Humid,Organic + NPK
Punjab,Punjab District,Rubber,Zaid,2025,17060,33437,1.96,Laterite,High,Mountain,Organic + NPK
Punjab,Punjab District,Soybean,Zaid,2025,21700,73346,3.38,Sandy,Medium,Tropical,Urea
Punjab,Punjab District,Jute,Rabi,2025,2733,6313,2.31,Clay Loam,Medium,Semi-Arid,Urea
Punjab,Punjab District,Potato,Rabi,2025,19733,110899,5.62,Laterite,Medium,Tropical,Urea
Punjab,Punjab District,Potato,Zaid,2025,22252,38941,1.75,Laterite,Low,Semi-Arid,Organic + NPK
Punjab,Punjab District,Soybean,Zaid,2025,26272,40458,1.54,Laterite,Medium,Humid,Organic + NPK
Punjab,Punjab District,Tea,Zaid,2025,6081,29918,4.92,Laterite,Low,Tropical,Urea
Punjab,Punjab District,Banana,Kharif,2025,18837,89664,4.76,Red,Low,Humid,Organic + NPK
Punjab,Punjab District,Banana,Zaid,2025,8206,25192,3.07,Alluvial,High,Humid,Potash
Punjab,Punjab District,Rubber,Rabi,2025,21911,72087,3.29,Alluvial,Medium,Humid,Organic + NPK
Punjab,Punjab District,Sugarcane,Rabi,2025,9803,28722,2.93,Red,Medium,Mountain,Potash
Rajasthan,Rajasthan District,Soybean,Zaid,2016,14554,83831,5.76,Alluvial,Low,Mountain,DAP + Urea
Rajasthan,Rajasthan District,Banana,Rabi,2016,24755,120309,4.86,Black,Low,Mountain,DAP + Urea
Rajasthan,Rajasthan District,Cotton,Kharif,2016,2682,4318,1.61,Sandy,High,Semi-Arid,Urea
Rajasthan,Rajasthan District,Groundnut,Zaid,2016,27633,43936,1.59,Sandy,Medium,Humid,Urea
Rajasthan,Rajasthan District,Banana,Kharif,2016,25704,119523,4.65,Sandy,High,Tropical,Organic + NPK
Rajasthan,Rajasthan District,Cotton,Kharif,2016,7776,27915,3.59,Loam,Low,Humid,DAP + Urea
Rajasthan,Rajasthan District,Wheat,Kharif,2016,12904,27614,2.14,Red,Medium,Humid,Urea
Rajasthan,Rajasthan District,Maize,Rabi,2016,2552,13882,5.44,Sandy,Low,Mountain,Potash
Rajasthan,Rajasthan District,Apple,Rabi,2016,14437,55871,3.87,Black,High,Semi-Arid,NPK
Rajasthan,Rajasthan District,Jowar,Zaid,2016,24189,73776,3.05,Alluvial,High,Temperate,DAP + Urea
Rajasthan,Rajasthan District,Apple,Rabi,2016,20864,34216,1.64,Red,Medium,Semi-Arid,Potash
Rajasthan,Rajasthan District,Coconut,Zaid,2016,14525,86133,5.93,Clay Loam,Medium,Semi-Arid,Organic + NPK
Rajasthan,Rajasthan District,Sugarcane,Rabi,2017,20604,116000,5.63,Alluvial,Low,Temperate,DAP + Urea
Rajasthan,Rajasthan District,Bajra,Kharif,2017,6240,19156,3.07,Loam,Medium,Mountain,Urea
Rajasthan,Rajasthan District,Ragi,Kharif,2017,22895,62274,2.72,Black,Medium,Humid,Organic + NPK
Rajasthan,Rajasthan District,Soybean,Kharif,2017,4775,26405,5.53,Alluvial,Low,Humid,Urea
Rajasthan,Rajasthan District,Coffee,Zaid,2017,26724,113577,4.25,Loam,Low,Tropical,NPK
Rajasthan,Rajasthan District,Rice,Zaid,2017,13111,65030,4.96,Alluvial,Medium,Temperate,Organic + NPK
Rajasthan,Rajasthan District,Groundnut,Rabi,2017,5225,24818,4.75,Red,Low,Temperate,Organic + NPK
Rajasthan,Rajasthan District,Onion,Kharif,2017,17380,46578,2.68,Alluvial,High,Semi-Arid,Organic + NPK
Rajasthan,Rajasthan District,Rubber,Kharif,2017,11505,36240,3.15,Alluvial,High,Semi-Arid,Urea
Rajasthan,Rajasthan District,Cotton,Zaid,2017,4100,11480,2.8,Clay Loam,Medium,Mountain,Organic + NPK
Rajasthan,Rajasthan District,Bajra,Rabi,2017,26407,116454,4.41,Red,Medium,Mountain,NPK
Rajasthan,Rajasthan District,Rice,Rabi,2017,3185,11593,3.64,Red,Medium,Humid,DAP + Urea
Rajasthan,Rajasthan District,Onion,Rabi,2018,29509,109478,3.71,Clay Loam,High,Mountain,Potash
Rajasthan,Rajasthan District,Ragi,Kharif,2018,5041,9124,1.81,Alluvial,Low,Temperate,Urea
Rajasthan,Rajasthan District,Banana,Zaid,2018,26029,87978,3.38,Laterite,High,Temperate,NPK
Rajasthan,Rajasthan District,Coffee,Rabi,2018,18390,97467,5.3,Alluvial,Medium,Tropical,Organic + NPK
Rajasthan,Rajasthan District,Potato,Kharif,2018,7588,33007,4.35,Laterite,Medium,Mountain,DAP + Urea
Rajasthan,Rajasthan District,Soybean,Kharif,2018,4710,19782,4.2,Red,Medium,Humid,Potash
Rajasthan,Rajasthan District,Sugarcane,Kharif,2018,8919,15429,1.73,Laterite,High,Tropical,Organic + NPK
Rajasthan,Rajasthan District,Sugarcane,Kharif,2018,17200,43171,2.51,Red,Medium,Temperate,Organic + NPK
Rajasthan,Rajasthan District,Apple,Zaid,2018,6785,25850,3.81,Laterite,Low,Temperate,Organic + NPK
Rajasthan,Rajasthan District,Mustard,Rabi,2018,18493,82663,4.47,Loam,Low,Mountain,Organic + NPK
Rajasthan,Rajasthan District,Mustard,Rabi,2018,10281,50993,4.96,Alluvial,Medium,Mountain,Potash
Rajasthan,Rajasthan District,Apple,Rabi,2018,4860,20412,4.2,Alluvial,Low,Semi-Arid,Organic + NPK
Rajasthan,Rajasthan District,Groundnut,Kharif,2019,5659,11657,2.06,Clay Loam,Low,Humid,Organic + NPK
Rajasthan,Rajasthan District,Bajra,Kharif,2019,22245,80971,3.64,Sandy,Medium,Tropical,Urea
Rajasthan,Rajasthan District,Rice,Rabi,2019,21811,106873,4.9,Alluvial,Low,Humid,Potash
Rajasthan,Rajasthan District,Apple,Kharif,2019,8800,22352,2.54,Black,High,Humid,Urea
Rajasthan,Rajasthan District,Soybean,Rabi,2019,4526,20548,4.54,Laterite,Medium,Temperate,Urea
Rajasthan,Rajasthan District,Sugarcane,Zaid,2019,2426,12154,5.01,Red,Medium,Semi-Arid,Organic + NPK
Rajasthan,Rajasthan District,Soybean,Rabi,2019,24686,126886,5.14,Red,High,Temperate,Potash
Rajasthan,Rajasthan District,Ragi,Zaid,2019,1115,5140,4.61,Black,Low,Tropical,DAP + Urea
Rajasthan,Rajasthan District,Onion,Kharif,2019,2563,6791,2.65,Alluvial,High,Semi-Arid,Organic + NPK
Rajasthan,Rajasthan District,Cotton,Rabi,2019,11099,48169,4.34,Laterite,Medium,Semi-Arid,Urea
Rajasthan,Rajasthan District,Onion,Rabi,2019,12145,67890,5.59,Laterite,Low,Tropical,Urea
Rajasthan,Rajasthan District,Cotton,Rabi,2019,21445,93500,4.36,Alluvial,Medium,Temperate,NPK
Rajasthan,Rajasthan District,Mustard,Zaid,2020,28684,82036,2.86,Laterite,High,Mountain,Potash
Rajasthan,Rajasthan District,Rubber,Zaid,2020,20679,88506,4.28,Sandy,Low,Humid,Urea
Rajasthan,Rajasthan District,Bajra,Rabi,2020,18391,101518,5.52,Black,Low,Tropical,NPK
Rajasthan,Rajasthan District,Jute,Rabi,2020,25461,97770,3.84,Sandy,High,Temperate,Organic + NPK
Rajasthan,Rajasthan District,Sugarcane,Kharif,2020,8786,30135,3.43,Black,Medium,Temperate,Potash
Rajasthan,Rajasthan District,Potato,Kharif,2020,10853,56218,5.18,Sandy,High,Mountain,Potash
Rajasthan,Rajasthan District,Sugarcane,Zaid,2020,23202,53828,2.32,Sandy,Medium,Semi-Arid,Organic + NPK
Rajasthan,Rajasthan District,Rice,Kharif,2020,22058,111613,5.06,Alluvial,High,Humid,DAP + Urea
Rajasthan,Rajasthan District,Tea,Zaid,2020,4372,12547,2.87,Red,High,Semi-Arid,NPK
Rajasthan,Rajasthan District,Potato,Kharif,2020,2654,4246,1.6,Red,High,Temperate,DAP + Urea
Rajasthan,Rajasthan District,Cotton,Zaid,2020,12751,49218,3.86,Black,Medium,Semi-Arid,DAP + Urea
Rajasthan,Rajasthan District,Sugarcane,Zaid,2020,1970,11741,5.96,Red,High,Semi-Arid,DAP + Urea
Rajasthan,Rajasthan District,Rice,Kharif,2021,2613,4415,1.69,Red,Medium,Humid,NPK
Rajasthan,Rajasthan District,Banana,Kharif,2021,23507,118710,5.05,Laterite,Low,Tropical,Organic + NPK
Rajasthan,Rajasthan District,Wheat,Zaid,2021,5369,10576,1.97,Clay Loam,Low,Semi-Arid,Potash
Rajasthan,Rajasthan District,Jowar,Zaid,2021,23488,43922,1.87,Sandy,High,Temperate,DAP + Urea
Rajasthan,Rajasthan District,Coffee,Kharif,2021,621,2968,4.78,Clay Loam,High,Temperate,Urea
Rajasthan,Rajasthan District,Onion,Rabi,2021,9514,31681,3.33,Loam,Medium,Semi-Arid,Potash
Rajasthan,Rajasthan District,Ragi,Zaid,2021,14572,55227,3.79,Black,Low,Temperate,DAP + Urea
Rajasthan,Rajasthan District,Rice,Rabi,2021,26304,42349,1.61,Sandy,Medium,Temperate,Urea
Rajasthan,Rajasthan District,Coconut,Zaid,2021,15952,85343,5.35,Laterite,Medium,Semi-Arid,Urea
Rajasthan,Rajasthan District,Soybean,Zaid,2021,11229,24591,2.19,Loam,Low,Semi-Arid,Urea
Rajasthan,Rajasthan District,Maize,Kharif,2021,19471,57244,2.94,Clay Loam,Low,Semi-Arid,DAP + Urea
Rajasthan,Rajasthan District,Bajra,Rabi,2021,26237,156372,5.96,Laterite,Medium,Tropical,Urea
Rajasthan,Rajasthan District,Rubber,Kharif,2022,11693,27595,2.36,Clay Loam,Medium,Mountain,NPK
Rajasthan,Rajasthan District,Ragi,Kharif,2022,12622,53391,4.23,Loam,High,Mountain,NPK
Rajasthan,Rajasthan District,Wheat,Rabi,2022,1687,3407,2.02,Red,Low,Semi-Arid,Organic + NPK
Rajasthan,Rajasthan District,Apple,Rabi,2022,5459,16104,2.95,Laterite,Low,Tropical,Organic + NPK
Rajasthan,Rajasthan District,Groundnut,Rabi,2022,8372,28883,3.45,Clay Loam,High,Tropical,DAP + Urea
Rajasthan,Rajasthan District,Potato,Zaid,2022,18835,96811,5.14,Red,Low,Temperate,DAP + Urea
Rajasthan,Rajasthan District,Rubber,Kharif,2022,12434,42648,3.43,Laterite,High,Mountain,Potash
Rajasthan,Rajasthan District,Banana,Kharif,2022,23186,60747,2.62,Sandy,Medium,Temperate,Organic + NPK
Rajasthan,Rajasthan District,Mustard,Rabi,2022,26988,62072,2.3,Red,Low,Tropical,Potash
Rajasthan,Rajasthan District,Groundnut,Zaid,2022,26425,144809,5.48,Clay Loam,Low,Humid,Urea
Rajasthan,Rajasthan District,Bajra,Zaid,2022,4947,19837,4.01,Clay Loam,Medium,Mountain,DAP + Urea
Rajasthan,Rajasthan District,Potato,Rabi,2022,6635,15393,2.32,Sandy,Medium,Temperate,NPK
Rajasthan,Rajasthan District,Jowar,Kharif,2023,21292,120512,5.66,Loam,Medium,Temperate,DAP + Urea
Rajasthan,Rajasthan District,Maize,Zaid,2023,28226,48548,1.72,Black,High,Tropical,NPK
Rajasthan,Rajasthan District,Rubber,Kharif,2023,17549,57736,3.29,Black,Low,Semi-Arid,Urea
Rajasthan,Rajasthan District,Potato,Zaid,2023,14516,85934,5.92,Alluvial,Low,Semi-Arid,NPK
Rajasthan,Rajasthan District,Maize,Rabi,2023,11630,33378,2.87,Red,Low,Tropical,NPK
Rajasthan,Rajasthan District,Mustard,Rabi,2023,2180,3466,1.59,Alluvial,Low,Semi-Arid,Potash
Rajasthan,Rajasthan District,Groundnut,Kharif,2023,14463,86199,5.96,Laterite,High,Mountain,DAP + Urea
Rajasthan,Rajasthan District,Sugarcane,Rabi,2023,26452,54491,2.06,Loam,High,Temperate,Organic + NPK
Rajasthan,Rajasthan District,Ragi,Kharif,2023,24874,39052,1.57,Black,Medium,Semi-Arid,Urea
Rajasthan,Rajasthan District,Tea,Rabi,2023,22536,133413,5.92,Clay Loam,Low,Semi-Arid,Potash
Rajasthan,Rajasthan District,Groundnut,Rabi,2023,9511,54307,5.71,Laterite,High,Mountain,NPK
Rajasthan,Rajasthan District,Apple,Rabi,2023,5626,11645,2.07,Black,Medium,Semi-Arid,Urea
Rajasthan,Rajasthan District,Onion,Rabi,2024,790,4447,5.63,Red,Low,Tropical,Urea
Rajasthan,Rajasthan District,Cotton,Kharif,2024,12528,37458,2.99,Sandy,Medium,Tropical,Organic + NPK
Rajasthan,Rajasthan District,Jute,Rabi,2024,3849,8814,2.29,Sandy,Low,Temperate,Organic + NPK
Rajasthan,Rajasthan District,Rice,Kharif,2024,8144,26223,3.22,Sandy,Low,Semi-Arid,Urea
Rajasthan,Rajasthan District,Jowar,Zaid,2024,25786,55955,2.17,Clay Loam,Medium,Semi-Arid,Organic + NPK
Rajasthan,Rajasthan District,Maize,Kharif,2024,5375,13867,2.58,Red,Low,Temperate,NPK
Rajasthan,Rajasthan District,Rice,Kharif,2024,21315,34104,1.6,Alluvial,Low,Mountain,Potash
Rajasthan,Rajasthan District,Sugarcane,Zaid,2024,27685,87484,3.16,Clay Loam,Low,Tropical,Potash
Rajasthan,Rajasthan District,Mustard,Kharif,2024,23561,87646,3.72,Sandy,Low,Temperate,NPK
Rajasthan,Rajasthan District,Jute,Kharif,2024,10062,38034,3.78,Black,Medium,Semi-Arid,NPK
Rajasthan,Rajasthan District,Potato,Kharif,2024,23102,60527,2.62,Loam,Low,Tropical,DAP + Urea
Rajasthan,Rajasthan District,Sugarcane,Rabi,2024,23975,54183,2.26,Sandy,Low,Temperate,DAP + Urea
Rajasthan,Rajasthan District,Jute,Zaid,2025,8221,35350,4.3,Alluvial,High,Mountain,DAP + Urea
Rajasthan,Rajasthan District,Apple,Kharif,2025,4159,11936,2.87,Black,High,Tropical,Potash
Rajasthan,Rajasthan District,Sugarcane,Rabi,2025,20671,33693,1.63,Loam,Medium,Semi-Arid,Organic + NPK
Rajasthan,Rajasthan District,Tea,Zaid,2025,21377,94486,4.42,Clay Loam,Medium,Semi-Arid,NPK
Rajasthan,Rajasthan District,Maize,Zaid,2025,17670,43998,2.49,Red,Medium,Temperate,DAP + Urea
Rajasthan,Rajasthan District,Sugarcane,Rabi,2025,11653,63275,5.43,Alluvial,Low,Mountain,Organic + NPK
Rajasthan,Rajasthan District,Sugarcane,Zaid,2025,7477,39329,5.26,Loam,Medium,Semi-Arid,Urea
Rajasthan,Rajasthan District,Jute,Kharif,2025,24043,39911,1.66,Clay Loam,Medium,Humid,NPK
Rajasthan,Rajasthan District,Coffee,Kharif,2025,2667,12508,4.69,Clay Loam,High,Humid,NPK
Rajasthan,Rajasthan District,Ragi,Kharif,2025,24130,112445,4.66,Sandy,High,Humid,Urea
Rajasthan,Rajasthan District,Potato,Rabi,2025,8509,24080,2.83,Loam,High,Semi-Arid,NPK
Rajasthan,Rajasthan District,Bajra,Kharif,2025,28222,103574,3.67,Clay Loam,Low,Humid,Organic + NPK
Sikkim,Sikkim District,Cotton,Zaid,2016,26724,137628,5.15,Loam,Medium,Tropical,Organic + NPK
Sikkim,Sikkim District,Potato,Rabi,2016,16665,51161,3.07,Red,Low,Mountain,Urea
Sikkim,Sikkim District,Tea,Kharif,2016,16209,93039,5.74,Red,Low,Mountain,NPK
Sikkim,Sikkim District,Rubber,Kharif,2016,2184,9675,4.43,Alluvial,Medium,Mountain,Organic + NPK
Sikkim,Sikkim District,Tea,Rabi,2016,28463,134345,4.72,Laterite,Medium,Mountain,Potash
Sikkim,Sikkim District,Tea,Kharif,2016,26864,107456,4,Laterite,Medium,Humid,Organic + NPK
Sikkim,Sikkim District,Sugarcane,Kharif,2016,24574,55537,2.26,Red,Medium,Semi-Arid,Potash
Sikkim,Sikkim District,Sugarcane,Rabi,2016,5035,25628,5.09,Loam,Medium,Temperate,NPK
Sikkim,Sikkim District,Coconut,Rabi,2016,3281,12106,3.69,Alluvial,Low,Temperate,Potash
Sikkim,Sikkim District,Rubber,Rabi,2016,14891,43779,2.94,Black,Medium,Humid,Urea
Sikkim,Sikkim District,Maize,Kharif,2016,6836,17773,2.6,Loam,High,Tropical,Potash
Sikkim,Sikkim District,Jute,Kharif,2016,14072,31521,2.24,Sandy,Low,Tropical,Organic + NPK
Sikkim,Sikkim District,Coffee,Zaid,2017,15583,66695,4.28,Sandy,Medium,Temperate,Organic + NPK
Sikkim,Sikkim District,Wheat,Rabi,2017,1280,6412,5.01,Clay Loam,Medium,Semi-Arid,Organic + NPK
Sikkim,Sikkim District,Mustard,Kharif,2017,21142,61946,2.93,Loam,Low,Temperate,Urea
Sikkim,Sikkim District,Maize,Zaid,2017,27678,114586,4.14,Red,Low,Tropical,Organic + NPK
Sikkim,Sikkim District,Potato,Zaid,2017,14555,37988,2.61,Laterite,Low,Mountain,DAP + Urea
Sikkim,Sikkim District,Jowar,Kharif,2017,13309,31276,2.35,Alluvial,Medium,Semi-Arid,Urea
Sikkim,Sikkim District,Banana,Kharif,2017,21723,74727,3.44,Clay Loam,Medium,Humid,Potash
Sikkim,Sikkim District,Bajra,Rabi,2017,10259,28314,2.76,Clay Loam,Low,Humid,NPK
Sikkim,Sikkim District,Jute,Zaid,2017,665,1941,2.92,Loam,High,Humid,Urea
Sikkim,Sikkim District,Rubber,Kharif,2017,6882,30487,4.43,Laterite,Low,Humid,Organic + NPK
Sikkim,Sikkim District,Banana,Kharif,2017,21637,116407,5.38,Sandy,High,Temperate,Organic + NPK
Sikkim,Sikkim District,Jowar,Zaid,2017,9357,33404,3.57,Sandy,Low,Temperate,Organic + NPK
Sikkim,Sikkim District,Onion,Zaid,2018,1123,6019,5.36,Black,Medium,Semi-Arid,DAP + Urea
Sikkim,Sikkim District,Maize,Kharif,2018,25071,140648,5.61,Alluvial,High,Tropical,Organic + NPK
Sikkim,Sikkim District,Wheat,Zaid,2018,25091,97353,3.88,Alluvial,Medium,Mountain,NPK
Sikkim,Sikkim District,Cotton,Zaid,2018,20133,105496,5.24,Alluvial,Low,Temperate,NPK
Sikkim,Sikkim District,Potato,Rabi,2018,12846,72066,5.61,Black,Medium,Semi-Arid,Organic + NPK
Sikkim,Sikkim District,Potato,Rabi,2018,16407,92043,5.61,Sandy,High,Humid,NPK
Sikkim,Sikkim District,Groundnut,Zaid,2018,16474,50904,3.09,Black,Medium,Tropical,Urea
Sikkim,Sikkim District,Jute,Rabi,2018,21501,53537,2.49,Laterite,Low,Tropical,NPK
Sikkim,Sikkim District,Tea,Kharif,2018,10227,37839,3.7,Laterite,Medium,Semi-Arid,Potash
Sikkim,Sikkim District,Bajra,Kharif,2018,17478,39500,2.26,Laterite,Low,Mountain,Urea
Sikkim,Sikkim District,Tea,Zaid,2018,24120,58370,2.42,Loam,High,Mountain,DAP + Urea
Sikkim,Sikkim District,Tea,Zaid,2018,11351,48241,4.25,Sandy,High,Humid,Urea
Sikkim,Sikkim District,Banana,Kharif,2019,29925,146333,4.89,Black,High,Tropical,Urea
Sikkim,Sikkim District,Rice,Kharif,2019,19859,61364,3.09,Loam,Low,Mountain,NPK
Sikkim,Sikkim District,Rubber,Rabi,2019,28861,119484,4.14,Sandy,High,Tropical,Urea
Sikkim,Sikkim District,Coffee,Kharif,2019,15100,69762,4.62,Sandy,Medium,Mountain,DAP + Urea
Sikkim,Sikkim District,Coffee,Rabi,2019,22113,50859,2.3,Sandy,Low,Temperate,DAP + Urea
Sikkim,Sikkim District,Coffee,Kharif,2019,15077,34978,2.32,Laterite,Medium,Humid,DAP + Urea
Sikkim,Sikkim District,Coconut,Rabi,2019,28885,75389,2.61,Black,Medium,Semi-Arid,DAP + Urea
Sikkim,Sikkim District,Jowar,Kharif,2019,23806,133551,5.61,Red,Medium,Semi-Arid,Potash
Sikkim,Sikkim District,Banana,Kharif,2019,24946,59870,2.4,Red,Low,Temperate,NPK
Sikkim,Sikkim District,Potato,Rabi,2019,22758,74646,3.28,Alluvial,Medium,Tropical,Organic + NPK
Sikkim,Sikkim District,Potato,Zaid,2019,29314,68008,2.32,Black,High,Tropical,NPK
Sikkim,Sikkim District,Bajra,Zaid,2019,7236,23082,3.19,Laterite,Medium,Mountain,Organic + NPK
Sikkim,Sikkim District,Wheat,Rabi,2020,3243,18647,5.75,Red,High,Tropical,Organic + NPK
Sikkim,Sikkim District,Soybean,Kharif,2020,4211,16928,4.02,Sandy,Medium,Humid,Organic + NPK
Sikkim,Sikkim District,Bajra,Zaid,2020,2195,5904,2.69,Clay Loam,Medium,Temperate,NPK
Sikkim,Sikkim District,Rice,Kharif,2020,1043,1856,1.78,Laterite,Medium,Humid,Organic + NPK
Sikkim,Sikkim District,Bajra,Kharif,2020,4329,24069,5.56,Black,Medium,Semi-Arid,DAP + Urea
Sikkim,Sikkim District,Jowar,Zaid,2020,1423,2917,2.05,Clay Loam,High,Temperate,DAP + Urea
Sikkim,Sikkim District,Sugarcane,Kharif,2020,18670,65531,3.51,Red,High,Temperate,NPK
Sikkim,Sikkim District,Wheat,Kharif,2020,25425,109836,4.32,Laterite,High,Semi-Arid,Potash
Sikkim,Sikkim District,Jute,Kharif,2020,29565,130086,4.4,Alluvial,Low,Semi-Arid,NPK
Sikkim,Sikkim District,Coffee,Zaid,2020,24292,97168,4,Black,Medium,Humid,Potash
Sikkim,Sikkim District,Maize,Rabi,2020,16701,78995,4.73,Laterite,Low,Tropical,Organic + NPK
Sikkim,Sikkim District,Coconut,Rabi,2020,5400,22032,4.08,Black,Medium,Temperate,DAP + Urea
Sikkim,Sikkim District,Coconut,Zaid,2021,15777,86931,5.51,Alluvial,Low,Mountain,Organic + NPK
Sikkim,Sikkim District,Ragi,Kharif,2021,16092,81908,5.09,Black,Low,Tropical,DAP + Urea
Sikkim,Sikkim District,Mustard,Zaid,2021,8210,31280,3.81,Clay Loam,Medium,Humid,NPK
Sikkim,Sikkim District,Cotton,Zaid,2021,5346,19405,3.63,Laterite,Low,Semi-Arid,DAP + Urea
Sikkim,Sikkim District,Groundnut,Kharif,2021,4783,9948,2.08,Loam,High,Tropical,Organic + NPK
Sikkim,Sikkim District,Groundnut,Kharif,2021,2960,7607,2.57,Black,Medium,Mountain,Urea
Sikkim,Sikkim District,Apple,Kharif,2021,7981,14365,1.8,Sandy,Medium,Semi-Arid,Potash
Sikkim,Sikkim District,Maize,Zaid,2021,18533,81359,4.39,Alluvial,Medium,Tropical,DAP + Urea
Sikkim,Sikkim District,Potato,Kharif,2021,5207,16349,3.14,Laterite,High,Mountain,Urea
Sikkim,Sikkim District,Maize,Rabi,2021,26209,55563,2.12,Clay Loam,Low,Tropical,DAP + Urea
Sikkim,Sikkim District,Onion,Rabi,2021,28297,72723,2.57,Red,High,Tropical,NPK
Sikkim,Sikkim District,Soybean,Kharif,2021,26364,114419,4.34,Loam,High,Humid,Organic + NPK
Sikkim,Sikkim District,Ragi,Zaid,2022,5449,24357,4.47,Alluvial,Medium,Humid,Organic + NPK
Sikkim,Sikkim District,Cotton,Rabi,2022,13670,49212,3.6,Black,Low,Humid,DAP + Urea
Sikkim,Sikkim District,Soybean,Rabi,2022,5918,20062,3.39,Clay Loam,Low,Mountain,Organic + NPK
Sikkim,Sikkim District,Banana,Rabi,2022,1390,4100,2.95,Loam,High,Mountain,Potash
Sikkim,Sikkim District,Jute,Zaid,2022,10835,52766,4.87,Loam,Medium,Tropical,Potash
Sikkim,Sikkim District,Rice,Kharif,2022,15948,95209,5.97,Loam,Medium,Mountain,Potash
Sikkim,Sikkim District,Rubber,Rabi,2022,13795,34763,2.52,Clay Loam,Low,Humid,Potash
Sikkim,Sikkim District,Banana,Zaid,2022,25544,116991,4.58,Red,Low,Humid,Organic + NPK
Sikkim,Sikkim District,Banana,Kharif,2022,11576,36001,3.11,Red,Medium,Semi-Arid,Urea
Sikkim,Sikkim District,Mustard,Rabi,2022,26220,66861,2.55,Alluvial,High,Temperate,Organic + NPK
Sikkim,Sikkim District,Ragi,Kharif,2022,14196,42588,3,Laterite,High,Mountain,NPK
Sikkim,Sikkim District,Tea,Kharif,2022,16686,91272,5.47,Laterite,Medium,Humid,DAP + Urea
Sikkim,Sikkim District,Maize,Zaid,2023,9941,33799,3.4,Red,Medium,Humid,DAP + Urea
Sikkim,Sikkim District,Tea,Kharif,2023,20365,114858,5.64,Alluvial,High,Humid,Potash
Sikkim,Sikkim District,Jowar,Zaid,2023,25336,145175,5.73,Red,Low,Humid,Urea
Sikkim,Sikkim District,Jute,Kharif,2023,23217,121889,5.25,Clay Loam,Medium,Temperate,Organic + NPK
Sikkim,Sikkim District,Jute,Kharif,2023,3979,10305,2.59,Loam,Low,Temperate,DAP + Urea
Sikkim,Sikkim District,Rice,Kharif,2023,29291,139718,4.77,Red,Low,Temperate,DAP + Urea
Sikkim,Sikkim District,Tea,Zaid,2023,29706,125953,4.24,Loam,High,Tropical,NPK
Sikkim,Sikkim District,Onion,Zaid,2023,11104,43194,3.89,Loam,Medium,Humid,Organic + NPK
Sikkim,Sikkim District,Jute,Kharif,2023,18325,52226,2.85,Clay Loam,Medium,Tropical,Organic + NPK
Sikkim,Sikkim District,Cotton,Zaid,2023,8688,46220,5.32,Laterite,Low,Temperate,Organic + NPK
Sikkim,Sikkim District,Onion,Rabi,2023,14645,50232,3.43,Alluvial,Low,Semi-Arid,NPK
Sikkim,Sikkim District,Onion,Zaid,2023,25316,59998,2.37,Clay Loam,Medium,Mountain,Urea
Sikkim,Sikkim District,Jute,Zaid,2024,13775,27412,1.99,Laterite,Medium,Humid,Potash
Sikkim,Sikkim District,Onion,Rabi,2024,20047,63148,3.15,Alluvial,Medium,Semi-Arid,NPK
Sikkim,Sikkim District,Wheat,Rabi,2024,16945,63204,3.73,Alluvial,Low,Temperate,Urea
Sikkim,Sikkim District,Rubber,Zaid,2024,7738,15785,2.04,Sandy,Medium,Mountain,NPK
Sikkim,Sikkim District,Bajra,Kharif,2024,1940,10902,5.62,Alluvial,Medium,Temperate,Urea
Sikkim,Sikkim District,Rubber,Rabi,2024,15343,38971,2.54,Alluvial,Medium,Temperate,Potash
Sikkim,Sikkim District,Sugarcane,Kharif,2024,1042,2094,2.01,Clay Loam,Low,Semi-Arid,Potash
Sikkim,Sikkim District,Jowar,Kharif,2024,14936,50633,3.39,Red,Medium,Tropical,NPK
Sikkim,Sikkim District,Rubber,Kharif,2024,29970,112087,3.74,Alluvial,Medium,Mountain,DAP + Urea
Sikkim,Sikkim District,Ragi,Zaid,2024,27339,51670,1.89,Red,High,Tropical,Organic + NPK
Sikkim,Sikkim District,Jute,Rabi,2024,8295,37991,4.58,Alluvial,Low,Tropical,Organic + NPK
Sikkim,Sikkim District,Apple,Rabi,2024,16066,90933,5.66,Sandy,Medium,Semi-Arid,DAP + Urea
Sikkim,Sikkim District,Rice,Rabi,2025,12988,23378,1.8,Red,Low,Mountain,Urea
Sikkim,Sikkim District,Jute,Zaid,2025,21517,80258,3.73,Black,Medium,Temperate,Urea
Sikkim,Sikkim District,Soybean,Zaid,2025,22822,94026,4.12,Loam,High,Mountain,Urea
Sikkim,Sikkim District,Maize,Rabi,2025,18136,43345,2.39,Sandy,High,Temperate,Organic + NPK
Sikkim,Sikkim District,Jute,Rabi,2025,9857,55199,5.6,Laterite,Medium,Humid,Organic + NPK
Sikkim,Sikkim District,Jute,Zaid,2025,15545,71662,4.61,Sandy,High,Semi-Arid,Urea
Sikkim,Sikkim District,Rubber,Kharif,2025,24421,127477,5.22,Black,Low,Temperate,Organic + NPK
Sikkim,Sikkim District,Soybean,Zaid,2025,15192,50893,3.35,Clay Loam,Low,Semi-Arid,Organic + NPK
Sikkim,Sikkim District,Mustard,Kharif,2025,28265,143868,5.09,Laterite,High,Mountain,Urea
Sikkim,Sikkim District,Jowar,Zaid,2025,17293,40119,2.32,Black,Medium,Semi-Arid,Urea
Sikkim,Sikkim District,Bajra,Rabi,2025,24496,124439,5.08,Clay Loam,Medium,Humid,DAP + Urea
Sikkim,Sikkim District,Wheat,Kharif,2025,21326,106203,4.98,Loam,Medium,Humid,DAP + Urea
Tamil Nadu,Tamil Nadu District,Mustard,Rabi,2016,21670,59809,2.76,Loam,Low,Tropical,NPK
Tamil Nadu,Tamil Nadu District,Banana,Rabi,2016,16622,69978,4.21,Laterite,High,Semi-Arid,Urea
Tamil Nadu,Tamil Nadu District,Mustard,Rabi,2016,12416,60838,4.9,Alluvial,High,Semi-Arid,Organic + NPK
Tamil Nadu,Tamil Nadu District,Groundnut,Zaid,2016,29650,132832,4.48,Sandy,Low,Humid,Urea
Tamil Nadu,Tamil Nadu District,Rubber,Rabi,2016,1920,4627,2.41,Red,Medium,Temperate,DAP + Urea
Tamil Nadu,Tamil Nadu District,Tea,Kharif,2016,25445,85240,3.35,Laterite,High,Mountain,Urea
Tamil Nadu,Tamil Nadu District,Coconut,Kharif,2016,27740,97644,3.52,Black,Medium,Humid,Potash
Tamil Nadu,Tamil Nadu District,Ragi,Kharif,2016,12162,18729,1.54,Loam,High,Tropical,Potash
Tamil Nadu,Tamil Nadu District,Rice,Zaid,2016,19638,85425,4.35,Alluvial,Low,Semi-Arid,Organic + NPK
Tamil Nadu,Tamil Nadu District,Banana,Rabi,2016,1587,7443,4.69,Clay Loam,High,Tropical,Urea
Tamil Nadu,Tamil Nadu District,Mustard,Zaid,2016,4863,24752,5.09,Loam,Medium,Temperate,DAP + Urea
Tamil Nadu,Tamil Nadu District,Potato,Rabi,2016,17976,89160,4.96,Red,High,Humid,NPK
Tamil Nadu,Tamil Nadu District,Wheat,Rabi,2017,17255,75922,4.4,Clay Loam,Medium,Mountain,NPK
Tamil Nadu,Tamil Nadu District,Apple,Rabi,2017,13220,78262,5.92,Alluvial,Low,Humid,DAP + Urea
Tamil Nadu,Tamil Nadu District,Rice,Zaid,2017,14543,43338,2.98,Alluvial,High,Temperate,DAP + Urea
Tamil Nadu,Tamil Nadu District,Tea,Zaid,2017,27907,67255,2.41,Alluvial,Low,Mountain,Potash
Tamil Nadu,Tamil Nadu District,Coconut,Kharif,2017,29640,94255,3.18,Clay Loam,High,Tropical,Organic + NPK
Tamil Nadu,Tamil Nadu District,Soybean,Zaid,2017,3947,20958,5.31,Clay Loam,High,Tropical,Potash
Tamil Nadu,Tamil Nadu District,Onion,Rabi,2017,17292,75220,4.35,Laterite,High,Tropical,NPK
Tamil Nadu,Tamil Nadu District,Tea,Kharif,2017,18259,58246,3.19,Red,Medium,Mountain,Urea
Tamil Nadu,Tamil Nadu District,Banana,Zaid,2017,13389,55832,4.17,Clay Loam,Medium,Temperate,Organic + NPK
Tamil Nadu,Tamil Nadu District,Rice,Rabi,2017,2493,4512,1.81,Red,High,Temperate,Organic + NPK
Tamil Nadu,Tamil Nadu District,Jute,Kharif,2017,24904,70478,2.83,Loam,Low,Tropical,Potash
Tamil Nadu,Tamil Nadu District,Coconut,Rabi,2017,5445,13122,2.41,Sandy,Medium,Tropical,NPK
Tamil Nadu,Tamil Nadu District,Coconut,Zaid,2018,14930,72111,4.83,Clay Loam,High,Tropical,NPK
Tamil Nadu,Tamil Nadu District,Wheat,Kharif,2018,13730,36659,2.67,Loam,Low,Tropical,Potash
Tamil Nadu,Tamil Nadu District,Jute,Zaid,2018,16852,92854,5.51,Alluvial,Low,Temperate,NPK
Tamil Nadu,Tamil Nadu District,Groundnut,Rabi,2018,5765,12452,2.16,Loam,High,Mountain,DAP + Urea
Tamil Nadu,Tamil Nadu District,Potato,Kharif,2018,6822,39499,5.79,Clay Loam,High,Tropical,Potash
Tamil Nadu,Tamil Nadu District,Onion,Kharif,2018,28494,116540,4.09,Red,Medium,Mountain,NPK
Tamil Nadu,Tamil Nadu District,Groundnut,Rabi,2018,29933,138290,4.62,Red,Low,Temperate,DAP + Urea
Tamil Nadu,Tamil Nadu District,Maize,Kharif,2018,17065,59386,3.48,Black,Low,Tropical,DAP + Urea
Tamil Nadu,Tamil Nadu District,Ragi,Rabi,2018,7493,20006,2.67,Sandy,High,Tropical,Potash
Tamil Nadu,Tamil Nadu District,Ragi,Kharif,2018,22869,40478,1.77,Sandy,High,Semi-Arid,Potash
Tamil Nadu,Tamil Nadu District,Jowar,Kharif,2018,2239,12426,5.55,Sandy,Low,Mountain,Urea
Tamil Nadu,Tamil Nadu District,Coffee,Rabi,2018,17066,96934,5.68,Loam,High,Tropical,DAP + Urea
Tamil Nadu,Tamil Nadu District,Cotton,Zaid,2019,27871,104237,3.74,Sandy,High,Semi-Arid,Potash
Tamil Nadu,Tamil Nadu District,Banana,Rabi,2019,9201,15365,1.67,Black,Medium,Tropical,Organic + NPK
Tamil Nadu,Tamil Nadu District,Maize,Rabi,2019,1405,2964,2.11,Clay Loam,Low,Mountain,Urea
Tamil Nadu,Tamil Nadu District,Jute,Zaid,2019,9644,41565,4.31,Clay Loam,High,Mountain,DAP + Urea
Tamil Nadu,Tamil Nadu District,Soybean,Zaid,2019,18803,80100,4.26,Clay Loam,Medium,Temperate,NPK
Tamil Nadu,Tamil Nadu District,Wheat,Rabi,2019,8150,22820,2.8,Clay Loam,Low,Temperate,Urea
Tamil Nadu,Tamil Nadu District,Mustard,Zaid,2019,23443,56966,2.43,Clay Loam,Low,Tropical,NPK
Tamil Nadu,Tamil Nadu District,Sugarcane,Kharif,2019,9949,41984,4.22,Red,Low,Temperate,Potash
Tamil Nadu,Tamil Nadu District,Bajra,Zaid,2019,29876,88432,2.96,Red,Medium,Tropical,Potash
Tamil Nadu,Tamil Nadu District,Bajra,Rabi,2019,20620,111141,5.39,Alluvial,Medium,Semi-Arid,NPK
Tamil Nadu,Tamil Nadu District,Jute,Zaid,2019,25743,134378,5.22,Clay Loam,Low,Mountain,DAP + Urea
Tamil Nadu,Tamil Nadu District,Tea,Zaid,2019,24166,57515,2.38,Red,Low,Mountain,Organic + NPK
Tamil Nadu,Tamil Nadu District,Ragi,Kharif,2020,20280,64287,3.17,Laterite,High,Humid,DAP + Urea
Tamil Nadu,Tamil Nadu District,Ragi,Kharif,2020,17596,103640,5.89,Alluvial,Low,Tropical,Urea
Tamil Nadu,Tamil Nadu District,Maize,Zaid,2020,8699,33839,3.89,Sandy,Medium,Humid,Potash
Tamil Nadu,Tamil Nadu District,Maize,Kharif,2020,11335,27770,2.45,Red,High,Temperate,DAP + Urea
Tamil Nadu,Tamil Nadu District,Mustard,Rabi,2020,21983,76281,3.47,Red,High,Tropical,NPK
Tamil Nadu,Tamil Nadu District,Apple,Kharif,2020,4872,14177,2.91,Sandy,Medium,Semi-Arid,Urea
Tamil Nadu,Tamil Nadu District,Apple,Zaid,2020,23365,112385,4.81,Alluvial,Low,Mountain,NPK
Tamil Nadu,Tamil Nadu District,Onion,Rabi,2020,5254,16760,3.19,Clay Loam,High,Mountain,NPK
Tamil Nadu,Tamil Nadu District,Maize,Zaid,2020,6270,31538,5.03,Clay Loam,Low,Humid,Urea
Tamil Nadu,Tamil Nadu District,Rubber,Zaid,2020,25616,74542,2.91,Red,Medium,Tropical,NPK
Tamil Nadu,Tamil Nadu District,Tea,Kharif,2020,19216,61683,3.21,Sandy,High,Semi-Arid,NPK
Tamil Nadu,Tamil Nadu District,Coffee,Kharif,2020,27184,71765,2.64,Alluvial,Low,Mountain,Urea
Tamil Nadu,Tamil Nadu District,Groundnut,Zaid,2021,12893,40484,3.14,Clay Loam,High,Humid,NPK
Tamil Nadu,Tamil Nadu District,Banana,Rabi,2021,17027,69470,4.08,Laterite,Medium,Humid,Potash
Tamil Nadu,Tamil Nadu District,Coffee,Kharif,2021,11768,68607,5.83,Black,Low,Mountain,Urea
Tamil Nadu,Tamil Nadu District,Mustard,Zaid,2021,27404,70428,2.57,Clay Loam,High,Temperate,Potash
Tamil Nadu,Tamil Nadu District,Maize,Rabi,2021,8007,21698,2.71,Clay Loam,Low,Tropical,Urea
Tamil Nadu,Tamil Nadu District,Sugarcane,Zaid,2021,15270,49169,3.22,Black,High,Tropical,DAP + Urea
Tamil Nadu,Tamil Nadu District,Potato,Zaid,2021,12254,42031,3.43,Clay Loam,Medium,Mountain,Organic + NPK
Tamil Nadu,Tamil Nadu District,Sugarcane,Kharif,2021,14575,55239,3.79,Clay Loam,Medium,Mountain,Urea
Tamil Nadu,Tamil Nadu District,Bajra,Kharif,2021,13836,31269,2.26,Black,High,Humid,Potash
Tamil Nadu,Tamil Nadu District,Jute,Kharif,2021,18119,100741,5.56,Clay Loam,Low,Tropical,Organic + NPK
Tamil Nadu,Tamil Nadu District,Mustard,Kharif,2021,22283,127458,5.72,Red,High,Semi-Arid,Organic + NPK
Tamil Nadu,Tamil Nadu District,Wheat,Zaid,2021,25297,77155,3.05,Loam,Low,Semi-Arid,NPK
Tamil Nadu,Tamil Nadu District,Soybean,Kharif,2022,9525,38004,3.99,Sandy,High,Mountain,NPK
Tamil Nadu,Tamil Nadu District,Jute,Kharif,2022,5261,20307,3.86,Clay Loam,High,Tropical,Urea
Tamil Nadu,Tamil Nadu District,Sugarcane,Kharif,2022,24179,88011,3.64,Clay Loam,High,Temperate,Organic + NPK
Tamil Nadu,Tamil Nadu District,Jute,Zaid,2022,14336,73400,5.12,Alluvial,Low,Temperate,DAP + Urea
Tamil Nadu,Tamil Nadu District,Groundnut,Zaid,2022,27028,125409,4.64,Alluvial,Medium,Temperate,DAP + Urea
Tamil Nadu,Tamil Nadu District,Rice,Kharif,2022,11329,39538,3.49,Red,High,Tropical,NPK
Tamil Nadu,Tamil Nadu District,Rubber,Zaid,2022,3822,20180,5.28,Clay Loam,High,Mountain,Urea
Tamil Nadu,Tamil Nadu District,Onion,Zaid,2022,2807,7719,2.75,Laterite,Medium,Mountain,Organic + NPK
Tamil Nadu,Tamil Nadu District,Jowar,Zaid,2022,20888,109453,5.24,Laterite,High,Temperate,Potash
Tamil Nadu,Tamil Nadu District,Coffee,Kharif,2022,11585,58735,5.07,Loam,Low,Humid,DAP + Urea
Tamil Nadu,Tamil Nadu District,Wheat,Rabi,2022,20907,42232,2.02,Loam,Medium,Temperate,NPK
Tamil Nadu,Tamil Nadu District,Onion,Rabi,2022,23426,105651,4.51,Loam,Medium,Humid,NPK
Tamil Nadu,Tamil Nadu District,Ragi,Kharif,2023,19680,79900,4.06,Laterite,High,Humid,DAP + Urea
Tamil Nadu,Tamil Nadu District,Coconut,Rabi,2023,3436,18416,5.36,Red,High,Tropical,DAP + Urea
Tamil Nadu,Tamil Nadu District,Sugarcane,Rabi,2023,13534,31669,2.34,Loam,Medium,Tropical,Urea
Tamil Nadu,Tamil Nadu District,Mustard,Kharif,2023,6935,34397,4.96,Loam,Low,Semi-Arid,DAP + Urea
Tamil Nadu,Tamil Nadu District,Wheat,Rabi,2023,15565,80471,5.17,Laterite,High,Humid,NPK
Tamil Nadu,Tamil Nadu District,Ragi,Rabi,2023,1892,11219,5.93,Alluvial,Medium,Humid,Organic + NPK
Tamil Nadu,Tamil Nadu District,Maize,Kharif,2023,13690,76390,5.58,Black,High,Temperate,NPK
Tamil Nadu,Tamil Nadu District,Wheat,Rabi,2023,10781,22424,2.08,Alluvial,Low,Temperate,NPK
Tamil Nadu,Tamil Nadu District,Apple,Rabi,2023,27953,69602,2.49,Laterite,Medium,Temperate,DAP + Urea
Tamil Nadu,Tamil Nadu District,Coffee,Rabi,2023,17737,42214,2.38,Laterite,High,Semi-Arid,DAP + Urea
Tamil Nadu,Tamil Nadu District,Wheat,Zaid,2023,14959,37247,2.49,Alluvial,Medium,Tropical,Potash
Tamil Nadu,Tamil Nadu District,Mustard,Zaid,2023,10675,24232,2.27,Sandy,Medium,Temperate,Organic + NPK
Tamil Nadu,Tamil Nadu District,Onion,Zaid,2024,8275,35086,4.24,Red,High,Humid,Organic + NPK
Tamil Nadu,Tamil Nadu District,Bajra,Zaid,2024,17105,45157,2.64,Laterite,High,Humid,DAP + Urea
Tamil Nadu,Tamil Nadu District,Rubber,Zaid,2024,1041,4278,4.11,Laterite,Medium,Tropical,Organic + NPK
Tamil Nadu,Tamil Nadu District,Coconut,Rabi,2024,24468,60680,2.48,Clay Loam,Low,Humid,DAP + Urea
Tamil Nadu,Tamil Nadu District,Bajra,Kharif,2024,15867,40936,2.58,Clay Loam,Medium,Tropical,Potash
Tamil Nadu,Tamil Nadu District,Apple,Kharif,2024,25496,122125,4.79,Laterite,Low,Semi-Arid,DAP + Urea
Tamil Nadu,Tamil Nadu District,Banana,Zaid,2024,23369,126426,5.41,Red,High,Humid,NPK
Tamil Nadu,Tamil Nadu District,Jute,Kharif,2024,10508,45604,4.34,Alluvial,Medium,Semi-Arid,DAP + Urea
Tamil Nadu,Tamil Nadu District,Potato,Rabi,2024,5114,17131,3.35,Black,High,Temperate,NPK
Tamil Nadu,Tamil Nadu District,Coconut,Kharif,2024,10141,18963,1.87,Black,Low,Temperate,DAP + Urea
Tamil Nadu,Tamil Nadu District,Bajra,Rabi,2024,20807,95087,4.57,Red,Low,Mountain,Potash
Tamil Nadu,Tamil Nadu District,Potato,Zaid,2024,7480,28648,3.83,Black,Medium,Semi-Arid,DAP + Urea
Tamil Nadu,Tamil Nadu District,Onion,Zaid,2025,26038,55200,2.12,Loam,High,Tropical,Urea
Tamil Nadu,Tamil Nadu District,Bajra,Zaid,2025,1816,8262,4.55,Red,High,Humid,Potash
Tamil Nadu,Tamil Nadu District,Ragi,Rabi,2025,25081,65963,2.63,Laterite,Low,Mountain,Urea
Tamil Nadu,Tamil Nadu District,Rice,Rabi,2025,21757,122927,5.65,Sandy,Medium,Tropical,Potash
Tamil Nadu,Tamil Nadu District,Coconut,Kharif,2025,16835,86868,5.16,Black,Medium,Humid,DAP + Urea
Tamil Nadu,Tamil Nadu District,Groundnut,Kharif,2025,18849,41844,2.22,Sandy,Medium,Temperate,Organic + NPK
Tamil Nadu,Tamil Nadu District,Banana,Zaid,2025,14199,47708,3.36,Clay Loam,Medium,Humid,Potash
Tamil Nadu,Tamil Nadu District,Groundnut,Kharif,2025,12492,42347,3.39,Red,Low,Mountain,DAP + Urea
Tamil Nadu,Tamil Nadu District,Onion,Kharif,2025,7760,14278,1.84,Alluvial,Medium,Temperate,Urea
Tamil Nadu,Tamil Nadu District,Ragi,Rabi,2025,21072,58580,2.78,Loam,Low,Temperate,Potash
Tamil Nadu,Tamil Nadu District,Potato,Zaid,2025,24244,135039,5.57,Alluvial,High,Tropical,Organic + NPK
Tamil Nadu,Tamil Nadu District,Jute,Rabi,2025,28029,93616,3.34,Sandy,Medium,Semi-Arid,Potash
Telangana,Telangana District,Banana,Rabi,2016,25605,82960,3.24,Sandy,Low,Mountain,Organic + NPK
Telangana,Telangana District,Wheat,Rabi,2016,7909,19772,2.5,Laterite,Medium,Humid,Urea
Telangana,Telangana District,Jowar,Kharif,2016,26268,117155,4.46,Clay Loam,Low,Temperate,DAP + Urea
Telangana,Telangana District,Mustard,Kharif,2016,8786,42787,4.87,Red,Low,Tropical,NPK
Telangana,Telangana District,Wheat,Kharif,2016,7462,38130,5.11,Loam,Low,Mountain,Potash
Telangana,Telangana District,Apple,Zaid,2016,10298,37278,3.62,Red,High,Mountain,Urea
Telangana,Telangana District,Rice,Rabi,2016,25192,91950,3.65,Sandy,High,Mountain,Urea
Telangana,Telangana District,Rice,Zaid,2016,14845,56707,3.82,Red,Low,Mountain,NPK
Telangana,Telangana District,Cotton,Zaid,2016,17381,103243,5.94,Alluvial,Medium,Humid,NPK
Telangana,Telangana District,Potato,Zaid,2016,3455,13094,3.79,Clay Loam,Low,Mountain,DAP + Urea
Telangana,Telangana District,Wheat,Kharif,2016,12466,69809,5.6,Alluvial,Medium,Tropical,Organic + NPK
Telangana,Telangana District,Apple,Zaid,2016,23131,98075,4.24,Red,Medium,Mountain,Potash
Telangana,Telangana District,Onion,Zaid,2017,25859,132398,5.12,Black,Medium,Tropical,DAP + Urea
Telangana,Telangana District,Tea,Zaid,2017,5453,15813,2.9,Clay Loam,Medium,Semi-Arid,Urea
Telangana,Telangana District,Maize,Rabi,2017,26907,113278,4.21,Red,Medium,Semi-Arid,NPK
Telangana,Telangana District,Coconut,Kharif,2017,18143,99967,5.51,Clay Loam,High,Mountain,NPK
Telangana,Telangana District,Jowar,Rabi,2017,26858,59087,2.2,Loam,High,Semi-Arid,Organic + NPK
Telangana,Telangana District,Wheat,Kharif,2017,15217,44129,2.9,Red,Low,Tropical,Urea
Telangana,Telangana District,Mustard,Kharif,2017,15348,64922,4.23,Laterite,Low,Semi-Arid,Organic + NPK
Telangana,Telangana District,Rubber,Rabi,2017,21012,115145,5.48,Red,Low,Semi-Arid,DAP + Urea
Telangana,Telangana District,Jute,Zaid,2017,7407,14147,1.91,Clay Loam,Medium,Semi-Arid,Potash
Telangana,Telangana District,Onion,Kharif,2017,18390,101880,5.54,Laterite,Low,Humid,DAP + Urea
Telangana,Telangana District,Onion,Rabi,2017,12640,63832,5.05,Laterite,Medium,Humid,NPK
Telangana,Telangana District,Bajra,Rabi,2017,8367,46604,5.57,Clay Loam,High,Temperate,Urea
Telangana,Telangana District,Mustard,Kharif,2018,23554,99868,4.24,Laterite,High,Mountain,Potash
Telangana,Telangana District,Banana,Kharif,2018,17535,84518,4.82,Sandy,Low,Mountain,NPK
Telangana,Telangana District,Wheat,Rabi,2018,16443,66758,4.06,Black,Medium,Humid,DAP + Urea
Telangana,Telangana District,Bajra,Kharif,2018,7722,33513,4.34,Laterite,Medium,Mountain,Potash
Telangana,Telangana District,Potato,Rabi,2018,3764,21718,5.77,Loam,High,Tropical,Urea
Telangana,Telangana District,Potato,Zaid,2018,18795,39845,2.12,Red,Low,Temperate,Urea
Telangana,Telangana District,Sugarcane,Zaid,2018,2922,15340,5.25,Loam,Medium,Mountain,Organic + NPK
Telangana,Telangana District,Jute,Kharif,2018,21121,112997,5.35,Alluvial,Low,Mountain,DAP + Urea
Telangana,Telangana District,Apple,Zaid,2018,10856,19540,1.8,Clay Loam,Medium,Tropical,Urea
Telangana,Telangana District,Onion,Rabi,2018,21846,58328,2.67,Laterite,High,Temperate,Urea
Telangana,Telangana District,Rice,Kharif,2018,20777,94535,4.55,Red,Low,Tropical,NPK
Telangana,Telangana District,Groundnut,Zaid,2018,17331,27556,1.59,Sandy,Medium,Mountain,DAP + Urea
Telangana,Telangana District,Potato,Zaid,2019,16578,42439,2.56,Red,Low,Humid,NPK
Telangana,Telangana District,Coconut,Zaid,2019,29254,169088,5.78,Alluvial,Medium,Temperate,DAP + Urea
Telangana,Telangana District,Mustard,Kharif,2019,18323,95462,5.21,Red,Medium,Semi-Arid,Potash
Telangana,Telangana District,Sugarcane,Zaid,2019,19214,75703,3.94,Red,Medium,Humid,Urea
Telangana,Telangana District,Onion,Kharif,2019,12090,50657,4.19,Clay Loam,Medium,Mountain,Potash
Telangana,Telangana District,Coconut,Kharif,2019,28192,127709,4.53,Alluvial,Medium,Semi-Arid,Potash
Telangana,Telangana District,Groundnut,Zaid,2019,28314,137889,4.87,Alluvial,High,Humid,Organic + NPK
Telangana,Telangana District,Sugarcane,Zaid,2019,8508,47389,5.57,Loam,Low,Humid,DAP + Urea
Telangana,Telangana District,Coconut,Rabi,2019,8477,46538,5.49,Black,Low,Temperate,Urea
Telangana,Telangana District,Banana,Rabi,2019,25947,125583,4.84,Alluvial,Medium,Temperate,DAP + Urea
Telangana,Telangana District,Onion,Kharif,2019,28558,50547,1.77,Alluvial,Low,Semi-Arid,Potash
Telangana,Telangana District,Groundnut,Kharif,2019,20598,43049,2.09,Clay Loam,High,Mountain,Potash
Telangana,Telangana District,Coffee,Zaid,2020,17433,87513,5.02,Alluvial,High,Mountain,Urea
Telangana,Telangana District,Wheat,Kharif,2020,10439,47184,4.52,Laterite,Low,Mountain,Organic + NPK
Telangana,Telangana District,Apple,Zaid,2020,2117,9378,4.43,Loam,High,Tropical,Urea
Telangana,Telangana District,Mustard,Kharif,2020,10826,63981,5.91,Loam,Low,Mountain,NPK
Telangana,Telangana District,Groundnut,Zaid,2020,10774,58718,5.45,Sandy,Medium,Tropical,DAP + Urea
Telangana,Telangana District,Rice,Rabi,2020,19688,72058,3.66,Alluvial,Medium,Tropical,Potash
Telangana,Telangana District,Soybean,Zaid,2020,24644,59392,2.41,Loam,Medium,Temperate,DAP + Urea
Telangana,Telangana District,Maize,Kharif,2020,5485,30990,5.65,Sandy,Medium,Tropical,Urea
Telangana,Telangana District,Onion,Kharif,2020,6783,26928,3.97,Sandy,High,Semi-Arid,NPK
Telangana,Telangana District,Bajra,Kharif,2020,10960,57649,5.26,Clay Loam,High,Mountain,Potash
Telangana,Telangana District,Mustard,Kharif,2020,15386,38311,2.49,Sandy,Low,Temperate,Organic + NPK
Telangana,Telangana District,Wheat,Zaid,2020,12540,72105,5.75,Clay Loam,High,Temperate,Urea
Telangana,Telangana District,Groundnut,Zaid,2021,3788,11477,3.03,Alluvial,Medium,Humid,Potash
Telangana,Telangana District,Wheat,Rabi,2021,19579,80665,4.12,Loam,Medium,Humid,NPK
Telangana,Telangana District,Bajra,Rabi,2021,13705,71266,5.2,Loam,Low,Temperate,Urea
Telangana,Telangana District,Groundnut,Rabi,2021,1612,4561,2.83,Sandy,Low,Temperate,NPK
Telangana,Telangana District,Wheat,Kharif,2021,14196,69844,4.92,Red,Medium,Humid,Potash
Telangana,Telangana District,Ragi,Rabi,2021,3290,7566,2.3,Red,Medium,Temperate,Urea
Telangana,Telangana District,Jowar,Zaid,2021,24080,61885,2.57,Red,Low,Semi-Arid,Organic + NPK
Telangana,Telangana District,Groundnut,Zaid,2021,10189,18951,1.86,Sandy,Medium,Humid,DAP + Urea
Telangana,Telangana District,Soybean,Rabi,2021,1350,2565,1.9,Red,Low,Tropical,Organic + NPK
Telangana,Telangana District,Soybean,Rabi,2021,882,2831,3.21,Alluvial,Low,Humid,NPK
Telangana,Telangana District,Cotton,Zaid,2021,23110,77418,3.35,Sandy,Low,Semi-Arid,DAP + Urea
Telangana,Telangana District,Bajra,Rabi,2021,23471,99047,4.22,Black,Low,Tropical,Urea
Telangana,Telangana District,Soybean,Kharif,2022,6091,30515,5.01,Laterite,Medium,Mountain,Organic + NPK
Telangana,Telangana District,Coconut,Rabi,2022,17246,73640,4.27,Clay Loam,Low,Tropical,Organic + NPK
Telangana,Telangana District,Mustard,Zaid,2022,19402,44042,2.27,Red,Medium,Tropical,DAP + Urea
Telangana,Telangana District,Jute,Zaid,2022,8724,42485,4.87,Sandy,Low,Semi-Arid,Urea
Telangana,Telangana District,Groundnut,Kharif,2022,16242,81534,5.02,Clay Loam,Medium,Mountain,NPK
Telangana,Telangana District,Tea,Kharif,2022,6547,15319,2.34,Black,Medium,Mountain,NPK
Telangana,Telangana District,Jute,Kharif,2022,1488,7231,4.86,Black,Low,Temperate,NPK
Telangana,Telangana District,Rubber,Zaid,2022,26764,42554,1.59,Alluvial,Low,Tropical,Potash
Telangana,Telangana District,Apple,Rabi,2022,29495,80226,2.72,Black,Medium,Humid,Organic + NPK
Telangana,Telangana District,Tea,Kharif,2022,18082,86431,4.78,Sandy,High,Mountain,Potash
Telangana,Telangana District,Cotton,Kharif,2022,18082,95111,5.26,Laterite,High,Humid,Potash
Telangana,Telangana District,Maize,Kharif,2022,29885,126114,4.22,Sandy,Medium,Semi-Arid,Potash
Telangana,Telangana District,Coffee,Rabi,2023,26812,104566,3.9,Alluvial,Medium,Tropical,DAP + Urea
Telangana,Telangana District,Wheat,Kharif,2023,10394,36690,3.53,Sandy,High,Semi-Arid,Urea
Telangana,Telangana District,Potato,Rabi,2023,7055,19754,2.8,Sandy,Medium,Tropical,Organic + NPK
Telangana,Telangana District,Onion,Rabi,2023,28881,160867,5.57,Sandy,Medium,Mountain,NPK
Telangana,Telangana District,Soybean,Zaid,2023,16099,96111,5.97,Laterite,Low,Tropical,NPK
Telangana,Telangana District,Rice,Rabi,2023,9172,46960,5.12,Sandy,High,Mountain,Potash
Telangana,Telangana District,Sugarcane,Kharif,2023,3167,13713,4.33,Loam,Low,Tropical,NPK
Telangana,Telangana District,Wheat,Rabi,2023,9736,21613,2.22,Black,Low,Temperate,Potash
Telangana,Telangana District,Onion,Kharif,2023,28948,100160,3.46,Laterite,Medium,Humid,NPK
Telangana,Telangana District,Onion,Zaid,2023,572,2837,4.96,Red,Medium,Semi-Arid,Potash
Telangana,Telangana District,Banana,Kharif,2023,19427,72851,3.75,Clay Loam,Medium,Tropical,Urea
Telangana,Telangana District,Rice,Kharif,2023,4274,14317,3.35,Alluvial,Low,Temperate,NPK
Telangana,Telangana District,Jowar,Zaid,2024,22816,87157,3.82,Red,Low,Tropical,Potash
Telangana,Telangana District,Sugarcane,Rabi,2024,26769,87534,3.27,Red,Medium,Humid,NPK
Telangana,Telangana District,Wheat,Kharif,2024,3171,11193,3.53,Clay Loam,High,Mountain,Potash
Telangana,Telangana District,Coconut,Zaid,2024,27387,139947,5.11,Red,High,Semi-Arid,DAP + Urea
Telangana,Telangana District,Sugarcane,Zaid,2024,25261,79824,3.16,Alluvial,Low,Humid,DAP + Urea
Telangana,Telangana District,Groundnut,Kharif,2024,23891,64744,2.71,Clay Loam,High,Semi-Arid,NPK
Telangana,Telangana District,Potato,Rabi,2024,18547,80679,4.35,Black,Low,Tropical,Organic + NPK
Telangana,Telangana District,Maize,Rabi,2024,7583,18957,2.5,Alluvial,High,Temperate,Potash
Telangana,Telangana District,Onion,Kharif,2024,1782,3189,1.79,Sandy,Medium,Temperate,DAP + Urea
Telangana,Telangana District,Tea,Zaid,2024,23326,130858,5.61,Clay Loam,Low,Semi-Arid,DAP + Urea
Telangana,Telangana District,Rubber,Zaid,2024,983,1690,1.72,Laterite,High,Tropical,Urea
Telangana,Telangana District,Groundnut,Zaid,2024,21212,111150,5.24,Clay Loam,Medium,Semi-Arid,Organic + NPK
Telangana,Telangana District,Rubber,Rabi,2025,7831,29992,3.83,Alluvial,Low,Mountain,Organic + NPK
Telangana,Telangana District,Coffee,Zaid,2025,13468,32053,2.38,Alluvial,High,Tropical,Organic + NPK
Telangana,Telangana District,Potato,Rabi,2025,16988,81712,4.81,Red,Medium,Tropical,DAP + Urea
Telangana,Telangana District,Maize,Kharif,2025,12125,70567,5.82,Loam,Medium,Humid,NPK
Telangana,Telangana District,Potato,Rabi,2025,22501,68628,3.05,Loam,Low,Semi-Arid,DAP + Urea
Telangana,Telangana District,Rice,Zaid,2025,23744,125368,5.28,Sandy,Medium,Humid,DAP + Urea
Telangana,Telangana District,Tea,Zaid,2025,22430,57196,2.55,Laterite,Low,Tropical,Organic + NPK
Telangana,Telangana District,Coffee,Rabi,2025,21043,122049,5.8,Black,Medium,Mountain,DAP + Urea
Telangana,Telangana District,Soybean,Rabi,2025,18655,78537,4.21,Sandy,High,Semi-Arid,DAP + Urea
Telangana,Telangana District,Ragi,Zaid,2025,6194,18086,2.92,Laterite,Medium,Humid,DAP + Urea
Telangana,Telangana District,Sugarcane,Zaid,2025,3204,5414,1.69,Alluvial,Medium,Semi-Arid,Organic + NPK
Telangana,Telangana District,Coffee,Kharif,2025,20309,120026,5.91,Alluvial,Low,Semi-Arid,Urea
Tripura,Tripura District,Rice,Zaid,2016,29599,139115,4.7,Loam,Low,Mountain,Organic + NPK
Tripura,Tripura District,Banana,Rabi,2016,7426,41140,5.54,Red,Medium,Mountain,Organic + NPK
Tripura,Tripura District,Coconut,Rabi,2016,12795,21751,1.7,Black,Medium,Mountain,Urea
Tripura,Tripura District,Jowar,Kharif,2016,2198,11121,5.06,Alluvial,High,Semi-Arid,Organic + NPK
Tripura,Tripura District,Ragi,Kharif,2016,7031,33537,4.77,Loam,Low,Temperate,NPK
Tripura,Tripura District,Sugarcane,Kharif,2016,628,2989,4.76,Laterite,High,Mountain,DAP + Urea
Tripura,Tripura District,Coconut,Rabi,2016,16091,67260,4.18,Loam,High,Humid,Potash
Tripura,Tripura District,Rubber,Zaid,2016,10336,41654,4.03,Loam,Low,Semi-Arid,DAP + Urea
Tripura,Tripura District,Maize,Kharif,2016,5490,14877,2.71,Red,Medium,Humid,Urea
Tripura,Tripura District,Ragi,Rabi,2016,20676,54584,2.64,Clay Loam,High,Temperate,Organic + NPK
Tripura,Tripura District,Apple,Rabi,2016,3541,12428,3.51,Black,High,Temperate,Organic + NPK
Tripura,Tripura District,Maize,Rabi,2016,19465,90512,4.65,Loam,Medium,Temperate,Organic + NPK
Tripura,Tripura District,Banana,Zaid,2017,22257,92143,4.14,Black,Medium,Semi-Arid,NPK
Tripura,Tripura District,Potato,Rabi,2017,21179,69890,3.3,Sandy,Medium,Mountain,Potash
Tripura,Tripura District,Groundnut,Kharif,2017,26689,45104,1.69,Red,High,Tropical,Organic + NPK
Tripura,Tripura District,Apple,Zaid,2017,12841,30561,2.38,Red,Medium,Humid,NPK
Tripura,Tripura District,Bajra,Zaid,2017,3070,10898,3.55,Sandy,High,Temperate,Urea
Tripura,Tripura District,Maize,Kharif,2017,1419,4994,3.52,Sandy,Medium,Semi-Arid,Urea
Tripura,Tripura District,Onion,Kharif,2017,1552,3662,2.36,Black,High,Humid,Potash
Tripura,Tripura District,Maize,Zaid,2017,26001,145605,5.6,Red,High,Temperate,NPK
Tripura,Tripura District,Onion,Rabi,2017,21829,98230,4.5,Sandy,Low,Humid,Potash
Tripura,Tripura District,Coconut,Rabi,2017,3742,9093,2.43,Clay Loam,Low,Semi-Arid,Potash
Tripura,Tripura District,Jowar,Rabi,2017,11735,59261,5.05,Red,Low,Humid,Potash
Tripura,Tripura District,Bajra,Rabi,2017,5578,20638,3.7,Sandy,High,Temperate,NPK
Tripura,Tripura District,Jowar,Kharif,2018,12653,48967,3.87,Loam,Medium,Semi-Arid,DAP + Urea
Tripura,Tripura District,Groundnut,Rabi,2018,19858,35148,1.77,Red,Medium,Tropical,Urea
Tripura,Tripura District,Coffee,Zaid,2018,25823,41833,1.62,Clay Loam,High,Mountain,Urea
Tripura,Tripura District,Tea,Zaid,2018,22600,125882,5.57,Loam,Medium,Temperate,NPK
Tripura,Tripura District,Jute,Zaid,2018,22665,48956,2.16,Loam,Medium,Temperate,NPK
Tripura,Tripura District,Onion,Zaid,2018,1461,2439,1.67,Red,High,Semi-Arid,Organic + NPK
Tripura,Tripura District,Banana,Rabi,2018,4847,16528,3.41,Laterite,High,Semi-Arid,Potash
Tripura,Tripura District,Tea,Rabi,2018,10535,44563,4.23,Sandy,Low,Semi-Arid,Organic + NPK
Tripura,Tripura District,Potato,Zaid,2018,24166,97630,4.04,Red,Medium,Tropical,Organic + NPK
Tripura,Tripura District,Potato,Rabi,2018,7538,22010,2.92,Sandy,High,Semi-Arid,Potash
Tripura,Tripura District,Coffee,Zaid,2018,2260,12543,5.55,Red,High,Temperate,Urea
Tripura,Tripura District,Wheat,Kharif,2018,29558,46997,1.59,Red,High,Humid,Urea
Tripura,Tripura District,Rubber,Zaid,2019,1924,5906,3.07,Sandy,Low,Tropical,Potash
Tripura,Tripura District,Wheat,Rabi,2019,1136,2703,2.38,Alluvial,Medium,Mountain,Urea
Tripura,Tripura District,Rice,Rabi,2019,20103,49051,2.44,Loam,Medium,Temperate,NPK
Tripura,Tripura District,Coconut,Rabi,2019,27428,122328,4.46,Black,Medium,Humid,Organic + NPK
Tripura,Tripura District,Banana,Zaid,2019,22940,62396,2.72,Red,Low,Temperate,Organic + NPK
Tripura,Tripura District,Onion,Kharif,2019,19140,72923,3.81,Red,Medium,Temperate,DAP + Urea
Tripura,Tripura District,Potato,Zaid,2019,4358,9369,2.15,Sandy,Medium,Semi-Arid,Urea
Tripura,Tripura District,Onion,Rabi,2019,18909,87359,4.62,Red,Low,Semi-Arid,Organic + NPK
Tripura,Tripura District,Jowar,Rabi,2019,2710,8915,3.29,Black,Medium,Temperate,Urea
Tripura,Tripura District,Apple,Rabi,2019,21310,118270,5.55,Clay Loam,High,Temperate,NPK
Tripura,Tripura District,Rubber,Rabi,2019,11301,34807,3.08,Clay Loam,Low,Tropical,DAP + Urea
Tripura,Tripura District,Coconut,Kharif,2019,14114,77768,5.51,Laterite,Low,Temperate,Organic + NPK
Tripura,Tripura District,Soybean,Rabi,2020,16348,31224,1.91,Red,High,Temperate,Organic + NPK
Tripura,Tripura District,Mustard,Zaid,2020,5096,28537,5.6,Red,Medium,Mountain,NPK
Tripura,Tripura District,Ragi,Rabi,2020,10160,60248,5.93,Clay Loam,Medium,Temperate,NPK
Tripura,Tripura District,Coffee,Kharif,2020,4069,22705,5.58,Loam,Medium,Temperate,Organic + NPK
Tripura,Tripura District,Maize,Rabi,2020,17141,95303,5.56,Alluvial,High,Humid,DAP + Urea
Tripura,Tripura District,Apple,Zaid,2020,26650,118592,4.45,Laterite,Medium,Mountain,Urea
Tripura,Tripura District,Onion,Zaid,2020,17399,38799,2.23,Clay Loam,Medium,Semi-Arid,Urea
Tripura,Tripura District,Apple,Rabi,2020,10755,20864,1.94,Black,Low,Humid,DAP + Urea
Tripura,Tripura District,Onion,Rabi,2020,10539,18337,1.74,Sandy,Low,Temperate,NPK
Tripura,Tripura District,Groundnut,Kharif,2020,27451,121882,4.44,Laterite,Low,Temperate,Potash
Tripura,Tripura District,Mustard,Rabi,2020,7501,32329,4.31,Black,Low,Humid,Organic + NPK
Tripura,Tripura District,Coffee,Zaid,2020,29733,46383,1.56,Sandy,High,Temperate,Potash
Tripura,Tripura District,Cotton,Kharif,2021,10363,41244,3.98,Laterite,High,Mountain,Potash
Tripura,Tripura District,Banana,Zaid,2021,15353,82292,5.36,Alluvial,High,Temperate,NPK
Tripura,Tripura District,Rubber,Zaid,2021,7876,27959,3.55,Red,Medium,Tropical,Potash
Tripura,Tripura District,Groundnut,Rabi,2021,20664,123570,5.98,Red,High,Tropical,Potash
Tripura,Tripura District,Potato,Kharif,2021,13137,28638,2.18,Loam,Medium,Temperate,Urea
Tripura,Tripura District,Cotton,Kharif,2021,14832,83949,5.66,Laterite,Low,Humid,Urea
Tripura,Tripura District,Potato,Rabi,2021,12935,21601,1.67,Sandy,Medium,Humid,NPK
Tripura,Tripura District,Mustard,Kharif,2021,26714,143721,5.38,Clay Loam,Low,Semi-Arid,DAP + Urea
Tripura,Tripura District,Bajra,Zaid,2021,29189,93112,3.19,Red,Low,Mountain,Urea
Tripura,Tripura District,Tea,Kharif,2021,9005,35569,3.95,Loam,High,Tropical,NPK
Tripura,Tripura District,Banana,Rabi,2021,8490,23092,2.72,Alluvial,Low,Tropical,NPK
Tripura,Tripura District,Onion,Kharif,2021,16931,74327,4.39,Laterite,High,Mountain,DAP + Urea
Tripura,Tripura District,Jowar,Rabi,2022,25446,128756,5.06,Black,Low,Semi-Arid,Organic + NPK
Tripura,Tripura District,Coconut,Rabi,2022,9024,32666,3.62,Laterite,High,Humid,Organic + NPK
Tripura,Tripura District,Onion,Zaid,2022,21932,49127,2.24,Black,Medium,Temperate,Organic + NPK
Tripura,Tripura District,Maize,Rabi,2022,2328,7775,3.34,Loam,High,Mountain,Potash
Tripura,Tripura District,Jute,Rabi,2022,12627,58715,4.65,Black,High,Tropical,NPK
Tripura,Tripura District,Groundnut,Rabi,2022,18931,31993,1.69,Alluvial,Medium,Semi-Arid,Potash
Tripura,Tripura District,Tea,Rabi,2022,17626,98529,5.59,Red,Medium,Temperate,Organic + NPK
Tripura,Tripura District,Coconut,Zaid,2022,18443,42234,2.29,Black,Low,Humid,NPK
Tripura,Tripura District,Tea,Zaid,2022,21071,46145,2.19,Laterite,Medium,Mountain,Urea
Tripura,Tripura District,Cotton,Rabi,2022,19439,98555,5.07,Loam,Medium,Semi-Arid,Organic + NPK
Tripura,Tripura District,Sugarcane,Zaid,2022,12073,30061,2.49,Black,Low,Mountain,Potash
Tripura,Tripura District,Mustard,Rabi,2022,21287,119845,5.63,Loam,Low,Tropical,Potash
Tripura,Tripura District,Coconut,Rabi,2023,13792,27446,1.99,Red,Low,Mountain,Organic + NPK
Tripura,Tripura District,Banana,Zaid,2023,25784,72195,2.8,Black,High,Mountain,Urea
Tripura,Tripura District,Coconut,Kharif,2023,22083,96723,4.38,Black,Low,Semi-Arid,NPK
Tripura,Tripura District,Mustard,Zaid,2023,13657,37420,2.74,Red,Low,Semi-Arid,Urea
Tripura,Tripura District,Jowar,Zaid,2023,5778,31547,5.46,Laterite,Medium,Temperate,NPK
Tripura,Tripura District,Groundnut,Zaid,2023,14261,81715,5.73,Black,High,Humid,Organic + NPK
Tripura,Tripura District,Potato,Rabi,2023,19132,65814,3.44,Black,Low,Humid,Potash
Tripura,Tripura District,Rubber,Rabi,2023,25539,150680,5.9,Black,High,Mountain,Urea
Tripura,Tripura District,Coconut,Rabi,2023,18845,47300,2.51,Sandy,Low,Tropical,Potash
Tripura,Tripura District,Rice,Zaid,2023,10508,59475,5.66,Loam,Medium,Humid,Organic + NPK
Tripura,Tripura District,Potato,Rabi,2023,16067,67481,4.2,Clay Loam,Low,Humid,Urea
Tripura,Tripura District,Mustard,Zaid,2023,2764,6080,2.2,Red,High,Tropical,Potash
Tripura,Tripura District,Onion,Zaid,2024,25256,64402,2.55,Black,Medium,Temperate,Urea
Tripura,Tripura District,Bajra,Rabi,2024,13698,30820,2.25,Clay Loam,Low,Tropical,Organic + NPK
Tripura,Tripura District,Cotton,Kharif,2024,26979,127880,4.74,Black,Low,Tropical,Organic + NPK
Tripura,Tripura District,Mustard,Rabi,2024,2640,14863,5.63,Black,Low,Semi-Arid,DAP + Urea
Tripura,Tripura District,Apple,Rabi,2024,2468,8144,3.3,Red,Low,Humid,Organic + NPK
Tripura,Tripura District,Coffee,Kharif,2024,11696,20234,1.73,Black,High,Temperate,Organic + NPK
Tripura,Tripura District,Rubber,Zaid,2024,29703,54950,1.85,Clay Loam,Low,Semi-Arid,DAP + Urea
Tripura,Tripura District,Onion,Rabi,2024,3015,16763,5.56,Clay Loam,Medium,Humid,Urea
Tripura,Tripura District,Groundnut,Kharif,2024,28498,118266,4.15,Black,High,Humid,NPK
Tripura,Tripura District,Bajra,Zaid,2024,14248,29493,2.07,Red,Medium,Tropical,Organic + NPK
Tripura,Tripura District,Rice,Rabi,2024,29995,174870,5.83,Sandy,Medium,Humid,Organic + NPK
Tripura,Tripura District,Apple,Zaid,2024,28131,115055,4.09,Laterite,High,Tropical,Urea
Tripura,Tripura District,Apple,Rabi,2025,5953,14584,2.45,Clay Loam,Low,Temperate,Urea
Tripura,Tripura District,Jute,Kharif,2025,2785,9998,3.59,Black,Low,Humid,Potash
Tripura,Tripura District,Cotton,Rabi,2025,10721,33878,3.16,Red,High,Humid,Organic + NPK
Tripura,Tripura District,Rubber,Zaid,2025,5936,9260,1.56,Clay Loam,Medium,Mountain,Urea
Tripura,Tripura District,Apple,Rabi,2025,19744,46200,2.34,Clay Loam,Medium,Semi-Arid,Potash
Tripura,Tripura District,Maize,Zaid,2025,22746,128059,5.63,Loam,Medium,Semi-Arid,Urea
Tripura,Tripura District,Rubber,Zaid,2025,28574,144584,5.06,Black,Medium,Humid,Organic + NPK
Tripura,Tripura District,Bajra,Rabi,2025,5181,24350,4.7,Clay Loam,High,Humid,NPK
Tripura,Tripura District,Wheat,Zaid,2025,9283,38524,4.15,Red,High,Humid,Urea
Tripura,Tripura District,Tea,Zaid,2025,22695,107120,4.72,Red,High,Semi-Arid,Organic + NPK
Tripura,Tripura District,Potato,Kharif,2025,2785,5848,2.1,Clay Loam,Medium,Temperate,Organic + NPK
Tripura,Tripura District,Coffee,Rabi,2025,3951,7664,1.94,Loam,Medium,Mountain,Organic + NPK
Uttar Pradesh,Uttar Pradesh District,Maize,Kharif,2016,27906,163250,5.85,Laterite,High,Temperate,Urea
Uttar Pradesh,Uttar Pradesh District,Cotton,Rabi,2016,17090,60669,3.55,Black,Low,Humid,Urea
Uttar Pradesh,Uttar Pradesh District,Coconut,Zaid,2016,25227,136730,5.42,Clay Loam,Low,Mountain,Urea
Uttar Pradesh,Uttar Pradesh District,Wheat,Rabi,2016,19582,83615,4.27,Loam,Medium,Mountain,Urea
Uttar Pradesh,Uttar Pradesh District,Coffee,Rabi,2016,10131,19654,1.94,Sandy,High,Humid,Organic + NPK
Uttar Pradesh,Uttar Pradesh District,Rice,Rabi,2016,18809,84076,4.47,Clay Loam,Low,Mountain,Organic + NPK
Uttar Pradesh,Uttar Pradesh District,Potato,Kharif,2016,24858,55433,2.23,Clay Loam,Low,Temperate,Urea
Uttar Pradesh,Uttar Pradesh District,Coffee,Zaid,2016,26020,99656,3.83,Red,High,Temperate,Organic + NPK
Uttar Pradesh,Uttar Pradesh District,Rice,Kharif,2016,20598,57880,2.81,Loam,Medium,Humid,DAP + Urea
Uttar Pradesh,Uttar Pradesh District,Mustard,Rabi,2016,17159,72239,4.21,Clay Loam,High,Tropical,DAP + Urea
Uttar Pradesh,Uttar Pradesh District,Bajra,Kharif,2016,29574,101438,3.43,Loam,Medium,Mountain,Organic + NPK
Uttar Pradesh,Uttar Pradesh District,Soybean,Kharif,2016,7511,14571,1.94,Clay Loam,High,Mountain,Organic + NPK
Uttar Pradesh,Uttar Pradesh District,Bajra,Zaid,2017,6832,34160,5,Sandy,High,Semi-Arid,Organic + NPK
Uttar Pradesh,Uttar Pradesh District,Coconut,Kharif,2017,18350,52664,2.87,Alluvial,Medium,Humid,Organic + NPK
Uttar Pradesh,Uttar Pradesh District,Tea,Kharif,2017,5506,15692,2.85,Sandy,Medium,Temperate,DAP + Urea
Uttar Pradesh,Uttar Pradesh District,Mustard,Kharif,2017,25340,44345,1.75,Sandy,Low,Humid,NPK
Uttar Pradesh,Uttar Pradesh District,Cotton,Kharif,2017,18815,107809,5.73,Clay Loam,Low,Mountain,Potash
Uttar Pradesh,Uttar Pradesh District,Rice,Rabi,2017,29251,165560,5.66,Sandy,Low,Humid,Potash
Uttar Pradesh,Uttar Pradesh District,Cotton,Rabi,2017,22229,125593,5.65,Black,Medium,Tropical,Potash
Uttar Pradesh,Uttar Pradesh District,Bajra,Rabi,2017,12207,27954,2.29,Clay Loam,Medium,Mountain,Potash
Uttar Pradesh,Uttar Pradesh District,Coconut,Rabi,2017,10279,46769,4.55,Black,Medium,Tropical,Organic + NPK
Uttar Pradesh,Uttar Pradesh District,Mustard,Zaid,2017,2117,9081,4.29,Loam,Low,Tropical,Urea
Uttar Pradesh,Uttar Pradesh District,Banana,Zaid,2017,21094,85219,4.04,Laterite,Low,Humid,DAP + Urea
Uttar Pradesh,Uttar Pradesh District,Mustard,Kharif,2017,13360,57982,4.34,Sandy,Low,Semi-Arid,Organic + NPK
Uttar Pradesh,Uttar Pradesh District,Sugarcane,Rabi,2018,22999,135464,5.89,Alluvial,Low,Mountain,NPK
Uttar Pradesh,Uttar Pradesh District,Maize,Zaid,2018,7642,20862,2.73,Clay Loam,Medium,Semi-Arid,NPK
Uttar Pradesh,Uttar Pradesh District,Rice,Kharif,2018,11232,59192,5.27,Loam,Low,Temperate,Organic + NPK
Uttar Pradesh,Uttar Pradesh District,Bajra,Zaid,2018,9193,33922,3.69,Sandy,Medium,Mountain,DAP + Urea
Uttar Pradesh,Uttar Pradesh District,Onion,Kharif,2018,21434,37080,1.73,Clay Loam,Medium,Mountain,Organic + NPK
Uttar Pradesh,Uttar Pradesh District,Soybean,Kharif,2018,29406,115565,3.93,Alluvial,High,Humid,Organic + NPK
Uttar Pradesh,Uttar Pradesh District,Cotton,Kharif,2018,15906,47081,2.96,Clay Loam,Low,Semi-Arid,DAP + Urea
Uttar Pradesh,Uttar Pradesh District,Potato,Rabi,2018,16036,42174,2.63,Black,High,Mountain,DAP + Urea
Uttar Pradesh,Uttar Pradesh District,Coffee,Rabi,2018,1495,5636,3.77,Red,Low,Humid,Urea
Uttar Pradesh,Uttar Pradesh District,Maize,Rabi,2018,7420,22260,3,Black,High,Humid,DAP + Urea
Uttar Pradesh,Uttar Pradesh District,Rice,Kharif,2018,16840,47994,2.85,Black,Low,Tropical,Urea
Uttar Pradesh,Uttar Pradesh District,Mustard,Kharif,2018,10535,62367,5.92,Sandy,Low,Mountain,Potash
Uttar Pradesh,Uttar Pradesh District,Maize,Rabi,2019,18301,92786,5.07,Alluvial,High,Humid,NPK
Uttar Pradesh,Uttar Pradesh District,Coffee,Kharif,2019,25479,144975,5.69,Sandy,High,Humid,Organic + NPK
Uttar Pradesh,Uttar Pradesh District,Maize,Zaid,2019,27177,105718,3.89,Black,High,Mountain,DAP + Urea
Uttar Pradesh,Uttar Pradesh District,Jute,Kharif,2019,7079,33979,4.8,Black,Medium,Tropical,NPK
Uttar Pradesh,Uttar Pradesh District,Ragi,Zaid,2019,24535,73114,2.98,Red,Low,Semi-Arid,Potash
Uttar Pradesh,Uttar Pradesh District,Wheat,Kharif,2019,3736,6239,1.67,Black,Low,Tropical,NPK
Uttar Pradesh,Uttar Pradesh District,Tea,Kharif,2019,2983,7129,2.39,Laterite,Low,Temperate,NPK
Uttar Pradesh,Uttar Pradesh District,Soybean,Kharif,2019,3719,11566,3.11,Black,High,Humid,NPK
Uttar Pradesh,Uttar Pradesh District,Coconut,Kharif,2019,17344,41799,2.41,Black,Low,Mountain,NPK
Uttar Pradesh,Uttar Pradesh District,Ragi,Zaid,2019,21273,107854,5.07,Sandy,High,Mountain,Urea
Uttar Pradesh,Uttar Pradesh District,Mustard,Zaid,2019,15641,66005,4.22,Loam,High,Tropical,DAP + Urea
Uttar Pradesh,Uttar Pradesh District,Rice,Kharif,2019,10711,45521,4.25,Loam,Medium,Temperate,Potash
Uttar Pradesh,Uttar Pradesh District,Bajra,Rabi,2020,29803,171963,5.77,Alluvial,Low,Semi-Arid,Organic + NPK
Uttar Pradesh,Uttar Pradesh District,Soybean,Zaid,2020,22228,39788,1.79,Loam,High,Tropical,DAP + Urea
Uttar Pradesh,Uttar Pradesh District,Ragi,Kharif,2020,4523,16599,3.67,Laterite,Medium,Mountain,Organic + NPK
Uttar Pradesh,Uttar Pradesh District,Wheat,Rabi,2020,564,1804,3.2,Red,Low,Temperate,Potash
Uttar Pradesh,Uttar Pradesh District,Bajra,Zaid,2020,13430,43647,3.25,Sandy,High,Mountain,DAP + Urea
Uttar Pradesh,Uttar Pradesh District,Coconut,Kharif,2020,5447,31592,5.8,Black,Low,Humid,Potash
Uttar Pradesh,Uttar Pradesh District,Soybean,Zaid,2020,16565,90776,5.48,Laterite,Medium,Semi-Arid,DAP + Urea
Uttar Pradesh,Uttar Pradesh District,Sugarcane,Rabi,2020,17950,93878,5.23,Alluvial,Low,Temperate,NPK
Uttar Pradesh,Uttar Pradesh District,Rice,Kharif,2020,13856,59026,4.26,Alluvial,Medium,Tropical,NPK
Uttar Pradesh,Uttar Pradesh District,Mustard,Rabi,2020,22233,53581,2.41,Red,High,Tropical,NPK
Uttar Pradesh,Uttar Pradesh District,Potato,Zaid,2020,5238,25823,4.93,Sandy,Medium,Temperate,Urea
Uttar Pradesh,Uttar Pradesh District,Rice,Kharif,2020,3396,13006,3.83,Loam,High,Tropical,NPK
Uttar Pradesh,Uttar Pradesh District,Wheat,Rabi,2021,14517,76359,5.26,Red,Medium,Humid,NPK
Uttar Pradesh,Uttar Pradesh District,Ragi,Rabi,2021,18488,101684,5.5,Red,High,Humid,Urea
Uttar Pradesh,Uttar Pradesh District,Mustard,Rabi,2021,11514,22912,1.99,Clay Loam,Medium,Mountain,Potash
Uttar Pradesh,Uttar Pradesh District,Jute,Rabi,2021,28054,124279,4.43,Clay Loam,Low,Humid,Organic + NPK
Uttar Pradesh,Uttar Pradesh District,Coconut,Kharif,2021,19090,50397,2.64,Red,High,Tropical,DAP + Urea
Uttar Pradesh,Uttar Pradesh District,Jowar,Rabi,2021,23108,126631,5.48,Sandy,High,Temperate,Potash
Uttar Pradesh,Uttar Pradesh District,Maize,Rabi,2021,7915,16146,2.04,Black,High,Tropical,Organic + NPK
Uttar Pradesh,Uttar Pradesh District,Jute,Kharif,2021,18043,106814,5.92,Alluvial,High,Semi-Arid,Potash
Uttar Pradesh,Uttar Pradesh District,Rubber,Rabi,2021,27607,121746,4.41,Laterite,Medium,Tropical,Urea
Uttar Pradesh,Uttar Pradesh District,Jute,Zaid,2021,9844,24511,2.49,Loam,Medium,Temperate,Organic + NPK
Uttar Pradesh,Uttar Pradesh District,Jute,Kharif,2021,11533,19260,1.67,Black,High,Mountain,DAP + Urea
Uttar Pradesh,Uttar Pradesh District,Bajra,Rabi,2021,23052,127247,5.52,Red,Medium,Mountain,NPK
Uttar Pradesh,Uttar Pradesh District,Rubber,Rabi,2022,27267,86981,3.19,Red,Medium,Humid,Urea
Uttar Pradesh,Uttar Pradesh District,Jowar,Rabi,2022,15403,61303,3.98,Clay Loam,Medium,Temperate,Organic + NPK
Uttar Pradesh,Uttar Pradesh District,Jute,Kharif,2022,25578,101288,3.96,Clay Loam,High,Temperate,NPK
Uttar Pradesh,Uttar Pradesh District,Tea,Zaid,2022,23385,67582,2.89,Red,Low,Humid,Urea
Uttar Pradesh,Uttar Pradesh District,Bajra,Zaid,2022,22568,128186,5.68,Black,Medium,Tropical,Organic + NPK
Uttar Pradesh,Uttar Pradesh District,Jute,Zaid,2022,8227,23776,2.89,Black,Medium,Humid,Organic + NPK
Uttar Pradesh,Uttar Pradesh District,Maize,Zaid,2022,2138,9343,4.37,Clay Loam,Low,Mountain,Urea
Uttar Pradesh,Uttar Pradesh District,Ragi,Zaid,2022,5020,8132,1.62,Clay Loam,High,Tropical,NPK
Uttar Pradesh,Uttar Pradesh District,Ragi,Rabi,2022,27619,101085,3.66,Laterite,High,Mountain,DAP + Urea
Uttar Pradesh,Uttar Pradesh District,Jute,Zaid,2022,631,1312,2.08,Loam,Low,Humid,DAP + Urea
Uttar Pradesh,Uttar Pradesh District,Onion,Kharif,2022,24947,45154,1.81,Laterite,High,Mountain,NPK
Uttar Pradesh,Uttar Pradesh District,Maize,Rabi,2022,1107,1881,1.7,Black,Low,Humid,Urea
Uttar Pradesh,Uttar Pradesh District,Rice,Zaid,2023,23093,95374,4.13,Black,Medium,Tropical,Urea
Uttar Pradesh,Uttar Pradesh District,Rubber,Zaid,2023,16098,80650,5.01,Sandy,Low,Tropical,DAP + Urea
Uttar Pradesh,Uttar Pradesh District,Soybean,Rabi,2023,10450,52145,4.99,Alluvial,High,Humid,Organic + NPK
Uttar Pradesh,Uttar Pradesh District,Soybean,Zaid,2023,11497,17475,1.52,Clay Loam,Low,Tropical,NPK
Uttar Pradesh,Uttar Pradesh District,Groundnut,Kharif,2023,16051,95342,5.94,Loam,High,Humid,Urea
Uttar Pradesh,Uttar Pradesh District,Jowar,Zaid,2023,6315,23239,3.68,Red,Medium,Semi-Arid,Organic + NPK
Uttar Pradesh,Uttar Pradesh District,Apple,Rabi,2023,19376,84479,4.36,Sandy,Medium,Temperate,Potash
Uttar Pradesh,Uttar Pradesh District,Jute,Zaid,2023,12465,36148,2.9,Alluvial,Low,Tropical,NPK
Uttar Pradesh,Uttar Pradesh District,Bajra,Rabi,2023,19517,56599,2.9,Clay Loam,High,Mountain,Urea
Uttar Pradesh,Uttar Pradesh District,Soybean,Zaid,2023,1704,8963,5.26,Red,Medium,Tropical,NPK
Uttar Pradesh,Uttar Pradesh District,Tea,Zaid,2023,4320,8726,2.02,Clay Loam,Low,Mountain,Urea
Uttar Pradesh,Uttar Pradesh District,Sugarcane,Zaid,2023,2234,4199,1.88,Alluvial,High,Humid,NPK
Uttar Pradesh,Uttar Pradesh District,Rubber,Kharif,2024,3736,13711,3.67,Black,Medium,Temperate,Urea
Uttar Pradesh,Uttar Pradesh District,Wheat,Zaid,2024,11896,68877,5.79,Sandy,Medium,Humid,Organic + NPK
Uttar Pradesh,Uttar Pradesh District,Apple,Rabi,2024,25472,140860,5.53,Loam,Low,Mountain,Urea
Uttar Pradesh,Uttar Pradesh District,Maize,Kharif,2024,23756,67942,2.86,Red,Low,Temperate,Organic + NPK
Uttar Pradesh,Uttar Pradesh District,Cotton,Kharif,2024,21185,121390,5.73,Laterite,Low,Mountain,Organic + NPK
Uttar Pradesh,Uttar Pradesh District,Ragi,Rabi,2024,6489,34521,5.32,Clay Loam,High,Temperate,Potash
Uttar Pradesh,Uttar Pradesh District,Bajra,Zaid,2024,26542,94754,3.57,Laterite,Low,Temperate,Organic + NPK
Uttar Pradesh,Uttar Pradesh District,Groundnut,Zaid,2024,10807,39013,3.61,Loam,High,Tropical,NPK
Uttar Pradesh,Uttar Pradesh District,Groundnut,Kharif,2024,11896,32476,2.73,Red,Low,Temperate,NPK
Uttar Pradesh,Uttar Pradesh District,Tea,Rabi,2024,17308,45693,2.64,Sandy,Medium,Humid,Organic + NPK
Uttar Pradesh,Uttar Pradesh District,Jute,Rabi,2024,23621,42990,1.82,Loam,Medium,Temperate,NPK
Uttar Pradesh,Uttar Pradesh District,Groundnut,Rabi,2024,20344,96634,4.75,Black,Low,Tropical,Urea
Uttar Pradesh,Uttar Pradesh District,Apple,Zaid,2025,20450,111657,5.46,Loam,Medium,Mountain,Urea
Uttar Pradesh,Uttar Pradesh District,Coffee,Rabi,2025,8255,25012,3.03,Loam,Low,Temperate,Urea
Uttar Pradesh,Uttar Pradesh District,Onion,Kharif,2025,4389,24841,5.66,Sandy,High,Humid,Urea
Uttar Pradesh,Uttar Pradesh District,Apple,Zaid,2025,5245,10227,1.95,Clay Loam,Medium,Mountain,Potash
Uttar Pradesh,Uttar Pradesh District,Coconut,Kharif,2025,5910,33864,5.73,Sandy,Low,Tropical,NPK
Uttar Pradesh,Uttar Pradesh District,Apple,Kharif,2025,8486,13492,1.59,Laterite,Medium,Mountain,Organic + NPK
Uttar Pradesh,Uttar Pradesh District,Jowar,Kharif,2025,3978,6126,1.54,Black,High,Temperate,Organic + NPK
Uttar Pradesh,Uttar Pradesh District,Onion,Zaid,2025,15512,57239,3.69,Loam,High,Mountain,DAP + Urea
Uttar Pradesh,Uttar Pradesh District,Wheat,Rabi,2025,14303,68225,4.77,Red,Low,Tropical,Organic + NPK
Uttar Pradesh,Uttar Pradesh District,Cotton,Kharif,2025,16742,46877,2.8,Red,Low,Humid,Urea
Uttar Pradesh,Uttar Pradesh District,Groundnut,Rabi,2025,16425,95265,5.8,Alluvial,High,Temperate,Organic + NPK
Uttar Pradesh,Uttar Pradesh District,Bajra,Rabi,2025,10180,30743,3.02,Clay Loam,High,Mountain,NPK
Uttarakhand,Uttarakhand District,Groundnut,Zaid,2016,23349,54636,2.34,Alluvial,High,Temperate,Urea
Uttarakhand,Uttarakhand District,Potato,Zaid,2016,9824,41653,4.24,Red,High,Semi-Arid,DAP + Urea
Uttarakhand,Uttarakhand District,Wheat,Rabi,2016,28930,127581,4.41,Red,Medium,Humid,NPK
Uttarakhand,Uttarakhand District,Rice,Rabi,2016,28932,136269,4.71,Clay Loam,Medium,Mountain,Organic + NPK
Uttarakhand,Uttarakhand District,Coffee,Rabi,2016,5563,22363,4.02,Black,Low,Humid,Potash
Uttarakhand,Uttarakhand District,Apple,Kharif,2016,3600,14508,4.03,Black,High,Mountain,Potash
Uttarakhand,Uttarakhand District,Coffee,Kharif,2016,11346,26322,2.32,Red,High,Temperate,Potash
Uttarakhand,Uttarakhand District,Maize,Rabi,2016,8176,26817,3.28,Red,Low,Mountain,Urea
Uttarakhand,Uttarakhand District,Jowar,Kharif,2016,16513,47557,2.88,Black,Low,Mountain,NPK
Uttarakhand,Uttarakhand District,Apple,Kharif,2016,16893,76018,4.5,Sandy,Medium,Temperate,Urea
Uttarakhand,Uttarakhand District,Rice,Rabi,2016,21316,114466,5.37,Clay Loam,High,Tropical,NPK
Uttarakhand,Uttarakhand District,Rice,Rabi,2016,24527,103749,4.23,Red,High,Semi-Arid,Urea
Uttarakhand,Uttarakhand District,Banana,Rabi,2017,7101,20166,2.84,Black,High,Mountain,Urea
Uttarakhand,Uttarakhand District,Ragi,Zaid,2017,4786,10529,2.2,Alluvial,Low,Tropical,NPK
Uttarakhand,Uttarakhand District,Rice,Zaid,2017,15863,45368,2.86,Black,High,Humid,Organic + NPK
Uttarakhand,Uttarakhand District,Maize,Zaid,2017,20130,30597,1.52,Clay Loam,Low,Semi-Arid,Organic + NPK
Uttarakhand,Uttarakhand District,Soybean,Kharif,2017,1183,2969,2.51,Clay Loam,Low,Semi-Arid,Urea
Uttarakhand,Uttarakhand District,Coconut,Zaid,2017,12672,50181,3.96,Red,High,Tropical,DAP + Urea
Uttarakhand,Uttarakhand District,Sugarcane,Rabi,2017,833,4056,4.87,Laterite,Medium,Mountain,Organic + NPK
Uttarakhand,Uttarakhand District,Banana,Zaid,2017,21520,114271,5.31,Alluvial,High,Mountain,NPK
Uttarakhand,Uttarakhand District,Ragi,Kharif,2017,4613,18821,4.08,Loam,High,Humid,Organic + NPK
Uttarakhand,Uttarakhand District,Wheat,Kharif,2017,11372,54813,4.82,Loam,High,Humid,NPK
Uttarakhand,Uttarakhand District,Groundnut,Kharif,2017,4212,9434,2.24,Red,Low,Humid,Potash
Uttarakhand,Uttarakhand District,Banana,Zaid,2017,15357,66495,4.33,Red,High,Semi-Arid,Organic + NPK
Uttarakhand,Uttarakhand District,Rice,Kharif,2018,6554,19268,2.94,Clay Loam,Medium,Semi-Arid,Urea
Uttarakhand,Uttarakhand District,Ragi,Rabi,2018,9443,53730,5.69,Clay Loam,Low,Mountain,DAP + Urea
Uttarakhand,Uttarakhand District,Jute,Zaid,2018,10696,25028,2.34,Clay Loam,High,Mountain,Potash
Uttarakhand,Uttarakhand District,Banana,Kharif,2018,14165,70825,5,Laterite,Low,Tropical,NPK
Uttarakhand,Uttarakhand District,Mustard,Rabi,2018,8591,18728,2.18,Laterite,Medium,Temperate,NPK
Uttarakhand,Uttarakhand District,Rice,Kharif,2018,3021,14017,4.64,Sandy,High,Tropical,DAP + Urea
Uttarakhand,Uttarakhand District,Cotton,Rabi,2018,25588,66017,2.58,Alluvial,Low,Tropical,Organic + NPK
Uttarakhand,Uttarakhand District,Ragi,Zaid,2018,12563,56156,4.47,Black,High,Temperate,Organic + NPK
Uttarakhand,Uttarakhand District,Soybean,Zaid,2018,10614,38847,3.66,Red,Medium,Mountain,DAP + Urea
Uttarakhand,Uttarakhand District,Ragi,Zaid,2018,26199,120777,4.61,Black,Low,Semi-Arid,Organic + NPK
Uttarakhand,Uttarakhand District,Wheat,Kharif,2018,11887,45170,3.8,Red,High,Humid,Organic + NPK
Uttarakhand,Uttarakhand District,Cotton,Kharif,2018,2099,10767,5.13,Sandy,Low,Humid,Organic + NPK
Uttarakhand,Uttarakhand District,Coffee,Zaid,2019,24037,78120,3.25,Laterite,High,Mountain,Potash
Uttarakhand,Uttarakhand District,Rubber,Kharif,2019,25801,118942,4.61,Loam,Low,Tropical,NPK
Uttarakhand,Uttarakhand District,Banana,Rabi,2019,15153,72582,4.79,Laterite,Low,Mountain,DAP + Urea
Uttarakhand,Uttarakhand District,Wheat,Rabi,2019,17680,35006,1.98,Clay Loam,Medium,Tropical,Organic + NPK
Uttarakhand,Uttarakhand District,Maize,Rabi,2019,3236,6827,2.11,Laterite,High,Temperate,Potash
Uttarakhand,Uttarakhand District,Wheat,Zaid,2019,27552,65298,2.37,Red,High,Mountain,Urea
Uttarakhand,Uttarakhand District,Mustard,Kharif,2019,1063,3252,3.06,Red,Low,Humid,Organic + NPK
Uttarakhand,Uttarakhand District,Potato,Rabi,2019,15409,87523,5.68,Loam,Medium,Tropical,DAP + Urea
Uttarakhand,Uttarakhand District,Rubber,Kharif,2019,7159,19830,2.77,Sandy,High,Mountain,DAP + Urea
Uttarakhand,Uttarakhand District,Cotton,Kharif,2019,12651,42001,3.32,Red,Medium,Humid,Urea
Uttarakhand,Uttarakhand District,Mustard,Zaid,2019,11278,26503,2.35,Sandy,Medium,Humid,NPK
Uttarakhand,Uttarakhand District,Mustard,Rabi,2019,22893,57461,2.51,Loam,Medium,Temperate,Urea
Uttarakhand,Uttarakhand District,Maize,Zaid,2020,29429,80929,2.75,Clay Loam,Medium,Tropical,Organic + NPK
Uttarakhand,Uttarakhand District,Rice,Zaid,2020,26173,143166,5.47,Laterite,Medium,Tropical,Potash
Uttarakhand,Uttarakhand District,Mustard,Rabi,2020,1315,3681,2.8,Clay Loam,High,Semi-Arid,Potash
Uttarakhand,Uttarakhand District,Coconut,Kharif,2020,26687,81128,3.04,Laterite,High,Temperate,Organic + NPK
Uttarakhand,Uttarakhand District,Rubber,Rabi,2020,18842,29581,1.57,Laterite,Low,Semi-Arid,Urea
Uttarakhand,Uttarakhand District,Coffee,Kharif,2020,2922,12886,4.41,Laterite,Low,Mountain,Potash
Uttarakhand,Uttarakhand District,Sugarcane,Kharif,2020,14224,61163,4.3,Loam,Medium,Temperate,DAP + Urea
Uttarakhand,Uttarakhand District,Rubber,Rabi,2020,12585,47823,3.8,Alluvial,Medium,Mountain,DAP + Urea
Uttarakhand,Uttarakhand District,Sugarcane,Kharif,2020,12341,64790,5.25,Clay Loam,Medium,Temperate,NPK
Uttarakhand,Uttarakhand District,Tea,Zaid,2020,18391,75954,4.13,Black,High,Semi-Arid,Urea
Uttarakhand,Uttarakhand District,Mustard,Rabi,2020,16854,60168,3.57,Black,Medium,Mountain,NPK
Uttarakhand,Uttarakhand District,Tea,Kharif,2020,8544,43488,5.09,Black,Low,Temperate,NPK
Uttarakhand,Uttarakhand District,Ragi,Rabi,2021,11854,56187,4.74,Black,Medium,Temperate,Organic + NPK
Uttarakhand,Uttarakhand District,Sugarcane,Rabi,2021,25191,105802,4.2,Sandy,Medium,Temperate,Potash
Uttarakhand,Uttarakhand District,Ragi,Kharif,2021,11433,63224,5.53,Black,Medium,Tropical,Urea
Uttarakhand,Uttarakhand District,Sugarcane,Kharif,2021,18308,66458,3.63,Laterite,Low,Tropical,NPK
Uttarakhand,Uttarakhand District,Potato,Zaid,2021,14259,76285,5.35,Sandy,Low,Mountain,DAP + Urea
Uttarakhand,Uttarakhand District,Potato,Zaid,2021,17460,99871,5.72,Black,Medium,Tropical,Organic + NPK
Uttarakhand,Uttarakhand District,Coffee,Rabi,2021,4398,8620,1.96,Alluvial,High,Humid,DAP + Urea
Uttarakhand,Uttarakhand District,Coconut,Zaid,2021,14921,65055,4.36,Loam,Medium,Semi-Arid,NPK
Uttarakhand,Uttarakhand District,Rubber,Zaid,2021,11321,19245,1.7,Laterite,High,Temperate,Organic + NPK
Uttarakhand,Uttarakhand District,Potato,Kharif,2021,10976,59160,5.39,Sandy,Medium,Semi-Arid,Potash
Uttarakhand,Uttarakhand District,Apple,Kharif,2021,14276,32834,2.3,Clay Loam,Low,Tropical,Potash
Uttarakhand,Uttarakhand District,Wheat,Kharif,2021,22892,53796,2.35,Red,Medium,Mountain,NPK
Uttarakhand,Uttarakhand District,Wheat,Zaid,2022,9601,43780,4.56,Alluvial,High,Tropical,Organic + NPK
Uttarakhand,Uttarakhand District,Soybean,Rabi,2022,22015,117119,5.32,Alluvial,Medium,Humid,Potash
Uttarakhand,Uttarakhand District,Potato,Kharif,2022,22906,125983,5.5,Loam,Medium,Humid,DAP + Urea
Uttarakhand,Uttarakhand District,Mustard,Zaid,2022,7228,13371,1.85,Black,High,Temperate,NPK
Uttarakhand,Uttarakhand District,Cotton,Kharif,2022,16670,41008,2.46,Red,Low,Semi-Arid,NPK
Uttarakhand,Uttarakhand District,Cotton,Zaid,2022,19969,42533,2.13,Laterite,Low,Tropical,Urea
Uttarakhand,Uttarakhand District,Rubber,Rabi,2022,13296,56242,4.23,Clay Loam,Medium,Tropical,DAP + Urea
Uttarakhand,Uttarakhand District,Tea,Rabi,2022,24789,118987,4.8,Laterite,Low,Temperate,Potash
Uttarakhand,Uttarakhand District,Apple,Kharif,2022,27465,117275,4.27,Black,Medium,Semi-Arid,Urea
Uttarakhand,Uttarakhand District,Coffee,Zaid,2022,13312,41400,3.11,Laterite,Low,Temperate,NPK
Uttarakhand,Uttarakhand District,Rubber,Zaid,2022,7566,31323,4.14,Sandy,Medium,Semi-Arid,DAP + Urea
Uttarakhand,Uttarakhand District,Wheat,Kharif,2022,21523,126124,5.86,Clay Loam,Low,Tropical,Urea
Uttarakhand,Uttarakhand District,Groundnut,Zaid,2023,2695,6899,2.56,Loam,Low,Temperate,Potash
Uttarakhand,Uttarakhand District,Mustard,Kharif,2023,10450,26856,2.57,Clay Loam,Medium,Semi-Arid,Organic + NPK
Uttarakhand,Uttarakhand District,Groundnut,Rabi,2023,1915,6089,3.18,Red,Low,Tropical,NPK
Uttarakhand,Uttarakhand District,Banana,Kharif,2023,14327,51577,3.6,Red,High,Semi-Arid,NPK
Uttarakhand,Uttarakhand District,Cotton,Zaid,2023,8412,12702,1.51,Sandy,High,Temperate,Potash
Uttarakhand,Uttarakhand District,Wheat,Kharif,2023,4887,27122,5.55,Laterite,Low,Mountain,Potash
Uttarakhand,Uttarakhand District,Cotton,Rabi,2023,13126,20214,1.54,Clay Loam,Low,Tropical,Organic + NPK
Uttarakhand,Uttarakhand District,Maize,Rabi,2023,18829,101488,5.39,Alluvial,High,Semi-Arid,Urea
Uttarakhand,Uttarakhand District,Groundnut,Rabi,2023,29922,159783,5.34,Laterite,Medium,Tropical,Potash
Uttarakhand,Uttarakhand District,Soybean,Zaid,2023,21062,102571,4.87,Laterite,Medium,Tropical,DAP + Urea
Uttarakhand,Uttarakhand District,Cotton,Rabi,2023,637,2127,3.34,Clay Loam,Low,Semi-Arid,Organic + NPK
Uttarakhand,Uttarakhand District,Soybean,Zaid,2023,2926,13547,4.63,Sandy,High,Semi-Arid,Organic + NPK
Uttarakhand,Uttarakhand District,Potato,Kharif,2024,20934,119742,5.72,Black,High,Semi-Arid,Potash
Uttarakhand,Uttarakhand District,Coffee,Rabi,2024,1887,3038,1.61,Laterite,Low,Mountain,Organic + NPK
Uttarakhand,Uttarakhand District,Coconut,Kharif,2024,10711,22493,2.1,Black,Low,Humid,Organic + NPK
Uttarakhand,Uttarakhand District,Maize,Kharif,2024,22935,41053,1.79,Black,Medium,Humid,Potash
Uttarakhand,Uttarakhand District,Tea,Rabi,2024,27887,45176,1.62,Sandy,Low,Tropical,Organic + NPK
Uttarakhand,Uttarakhand District,Jowar,Kharif,2024,9954,22794,2.29,Black,Low,Tropical,DAP + Urea
Uttarakhand,Uttarakhand District,Onion,Kharif,2024,23681,88093,3.72,Laterite,Medium,Tropical,Potash
Uttarakhand,Uttarakhand District,Onion,Kharif,2024,29682,165922,5.59,Sandy,High,Mountain,Potash
Uttarakhand,Uttarakhand District,Mustard,Kharif,2024,25394,101576,4,Alluvial,Low,Humid,Organic + NPK
Uttarakhand,Uttarakhand District,Apple,Zaid,2024,3934,11802,3,Clay Loam,Medium,Temperate,Urea
Uttarakhand,Uttarakhand District,Maize,Rabi,2024,12767,47748,3.74,Red,High,Semi-Arid,DAP + Urea
Uttarakhand,Uttarakhand District,Rubber,Kharif,2024,17977,43504,2.42,Red,High,Semi-Arid,NPK
Uttarakhand,Uttarakhand District,Coconut,Zaid,2025,6946,22643,3.26,Alluvial,Low,Semi-Arid,DAP + Urea
Uttarakhand,Uttarakhand District,Apple,Zaid,2025,21652,45469,2.1,Red,Low,Semi-Arid,NPK
Uttarakhand,Uttarakhand District,Maize,Zaid,2025,29139,74304,2.55,Black,Low,Mountain,DAP + Urea
Uttarakhand,Uttarakhand District,Coconut,Kharif,2025,18666,110316,5.91,Laterite,High,Humid,Organic + NPK
Uttarakhand,Uttarakhand District,Rice,Rabi,2025,5312,8977,1.69,Alluvial,Medium,Humid,DAP + Urea
Uttarakhand,Uttarakhand District,Tea,Kharif,2025,21151,72970,3.45,Laterite,Medium,Tropical,Potash
Uttarakhand,Uttarakhand District,Maize,Rabi,2025,24030,128560,5.35,Clay Loam,High,Tropical,Organic + NPK
Uttarakhand,Uttarakhand District,Cotton,Kharif,2025,2387,11839,4.96,Loam,Low,Semi-Arid,NPK
Uttarakhand,Uttarakhand District,Onion,Zaid,2025,6569,25816,3.93,Sandy,High,Mountain,Organic + NPK
Uttarakhand,Uttarakhand District,Coconut,Zaid,2025,10549,54643,5.18,Laterite,High,Tropical,NPK
Uttarakhand,Uttarakhand District,Jute,Rabi,2025,27613,148005,5.36,Sandy,Medium,Temperate,NPK
Uttarakhand,Uttarakhand District,Cotton,Zaid,2025,27316,43705,1.6,Laterite,Medium,Tropical,Urea
West Bengal,West Bengal District,Tea,Zaid,2016,26457,70640,2.67,Sandy,High,Tropical,Potash
West Bengal,West Bengal District,Onion,Rabi,2016,19103,103920,5.44,Alluvial,High,Mountain,Organic + NPK
West Bengal,West Bengal District,Mustard,Zaid,2016,13388,56229,4.2,Alluvial,High,Semi-Arid,Potash
West Bengal,West Bengal District,Cotton,Kharif,2016,17804,75310,4.23,Red,High,Mountain,NPK
West Bengal,West Bengal District,Cotton,Zaid,2016,1643,3893,2.37,Laterite,High,Mountain,Organic + NPK
West Bengal,West Bengal District,Apple,Kharif,2016,17176,80727,4.7,Sandy,Medium,Semi-Arid,Urea
West Bengal,West Bengal District,Jowar,Zaid,2016,28252,151713,5.37,Loam,Medium,Mountain,Potash
West Bengal,West Bengal District,Onion,Zaid,2016,28170,112680,4,Sandy,Low,Temperate,NPK
West Bengal,West Bengal District,Jute,Kharif,2016,13533,70506,5.21,Alluvial,Medium,Mountain,Organic + NPK
West Bengal,West Bengal District,Onion,Zaid,2016,22344,115965,5.19,Loam,Medium,Mountain,NPK
West Bengal,West Bengal District,Cotton,Zaid,2016,15599,38997,2.5,Laterite,Medium,Humid,Potash
West Bengal,West Bengal District,Soybean,Rabi,2016,7705,44149,5.73,Black,High,Tropical,Urea
West Bengal,West Bengal District,Bajra,Rabi,2017,8652,20937,2.42,Loam,High,Mountain,Urea
West Bengal,West Bengal District,Apple,Rabi,2017,10093,48951,4.85,Laterite,Medium,Temperate,DAP + Urea
West Bengal,West Bengal District,Coffee,Kharif,2017,13682,48571,3.55,Clay Loam,High,Humid,NPK
West Bengal,West Bengal District,Ragi,Zaid,2017,29233,136810,4.68,Red,Low,Mountain,Urea
West Bengal,West Bengal District,Ragi,Kharif,2017,24573,124339,5.06,Black,Low,Humid,Organic + NPK
West Bengal,West Bengal District,Mustard,Zaid,2017,11811,45826,3.88,Black,Medium,Tropical,Organic + NPK
West Bengal,West Bengal District,Maize,Rabi,2017,24495,50949,2.08,Black,High,Mountain,Organic + NPK
West Bengal,West Bengal District,Maize,Rabi,2017,4015,20436,5.09,Clay Loam,High,Mountain,Potash
West Bengal,West Bengal District,Cotton,Kharif,2017,13067,34104,2.61,Clay Loam,High,Temperate,NPK
West Bengal,West Bengal District,Potato,Kharif,2017,16838,88736,5.27,Clay Loam,Low,Temperate,Potash
West Bengal,West Bengal District,Rice,Zaid,2017,19152,37154,1.94,Loam,Medium,Temperate,Organic + NPK
West Bengal,West Bengal District,Jowar,Zaid,2017,953,4145,4.35,Clay Loam,Low,Humid,DAP + Urea
West Bengal,West Bengal District,Sugarcane,Kharif,2018,3075,11285,3.67,Red,Medium,Temperate,Urea
West Bengal,West Bengal District,Cotton,Rabi,2018,21369,89963,4.21,Sandy,Low,Humid,NPK
West Bengal,West Bengal District,Maize,Rabi,2018,27041,159001,5.88,Laterite,High,Mountain,DAP + Urea
West Bengal,West Bengal District,Coffee,Kharif,2018,12928,73818,5.71,Black,Medium,Tropical,Organic + NPK
West Bengal,West Bengal District,Groundnut,Kharif,2018,5663,31429,5.55,Alluvial,High,Semi-Arid,NPK
West Bengal,West Bengal District,Potato,Zaid,2018,15990,92901,5.81,Clay Loam,Medium,Temperate,Organic + NPK
West Bengal,West Bengal District,Potato,Rabi,2018,23064,94793,4.11,Black,High,Temperate,DAP + Urea
West Bengal,West Bengal District,Tea,Zaid,2018,21487,72411,3.37,Black,High,Tropical,Urea
West Bengal,West Bengal District,Coffee,Rabi,2018,12826,55280,4.31,Laterite,Low,Semi-Arid,NPK
West Bengal,West Bengal District,Maize,Zaid,2018,14794,56956,3.85,Clay Loam,Low,Semi-Arid,Organic + NPK
West Bengal,West Bengal District,Rice,Kharif,2018,12003,31807,2.65,Black,Low,Humid,DAP + Urea
West Bengal,West Bengal District,Coconut,Kharif,2018,5361,24124,4.5,Laterite,Low,Humid,NPK
West Bengal,West Bengal District,Maize,Kharif,2019,14789,74980,5.07,Laterite,High,Tropical,NPK
West Bengal,West Bengal District,Tea,Kharif,2019,26363,103079,3.91,Black,Low,Temperate,Potash
West Bengal,West Bengal District,Sugarcane,Rabi,2019,24907,122044,4.9,Black,Medium,Temperate,Organic + NPK
West Bengal,West Bengal District,Coconut,Kharif,2019,15260,43643,2.86,Loam,High,Humid,DAP + Urea
West Bengal,West Bengal District,Banana,Rabi,2019,22139,83906,3.79,Black,Medium,Humid,NPK
West Bengal,West Bengal District,Groundnut,Rabi,2019,10844,32640,3.01,Alluvial,High,Mountain,Organic + NPK
West Bengal,West Bengal District,Maize,Kharif,2019,5751,33240,5.78,Alluvial,Medium,Semi-Arid,NPK
West Bengal,West Bengal District,Rice,Rabi,2019,13501,31322,2.32,Red,Medium,Mountain,Potash
West Bengal,West Bengal District,Coconut,Kharif,2019,12850,20046,1.56,Red,High,Temperate,Urea
West Bengal,West Bengal District,Coconut,Kharif,2019,23164,83390,3.6,Clay Loam,Low,Tropical,Potash
West Bengal,West Bengal District,Apple,Kharif,2019,27447,79596,2.9,Clay Loam,Medium,Semi-Arid,Urea
West Bengal,West Bengal District,Potato,Zaid,2019,24405,124221,5.09,Clay Loam,High,Temperate,Potash
West Bengal,West Bengal District,Ragi,Zaid,2020,7519,13534,1.8,Black,Medium,Tropical,DAP + Urea
West Bengal,West Bengal District,Banana,Kharif,2020,27575,105612,3.83,Laterite,Medium,Temperate,Potash
West Bengal,West Bengal District,Coconut,Rabi,2020,27647,149017,5.39,Clay Loam,Medium,Temperate,Organic + NPK
West Bengal,West Bengal District,Rubber,Rabi,2020,4082,16083,3.94,Loam,Medium,Temperate,NPK
West Bengal,West Bengal District,Sugarcane,Kharif,2020,17335,73327,4.23,Alluvial,High,Semi-Arid,Organic + NPK
West Bengal,West Bengal District,Maize,Kharif,2020,3851,13324,3.46,Sandy,High,Tropical,NPK
West Bengal,West Bengal District,Potato,Kharif,2020,27558,130900,4.75,Alluvial,Low,Humid,Urea
West Bengal,West Bengal District,Potato,Zaid,2020,2192,5326,2.43,Loam,Low,Mountain,Organic + NPK
West Bengal,West Bengal District,Rubber,Rabi,2020,23521,74796,3.18,Laterite,Low,Mountain,NPK
West Bengal,West Bengal District,Banana,Kharif,2020,1731,5106,2.95,Alluvial,High,Semi-Arid,DAP + Urea
West Bengal,West Bengal District,Maize,Zaid,2020,24719,50921,2.06,Loam,Medium,Semi-Arid,Organic + NPK
West Bengal,West Bengal District,Rubber,Kharif,2020,5597,25242,4.51,Clay Loam,High,Humid,Urea
West Bengal,West Bengal District,Apple,Zaid,2021,14052,47074,3.35,Black,Medium,Mountain,DAP + Urea
West Bengal,West Bengal District,Onion,Zaid,2021,21782,65563,3.01,Sandy,Low,Tropical,NPK
West Bengal,West Bengal District,Mustard,Zaid,2021,6317,37775,5.98,Red,Medium,Semi-Arid,NPK
West Bengal,West Bengal District,Jute,Rabi,2021,4634,12511,2.7,Laterite,High,Mountain,Organic + NPK
West Bengal,West Bengal District,Potato,Zaid,2021,14745,50575,3.43,Laterite,High,Tropical,Potash
West Bengal,West Bengal District,Coconut,Rabi,2021,8163,33223,4.07,Clay Loam,High,Temperate,Urea
West Bengal,West Bengal District,Cotton,Zaid,2021,25098,87341,3.48,Loam,Low,Semi-Arid,Organic + NPK
West Bengal,West Bengal District,Banana,Zaid,2021,22971,96707,4.21,Clay Loam,Medium,Humid,NPK
West Bengal,West Bengal District,Apple,Zaid,2021,6077,34760,5.72,Black,Medium,Semi-Arid,Urea
West Bengal,West Bengal District,Potato,Kharif,2021,28034,116901,4.17,Clay Loam,Medium,Temperate,DAP + Urea
West Bengal,West Bengal District,Bajra,Rabi,2021,1462,5131,3.51,Sandy,High,Mountain,DAP + Urea
West Bengal,West Bengal District,Ragi,Zaid,2021,751,3597,4.79,Laterite,Medium,Mountain,Potash
West Bengal,West Bengal District,Jute,Zaid,2022,19819,52916,2.67,Black,Low,Tropical,Potash
West Bengal,West Bengal District,Coffee,Zaid,2022,17274,70823,4.1,Clay Loam,Low,Humid,Urea
West Bengal,West Bengal District,Apple,Rabi,2022,20561,86356,4.2,Black,High,Mountain,Organic + NPK
West Bengal,West Bengal District,Groundnut,Zaid,2022,17040,46178,2.71,Loam,Low,Semi-Arid,NPK
West Bengal,West Bengal District,Jowar,Rabi,2022,6097,32131,5.27,Alluvial,Medium,Mountain,Urea
West Bengal,West Bengal District,Wheat,Zaid,2022,4318,13472,3.12,Clay Loam,High,Temperate,Potash
West Bengal,West Bengal District,Rubber,Rabi,2022,26244,48026,1.83,Loam,High,Mountain,Potash
West Bengal,West Bengal District,Jowar,Zaid,2022,537,1702,3.17,Clay Loam,Low,Semi-Arid,Potash
West Bengal,West Bengal District,Wheat,Zaid,2022,28115,153226,5.45,Red,High,Tropical,Urea
West Bengal,West Bengal District,Groundnut,Rabi,2022,26375,73586,2.79,Laterite,Low,Humid,Potash
West Bengal,West Bengal District,Wheat,Rabi,2022,12556,24484,1.95,Alluvial,Medium,Mountain,Organic + NPK
West Bengal,West Bengal District,Cotton,Kharif,2022,26201,125502,4.79,Alluvial,Medium,Tropical,DAP + Urea
West Bengal,West Bengal District,Soybean,Rabi,2023,7891,14282,1.81,Red,Medium,Humid,Organic + NPK
West Bengal,West Bengal District,Bajra,Kharif,2023,18591,108571,5.84,Alluvial,Low,Humid,Potash
West Bengal,West Bengal District,Rice,Zaid,2023,21678,50726,2.34,Alluvial,High,Tropical,Organic + NPK
West Bengal,West Bengal District,Cotton,Zaid,2023,13963,64648,4.63,Sandy,Medium,Tropical,Urea
West Bengal,West Bengal District,Rice,Rabi,2023,9360,17409,1.86,Laterite,High,Mountain,DAP + Urea
West Bengal,West Bengal District,Tea,Rabi,2023,26616,75855,2.85,Red,Low,Tropical,DAP + Urea
West Bengal,West Bengal District,Rubber,Zaid,2023,28266,159137,5.63,Loam,Low,Tropical,Potash
West Bengal,West Bengal District,Jute,Zaid,2023,27409,45224,1.65,Black,Medium,Mountain,NPK
West Bengal,West Bengal District,Onion,Kharif,2023,13748,70527,5.13,Red,High,Temperate,Urea
West Bengal,West Bengal District,Mustard,Zaid,2023,21498,75672,3.52,Red,High,Temperate,Urea
West Bengal,West Bengal District,Apple,Zaid,2023,14702,34108,2.32,Clay Loam,Medium,Humid,NPK
West Bengal,West Bengal District,Maize,Rabi,2023,28805,126165,4.38,Clay Loam,Medium,Temperate,Potash
West Bengal,West Bengal District,Tea,Zaid,2024,9305,18703,2.01,Alluvial,High,Mountain,Organic + NPK
West Bengal,West Bengal District,Groundnut,Rabi,2024,13199,25210,1.91,Red,Medium,Temperate,Organic + NPK
West Bengal,West Bengal District,Coffee,Rabi,2024,1924,9023,4.69,Black,High,Temperate,Potash
West Bengal,West Bengal District,Cotton,Rabi,2024,21692,71583,3.3,Sandy,Low,Semi-Arid,DAP + Urea
West Bengal,West Bengal District,Banana,Zaid,2024,1244,6891,5.54,Black,Low,Mountain,Organic + NPK
West Bengal,West Bengal District,Ragi,Rabi,2024,18286,70401,3.85,Clay Loam,High,Humid,DAP + Urea
West Bengal,West Bengal District,Mustard,Kharif,2024,22257,40507,1.82,Sandy,Medium,Tropical,Potash
West Bengal,West Bengal District,Maize,Rabi,2024,16259,40159,2.47,Alluvial,Medium,Tropical,NPK
West Bengal,West Bengal District,Soybean,Zaid,2024,11195,44108,3.94,Clay Loam,Low,Mountain,Urea
West Bengal,West Bengal District,Tea,Zaid,2024,4705,12609,2.68,Sandy,Medium,Tropical,Potash
West Bengal,West Bengal District,Wheat,Kharif,2024,6139,28116,4.58,Laterite,Medium,Humid,DAP + Urea
West Bengal,West Bengal District,Tea,Zaid,2024,20079,35138,1.75,Loam,High,Mountain,DAP + Urea
West Bengal,West Bengal District,Jowar,Kharif,2025,3382,7034,2.08,Loam,Low,Tropical,DAP + Urea
West Bengal,West Bengal District,Onion,Rabi,2025,7397,16199,2.19,Loam,Low,Mountain,Urea
West Bengal,West Bengal District,Wheat,Zaid,2025,15372,60104,3.91,Clay Loam,High,Semi-Arid,Potash
West Bengal,West Bengal District,Groundnut,Rabi,2025,10311,32685,3.17,Black,Medium,Temperate,Urea
West Bengal,West Bengal District,Maize,Rabi,2025,17315,96098,5.55,Alluvial,Low,Mountain,Organic + NPK
West Bengal,West Bengal District,Groundnut,Zaid,2025,21627,44767,2.07,Alluvial,Low,Mountain,Organic + NPK
West Bengal,West Bengal District,Ragi,Kharif,2025,18764,45033,2.4,Clay Loam,Medium,Semi-Arid,Potash
West Bengal,West Bengal District,Maize,Kharif,2025,17738,65098,3.67,Black,Medium,Mountain,Potash
West Bengal,West Bengal District,Groundnut,Kharif,2025,11150,42147,3.78,Black,High,Temperate,Urea
West Bengal,West Bengal District,Jute,Zaid,2025,17270,38857,2.25,Laterite,Low,Humid,Potash
West Bengal,West Bengal District,Bajra,Rabi,2025,2024,5545,2.74,Red,Medium,Humid,Organic + NPK
West Bengal,West Bengal District,Maize,Kharif,2025,20085,108459,5.4,Black,Low,Temperate,Potash
Andaman and Nicobar Islands,Andaman and Nicobar Islands District,Rice,Kharif,2016,3698,9429,2.55,Clay Loam,Medium,Semi-Arid,Organic + NPK
Andaman and Nicobar Islands,Andaman and Nicobar Islands District,Ragi,Kharif,2016,4678,21986,4.7,Black,Medium,Humid,Potash
Andaman and Nicobar Islands,Andaman and Nicobar Islands District,Cotton,Kharif,2016,2963,16800,5.67,Sandy,High,Temperate,NPK
Andaman and Nicobar Islands,Andaman and Nicobar Islands District,Rice,Kharif,2016,13379,67563,5.05,Black,Medium,Temperate,NPK
Andaman and Nicobar Islands,Andaman and Nicobar Islands District,Wheat,Rabi,2016,22539,48684,2.16,Loam,High,Semi-Arid,NPK
Andaman and Nicobar Islands,Andaman and Nicobar Islands District,Coconut,Kharif,2016,25337,46620,1.84,Sandy,Low,Semi-Arid,DAP + Urea
Andaman and Nicobar Islands,Andaman and Nicobar Islands District,Banana,Zaid,2016,19893,56098,2.82,Loam,Medium,Tropical,Potash
Andaman and Nicobar Islands,Andaman and Nicobar Islands District,Rubber,Rabi,2016,3003,6426,2.14,Loam,Medium,Semi-Arid,Potash
Andaman and Nicobar Islands,Andaman and Nicobar Islands District,Jowar,Kharif,2016,18868,38302,2.03,Sandy,Medium,Temperate,Organic + NPK
Andaman and Nicobar Islands,Andaman and Nicobar Islands District,Soybean,Kharif,2016,15767,54553,3.46,Red,Low,Tropical,Organic + NPK
Andaman and Nicobar Islands,Andaman and Nicobar Islands District,Sugarcane,Rabi,2016,8251,29951,3.63,Alluvial,Medium,Temperate,NPK
Andaman and Nicobar Islands,Andaman and Nicobar Islands District,Jute,Kharif,2016,9477,43025,4.54,Black,High,Tropical,Potash
Andaman and Nicobar Islands,Andaman and Nicobar Islands District,Jute,Zaid,2017,1215,5418,4.46,Alluvial,High,Tropical,Urea
Andaman and Nicobar Islands,Andaman and Nicobar Islands District,Cotton,Zaid,2017,6905,26308,3.81,Alluvial,High,Semi-Arid,Organic + NPK
Andaman and Nicobar Islands,Andaman and Nicobar Islands District,Wheat,Kharif,2017,12507,38146,3.05,Alluvial,Low,Temperate,NPK
Andaman and Nicobar Islands,Andaman and Nicobar Islands District,Bajra,Rabi,2017,25339,142658,5.63,Laterite,High,Semi-Arid,Potash
Andaman and Nicobar Islands,Andaman and Nicobar Islands District,Banana,Zaid,2017,10197,15397,1.51,Black,High,Semi-Arid,NPK
Andaman and Nicobar Islands,Andaman and Nicobar Islands District,Coffee,Kharif,2017,5675,27069,4.77,Alluvial,Low,Temperate,NPK
Andaman and Nicobar Islands,Andaman and Nicobar Islands District,Ragi,Kharif,2017,22082,85457,3.87,Black,Low,Temperate,DAP + Urea
Andaman and Nicobar Islands,Andaman and Nicobar Islands District,Jute,Kharif,2017,6118,24166,3.95,Red,Medium,Mountain,Urea
Andaman and Nicobar Islands,Andaman and Nicobar Islands District,Ragi,Zaid,2017,5961,29805,5,Red,Low,Humid,Potash
Andaman and Nicobar Islands,Andaman and Nicobar Islands District,Apple,Rabi,2017,4387,7589,1.73,Black,High,Semi-Arid,DAP + Urea
Andaman and Nicobar Islands,Andaman and Nicobar Islands District,Potato,Kharif,2017,21848,120819,5.53,Sandy,High,Humid,DAP + Urea
Andaman and Nicobar Islands,Andaman and Nicobar Islands District,Coconut,Rabi,2017,20292,108562,5.35,Red,High,Tropical,NPK
Andaman and Nicobar Islands,Andaman and Nicobar Islands District,Maize,Rabi,2018,18726,72844,3.89,Alluvial,Medium,Tropical,DAP + Urea
Andaman and Nicobar Islands,Andaman and Nicobar Islands District,Mustard,Zaid,2018,14435,30169,2.09,Black,High,Semi-Arid,DAP + Urea
Andaman and Nicobar Islands,Andaman and Nicobar Islands District,Cotton,Kharif,2018,27769,69700,2.51,Laterite,Low,Mountain,Potash
Andaman and Nicobar Islands,Andaman and Nicobar Islands District,Soybean,Kharif,2018,1624,5635,3.47,Loam,Low,Tropical,NPK
Andaman and Nicobar Islands,Andaman and Nicobar Islands District,Rubber,Rabi,2018,7639,42702,5.59,Alluvial,High,Mountain,Potash
Andaman and Nicobar Islands,Andaman and Nicobar Islands District,Rice,Zaid,2018,19451,41041,2.11,Loam,Medium,Temperate,Urea
Andaman and Nicobar Islands,Andaman and Nicobar Islands District,Cotton,Kharif,2018,20817,116367,5.59,Black,High,Semi-Arid,Organic + NPK
Andaman and Nicobar Islands,Andaman and Nicobar Islands District,Mustard,Kharif,2018,19039,112139,5.89,Clay Loam,Low,Tropical,Urea
Andaman and Nicobar Islands,Andaman and Nicobar Islands District,Rubber,Kharif,2018,27542,77393,2.81,Black,Medium,Humid,Urea
Andaman and Nicobar Islands,Andaman and Nicobar Islands District,Jute,Rabi,2018,23480,135479,5.77,Sandy,Medium,Temperate,Urea
Andaman and Nicobar Islands,Andaman and Nicobar Islands District,Sugarcane,Zaid,2018,21533,50817,2.36,Black,Low,Mountain,Potash
Andaman and Nicobar Islands,Andaman and Nicobar Islands District,Apple,Zaid,2018,1658,8422,5.08,Alluvial,Medium,Semi-Arid,Organic + NPK
Andaman and Nicobar Islands,Andaman and Nicobar Islands District,Coffee,Kharif,2019,19627,55151,2.81,Alluvial,Low,Semi-Arid,Potash
Andaman and Nicobar Islands,Andaman and Nicobar Islands District,Soybean,Zaid,2019,4784,14352,3,Black,Medium,Semi-Arid,Urea
Andaman and Nicobar Islands,Andaman and Nicobar Islands District,Ragi,Zaid,2019,2851,10662,3.74,Laterite,Medium,Mountain,Urea
Andaman and Nicobar Islands,Andaman and Nicobar Islands District,Coffee,Rabi,2019,6618,14427,2.18,Clay Loam,Low,Tropical,Urea
Andaman and Nicobar Islands,Andaman and Nicobar Islands District,Coffee,Rabi,2019,17912,31346,1.75,Laterite,High,Temperate,Potash
Andaman and Nicobar Islands,Andaman and Nicobar Islands District,Tea,Zaid,2019,25472,112076,4.4,Black,High,Temperate,Organic + NPK
Andaman and Nicobar Islands,Andaman and Nicobar Islands District,Apple,Rabi,2019,14949,59048,3.95,Black,Medium,Mountain,Potash
Andaman and Nicobar Islands,Andaman and Nicobar Islands District,Ragi,Rabi,2019,20825,33736,1.62,Clay Loam,Low,Humid,Organic + NPK
Andaman and Nicobar Islands,Andaman and Nicobar Islands District,Ragi,Kharif,2019,28150,79383,2.82,Alluvial,Medium,Temperate,Potash
Andaman and Nicobar Islands,Andaman and Nicobar Islands District,Mustard,Kharif,2019,13593,81558,6,Sandy,Low,Mountain,DAP + Urea
Andaman and Nicobar Islands,Andaman and Nicobar Islands District,Rubber,Kharif,2019,26211,120308,4.59,Black,High,Tropical,Urea
Andaman and Nicobar Islands,Andaman and Nicobar Islands District,Wheat,Zaid,2019,4285,21082,4.92,Alluvial,Medium,Semi-Arid,Potash
Andaman and Nicobar Islands,Andaman and Nicobar Islands District,Ragi,Kharif,2020,26761,76268,2.85,Alluvial,High,Tropical,Potash
Andaman and Nicobar Islands,Andaman and Nicobar Islands District,Soybean,Zaid,2020,24187,86831,3.59,Alluvial,Low,Humid,Organic + NPK
Andaman and Nicobar Islands,Andaman and Nicobar Islands District,Banana,Rabi,2020,5114,18768,3.67,Black,Low,Mountain,Urea
Andaman and Nicobar Islands,Andaman and Nicobar Islands District,Coffee,Kharif,2020,11743,65878,5.61,Clay Loam,High,Tropical,Organic + NPK
Andaman and Nicobar Islands,Andaman and Nicobar Islands District,Potato,Kharif,2020,4210,11072,2.63,Red,High,Semi-Arid,NPK
Andaman and Nicobar Islands,Andaman and Nicobar Islands District,Apple,Zaid,2020,21700,126294,5.82,Laterite,High,Mountain,NPK
Andaman and Nicobar Islands,Andaman and Nicobar Islands District,Wheat,Rabi,2020,14860,69693,4.69,Alluvial,Medium,Humid,DAP + Urea
Andaman and Nicobar Islands,Andaman and Nicobar Islands District,Ragi,Rabi,2020,12410,33755,2.72,Sandy,High,Humid,Urea
Andaman and Nicobar Islands,Andaman and Nicobar Islands District,Tea,Rabi,2020,23749,103545,4.36,Laterite,High,Temperate,Potash
Andaman and Nicobar Islands,Andaman and Nicobar Islands District,Soybean,Rabi,2020,8204,40937,4.99,Sandy,High,Semi-Arid,DAP + Urea
Andaman and Nicobar Islands,Andaman and Nicobar Islands District,Bajra,Rabi,2020,29414,127068,4.32,Clay Loam,High,Mountain,NPK
Andaman and Nicobar Islands,Andaman and Nicobar Islands District,Cotton,Rabi,2020,23431,50376,2.15,Laterite,Medium,Temperate,Urea
Andaman and Nicobar Islands,Andaman and Nicobar Islands District,Mustard,Zaid,2021,15782,42769,2.71,Sandy,Medium,Humid,Organic + NPK
Andaman and Nicobar Islands,Andaman and Nicobar Islands District,Sugarcane,Zaid,2021,15317,44725,2.92,Red,Low,Tropical,Potash
Andaman and Nicobar Islands,Andaman and Nicobar Islands District,Onion,Rabi,2021,11319,67121,5.93,Sandy,Medium,Tropical,Potash
Andaman and Nicobar Islands,Andaman and Nicobar Islands District,Ragi,Rabi,2021,14430,34632,2.4,Loam,Low,Humid,Potash
Andaman and Nicobar Islands,Andaman and Nicobar Islands District,Wheat,Zaid,2021,11881,60355,5.08,Sandy,Medium,Humid,DAP + Urea
Andaman and Nicobar Islands,Andaman and Nicobar Islands District,Rice,Zaid,2021,19826,107060,5.4,Laterite,Medium,Tropical,Potash
Andaman and Nicobar Islands,Andaman and Nicobar Islands District,Cotton,Rabi,2021,27704,90315,3.26,Loam,Low,Semi-Arid,Urea
Andaman and Nicobar Islands,Andaman and Nicobar Islands District,Rubber,Rabi,2021,5434,16084,2.96,Clay Loam,Medium,Semi-Arid,NPK
Andaman and Nicobar Islands,Andaman and Nicobar Islands District,Onion,Rabi,2021,21177,57389,2.71,Alluvial,High,Tropical,Urea
Andaman and Nicobar Islands,Andaman and Nicobar Islands District,Groundnut,Zaid,2021,29799,57512,1.93,Black,Medium,Temperate,Potash
Andaman and Nicobar Islands,Andaman and Nicobar Islands District,Onion,Zaid,2021,5676,22987,4.05,Alluvial,High,Humid,Organic + NPK
Andaman and Nicobar Islands,Andaman and Nicobar Islands District,Banana,Zaid,2021,21894,91516,4.18,Sandy,Low,Semi-Arid,Organic + NPK
Andaman and Nicobar Islands,Andaman and Nicobar Islands District,Maize,Zaid,2022,4813,14150,2.94,Clay Loam,Low,Temperate,NPK
Andaman and Nicobar Islands,Andaman and Nicobar Islands District,Coconut,Kharif,2022,14495,70445,4.86,Red,High,Semi-Arid,DAP + Urea
Andaman and Nicobar Islands,Andaman and Nicobar Islands District,Wheat,Zaid,2022,20748,59339,2.86,Alluvial,Medium,Semi-Arid,NPK
Andaman and Nicobar Islands,Andaman and Nicobar Islands District,Onion,Zaid,2022,25231,81243,3.22,Clay Loam,Medium,Temperate,Potash
Andaman and Nicobar Islands,Andaman and Nicobar Islands District,Potato,Zaid,2022,15196,44828,2.95,Clay Loam,High,Semi-Arid,Urea
Andaman and Nicobar Islands,Andaman and Nicobar Islands District,Potato,Kharif,2022,10133,20975,2.07,Black,Medium,Humid,DAP + Urea
Andaman and Nicobar Islands,Andaman and Nicobar Islands District,Wheat,Kharif,2022,2725,4659,1.71,Laterite,High,Semi-Arid,Organic + NPK
Andaman and Nicobar Islands,Andaman and Nicobar Islands District,Maize,Rabi,2022,20711,41007,1.98,Red,Medium,Tropical,NPK
Andaman and Nicobar Islands,Andaman and Nicobar Islands District,Soybean,Kharif,2022,6209,24898,4.01,Clay Loam,Low,Tropical,NPK
Andaman and Nicobar Islands,Andaman and Nicobar Islands District,Jowar,Kharif,2022,7476,16970,2.27,Black,High,Temperate,Organic + NPK
Andaman and Nicobar Islands,Andaman and Nicobar Islands District,Onion,Kharif,2022,12065,54895,4.55,Clay Loam,High,Tropical,Potash
Andaman and Nicobar Islands,Andaman and Nicobar Islands District,Rice,Kharif,2022,17970,76731,4.27,Sandy,High,Tropical,Potash
Andaman and Nicobar Islands,Andaman and Nicobar Islands District,Jowar,Zaid,2023,16203,25924,1.6,Black,Low,Mountain,Organic + NPK
Andaman and Nicobar Islands,Andaman and Nicobar Islands District,Apple,Kharif,2023,16097,63583,3.95,Black,High,Tropical,NPK
Andaman and Nicobar Islands,Andaman and Nicobar Islands District,Ragi,Zaid,2023,1661,8188,4.93,Red,Low,Tropical,NPK
Andaman and Nicobar Islands,Andaman and Nicobar Islands District,Onion,Zaid,2023,24527,53468,2.18,Loam,High,Tropical,NPK
Andaman and Nicobar Islands,Andaman and Nicobar Islands District,Cotton,Rabi,2023,5725,22900,4,Red,Medium,Temperate,NPK
Andaman and Nicobar Islands,Andaman and Nicobar Islands District,Coconut,Kharif,2023,16178,90758,5.61,Black,Low,Mountain,NPK
Andaman and Nicobar Islands,Andaman and Nicobar Islands District,Maize,Zaid,2023,7230,37162,5.14,Clay Loam,Low,Semi-Arid,NPK
Andaman and Nicobar Islands,Andaman and Nicobar Islands District,Jute,Rabi,2023,28479,156919,5.51,Sandy,High,Tropical,DAP + Urea
Andaman and Nicobar Islands,Andaman and Nicobar Islands District,Cotton,Rabi,2023,22730,120014,5.28,Laterite,Low,Semi-Arid,Potash
Andaman and Nicobar Islands,Andaman and Nicobar Islands District,Mustard,Zaid,2023,23927,89008,3.72,Alluvial,Low,Humid,DAP + Urea
Andaman and Nicobar Islands,Andaman and Nicobar Islands District,Bajra,Rabi,2023,2847,11729,4.12,Alluvial,Medium,Mountain,DAP + Urea
Andaman and Nicobar Islands,Andaman and Nicobar Islands District,Sugarcane,Kharif,2023,20757,39853,1.92,Sandy,High,Mountain,NPK
Andaman and Nicobar Islands,Andaman and Nicobar Islands District,Apple,Kharif,2024,15644,63671,4.07,Loam,High,Mountain,Urea
Andaman and Nicobar Islands,Andaman and Nicobar Islands District,Cotton,Kharif,2024,3711,22043,5.94,Laterite,High,Humid,Urea
Andaman and Nicobar Islands,Andaman and Nicobar Islands District,Rubber,Zaid,2024,11578,36586,3.16,Alluvial,Medium,Semi-Arid,DAP + Urea
Andaman and Nicobar Islands,Andaman and Nicobar Islands District,Groundnut,Rabi,2024,12981,41019,3.16,Red,High,Semi-Arid,Potash
Andaman and Nicobar Islands,Andaman and Nicobar Islands District,Soybean,Rabi,2024,26844,76773,2.86,Black,High,Humid,Urea
Andaman and Nicobar Islands,Andaman and Nicobar Islands District,Onion,Rabi,2024,580,1948,3.36,Red,High,Temperate,Potash
Andaman and Nicobar Islands,Andaman and Nicobar Islands District,Jowar,Zaid,2024,13354,21366,1.6,Red,High,Tropical,Organic + NPK
Andaman and Nicobar Islands,Andaman and Nicobar Islands District,Jowar,Kharif,2024,12322,48548,3.94,Loam,Low,Semi-Arid,Potash
Andaman and Nicobar Islands,Andaman and Nicobar Islands District,Maize,Zaid,2024,803,1501,1.87,Red,Medium,Semi-Arid,Urea
Andaman and Nicobar Islands,Andaman and Nicobar Islands District,Cotton,Zaid,2024,2676,5244,1.96,Laterite,High,Tropical,Potash
Andaman and Nicobar Islands,Andaman and Nicobar Islands District,Onion,Zaid,2024,10910,28584,2.62,Alluvial,Medium,Humid,DAP + Urea
Andaman and Nicobar Islands,Andaman and Nicobar Islands District,Onion,Rabi,2024,29331,89459,3.05,Loam,Low,Semi-Arid,DAP + Urea
Andaman and Nicobar Islands,Andaman and Nicobar Islands District,Cotton,Kharif,2025,8254,22698,2.75,Laterite,Low,Temperate,DAP + Urea
Andaman and Nicobar Islands,Andaman and Nicobar Islands District,Coconut,Kharif,2025,21387,83623,3.91,Sandy,Low,Temperate,DAP + Urea
Andaman and Nicobar Islands,Andaman and Nicobar Islands District,Tea,Zaid,2025,8116,15339,1.89,Black,High,Temperate,DAP + Urea
Andaman and Nicobar Islands,Andaman and Nicobar Islands District,Mustard,Rabi,2025,27761,75509,2.72,Sandy,Low,Humid,NPK
Andaman and Nicobar Islands,Andaman and Nicobar Islands District,Mustard,Kharif,2025,8174,21906,2.68,Loam,Medium,Tropical,Potash
Andaman and Nicobar Islands,Andaman and Nicobar Islands District,Cotton,Rabi,2025,24635,132043,5.36,Black,Low,Semi-Arid,Organic + NPK
Andaman and Nicobar Islands,Andaman and Nicobar Islands District,Groundnut,Kharif,2025,27433,50476,1.84,Black,Medium,Temperate,DAP + Urea
Andaman and Nicobar Islands,Andaman and Nicobar Islands District,Banana,Zaid,2025,24340,103201,4.24,Clay Loam,Low,Semi-Arid,Potash
Andaman and Nicobar Islands,Andaman and Nicobar Islands District,Onion,Zaid,2025,23474,121830,5.19,Clay Loam,Medium,Semi-Arid,Organic + NPK
Andaman and Nicobar Islands,Andaman and Nicobar Islands District,Coconut,Zaid,2025,24569,126776,5.16,Red,High,Mountain,Organic + NPK
Andaman and Nicobar Islands,Andaman and Nicobar Islands District,Cotton,Rabi,2025,6702,21245,3.17,Laterite,High,Mountain,Potash
Andaman and Nicobar Islands,Andaman and Nicobar Islands District,Potato,Zaid,2025,13325,67024,5.03,Laterite,High,Mountain,Potash
Chandigarh,Chandigarh District,Jute,Kharif,2016,7096,24836,3.5,Laterite,Low,Semi-Arid,NPK
Chandigarh,Chandigarh District,Tea,Rabi,2016,23770,132398,5.57,Red,Medium,Semi-Arid,Urea
Chandigarh,Chandigarh District,Soybean,Rabi,2016,5263,14789,2.81,Clay Loam,Medium,Tropical,Potash
Chandigarh,Chandigarh District,Groundnut,Kharif,2016,17276,103656,6,Loam,Low,Tropical,Potash
Chandigarh,Chandigarh District,Mustard,Rabi,2016,22727,74999,3.3,Sandy,Medium,Mountain,DAP + Urea
Chandigarh,Chandigarh District,Onion,Zaid,2016,5050,13736,2.72,Loam,Medium,Humid,Organic + NPK
Chandigarh,Chandigarh District,Jowar,Zaid,2016,11141,50134,4.5,Red,High,Temperate,NPK
Chandigarh,Chandigarh District,Sugarcane,Rabi,2016,11179,38679,3.46,Clay Loam,Low,Mountain,Organic + NPK
Chandigarh,Chandigarh District,Cotton,Rabi,2016,27383,143760,5.25,Alluvial,Medium,Tropical,Organic + NPK
Chandigarh,Chandigarh District,Cotton,Kharif,2016,25554,131603,5.15,Clay Loam,Medium,Temperate,Urea
Chandigarh,Chandigarh District,Cotton,Rabi,2016,27297,124747,4.57,Black,Medium,Tropical,NPK
Chandigarh,Chandigarh District,Groundnut,Kharif,2016,25517,95178,3.73,Clay Loam,Medium,Temperate,Urea
Chandigarh,Chandigarh District,Soybean,Rabi,2017,22778,128695,5.65,Alluvial,Low,Semi-Arid,Organic + NPK
Chandigarh,Chandigarh District,Rice,Kharif,2017,20777,84977,4.09,Sandy,Low,Semi-Arid,Potash
Chandigarh,Chandigarh District,Groundnut,Rabi,2017,22746,93486,4.11,Alluvial,Medium,Mountain,Urea
Chandigarh,Chandigarh District,Wheat,Zaid,2017,1958,9946,5.08,Laterite,High,Semi-Arid,Organic + NPK
Chandigarh,Chandigarh District,Cotton,Zaid,2017,9298,39888,4.29,Alluvial,High,Temperate,Organic + NPK
Chandigarh,Chandigarh District,Cotton,Kharif,2017,6259,19340,3.09,Clay Loam,High,Semi-Arid,DAP + Urea
Chandigarh,Chandigarh District,Wheat,Rabi,2017,4052,18760,4.63,Alluvial,High,Humid,DAP + Urea
Chandigarh,Chandigarh District,Mustard,Kharif,2017,20605,84480,4.1,Red,Low,Mountain,NPK
Chandigarh,Chandigarh District,Soybean,Rabi,2017,4335,9320,2.15,Red,High,Tropical,DAP + Urea
Chandigarh,Chandigarh District,Banana,Rabi,2017,22653,79738,3.52,Loam,Low,Tropical,Organic + NPK
Chandigarh,Chandigarh District,Groundnut,Rabi,2017,5053,25669,5.08,Black,Low,Tropical,Organic + NPK
Chandigarh,Chandigarh District,Ragi,Rabi,2017,7003,11554,1.65,Loam,Low,Tropical,NPK
Chandigarh,Chandigarh District,Coconut,Rabi,2018,20170,46391,2.3,Alluvial,Low,Tropical,NPK
Chandigarh,Chandigarh District,Bajra,Zaid,2018,18143,93073,5.13,Alluvial,Medium,Temperate,NPK
Chandigarh,Chandigarh District,Coffee,Kharif,2018,26549,101151,3.81,Loam,Medium,Temperate,NPK
Chandigarh,Chandigarh District,Rice,Kharif,2018,27743,143431,5.17,Loam,Low,Temperate,Organic + NPK
Chandigarh,Chandigarh District,Bajra,Zaid,2018,680,1380,2.03,Loam,Medium,Temperate,Potash
Chandigarh,Chandigarh District,Sugarcane,Zaid,2018,10885,26341,2.42,Alluvial,High,Mountain,NPK
Chandigarh,Chandigarh District,Jowar,Kharif,2018,16699,41914,2.51,Loam,High,Semi-Arid,Organic + NPK
Chandigarh,Chandigarh District,Jowar,Zaid,2018,14314,27482,1.92,Sandy,Low,Temperate,Potash
Chandigarh,Chandigarh District,Onion,Zaid,2018,12589,68987,5.48,Sandy,Medium,Temperate,DAP + Urea
Chandigarh,Chandigarh District,Sugarcane,Kharif,2018,13004,30819,2.37,Red,Medium,Temperate,Urea
Chandigarh,Chandigarh District,Coconut,Kharif,2018,4333,17548,4.05,Black,Low,Humid,Potash
Chandigarh,Chandigarh District,Potato,Zaid,2018,23383,111770,4.78,Black,Low,Humid,Potash
Chandigarh,Chandigarh District,Rubber,Rabi,2019,2777,14384,5.18,Sandy,High,Mountain,DAP + Urea
Chandigarh,Chandigarh District,Mustard,Zaid,2019,2833,10538,3.72,Sandy,High,Tropical,NPK
Chandigarh,Chandigarh District,Ragi,Kharif,2019,26668,63469,2.38,Clay Loam,Low,Semi-Arid,DAP + Urea
Chandigarh,Chandigarh District,Rice,Kharif,2019,22672,127416,5.62,Laterite,Medium,Humid,Urea
Chandigarh,Chandigarh District,Coffee,Kharif,2019,11923,66053,5.54,Sandy,Medium,Temperate,NPK
Chandigarh,Chandigarh District,Mustard,Zaid,2019,5397,27632,5.12,Black,Low,Semi-Arid,Urea
Chandigarh,Chandigarh District,Ragi,Kharif,2019,11774,18956,1.61,Alluvial,Low,Temperate,Organic + NPK
Chandigarh,Chandigarh District,Mustard,Kharif,2019,2483,10354,4.17,Red,Low,Humid,Organic + NPK
Chandigarh,Chandigarh District,Coffee,Zaid,2019,26656,83699,3.14,Sandy,High,Mountain,NPK
Chandigarh,Chandigarh District,Soybean,Zaid,2019,28054,145319,5.18,Red,Medium,Humid,DAP + Urea
Chandigarh,Chandigarh District,Potato,Kharif,2019,23167,50735,2.19,Clay Loam,High,Tropical,NPK
Chandigarh,Chandigarh District,Bajra,Zaid,2019,16674,66862,4.01,Loam,Low,Humid,Organic + NPK
Chandigarh,Chandigarh District,Banana,Rabi,2020,10108,42857,4.24,Red,Medium,Humid,Urea
Chandigarh,Chandigarh District,Tea,Rabi,2020,26512,120364,4.54,Sandy,High,Semi-Arid,Potash
Chandigarh,Chandigarh District,Tea,Kharif,2020,14978,76387,5.1,Loam,Medium,Semi-Arid,Organic + NPK
Chandigarh,Chandigarh District,Maize,Zaid,2020,22633,96642,4.27,Laterite,Low,Semi-Arid,Organic + NPK
Chandigarh,Chandigarh District,Potato,Zaid,2020,11755,38556,3.28,Laterite,Low,Semi-Arid,Potash
Chandigarh,Chandigarh District,Cotton,Rabi,2020,3498,20813,5.95,Sandy,Medium,Humid,Organic + NPK
Chandigarh,Chandigarh District,Bajra,Rabi,2020,29338,80972,2.76,Laterite,High,Semi-Arid,Urea
Chandigarh,Chandigarh District,Tea,Kharif,2020,6428,25004,3.89,Black,Low,Humid,Potash
Chandigarh,Chandigarh District,Maize,Rabi,2020,1982,7273,3.67,Black,Low,Mountain,Organic + NPK
Chandigarh,Chandigarh District,Soybean,Zaid,2020,3977,22112,5.56,Alluvial,High,Temperate,DAP + Urea
Chandigarh,Chandigarh District,Tea,Zaid,2020,9480,52708,5.56,Alluvial,Medium,Humid,NPK
Chandigarh,Chandigarh District,Ragi,Kharif,2020,17252,79704,4.62,Black,Medium,Tropical,Potash
Chandigarh,Chandigarh District,Rice,Zaid,2021,11677,17632,1.51,Loam,High,Semi-Arid,Organic + NPK
Chandigarh,Chandigarh District,Jowar,Rabi,2021,13439,47842,3.56,Red,Medium,Semi-Arid,Potash
Chandigarh,Chandigarh District,Bajra,Rabi,2021,9227,20945,2.27,Red,High,Humid,NPK
Chandigarh,Chandigarh District,Ragi,Kharif,2021,21065,80257,3.81,Red,Medium,Humid,DAP + Urea
Chandigarh,Chandigarh District,Cotton,Rabi,2021,6471,29184,4.51,Alluvial,High,Humid,Potash
Chandigarh,Chandigarh District,Jute,Zaid,2021,8580,40840,4.76,Laterite,Low,Semi-Arid,DAP + Urea
Chandigarh,Chandigarh District,Rubber,Kharif,2021,11108,22771,2.05,Sandy,Low,Semi-Arid,DAP + Urea
Chandigarh,Chandigarh District,Tea,Rabi,2021,1849,6878,3.72,Clay Loam,Medium,Humid,Potash
Chandigarh,Chandigarh District,Cotton,Zaid,2021,12965,49137,3.79,Alluvial,Low,Mountain,Potash
Chandigarh,Chandigarh District,Bajra,Zaid,2021,9435,33494,3.55,Loam,High,Semi-Arid,DAP + Urea
Chandigarh,Chandigarh District,Rice,Rabi,2021,28921,157908,5.46,Black,High,Tropical,Potash
Chandigarh,Chandigarh District,Groundnut,Rabi,2021,2478,13034,5.26,Laterite,Low,Temperate,DAP + Urea
Chandigarh,Chandigarh District,Maize,Rabi,2022,10146,22219,2.19,Sandy,Medium,Semi-Arid,Organic + NPK
Chandigarh,Chandigarh District,Tea,Kharif,2022,21932,52856,2.41,Red,Medium,Mountain,DAP + Urea
Chandigarh,Chandigarh District,Cotton,Kharif,2022,14853,48272,3.25,Alluvial,Low,Mountain,Potash
Chandigarh,Chandigarh District,Maize,Rabi,2022,7663,39234,5.12,Alluvial,Low,Semi-Arid,Organic + NPK
Chandigarh,Chandigarh District,Coconut,Rabi,2022,19109,59428,3.11,Alluvial,Medium,Mountain,NPK
Chandigarh,Chandigarh District,Coffee,Kharif,2022,11448,58613,5.12,Loam,Low,Humid,DAP + Urea
Chandigarh,Chandigarh District,Banana,Kharif,2022,28977,117356,4.05,Alluvial,High,Tropical,Urea
Chandigarh,Chandigarh District,Rice,Rabi,2022,7033,10549,1.5,Loam,High,Mountain,Organic + NPK
Chandigarh,Chandigarh District,Coconut,Rabi,2022,24516,50257,2.05,Black,High,Humid,Potash
Chandigarh,Chandigarh District,Soybean,Kharif,2022,9424,35999,3.82,Alluvial,Low,Temperate,Organic + NPK
Chandigarh,Chandigarh District,Banana,Kharif,2022,17183,78526,4.57,Clay Loam,Low,Mountain,DAP + Urea
Chandigarh,Chandigarh District,Jowar,Kharif,2022,21726,41713,1.92,Alluvial,High,Humid,Potash
Chandigarh,Chandigarh District,Potato,Rabi,2023,28241,118894,4.21,Black,High,Mountain,Potash
Chandigarh,Chandigarh District,Ragi,Kharif,2023,11829,59381,5.02,Sandy,High,Tropical,Organic + NPK
Chandigarh,Chandigarh District,Bajra,Zaid,2023,24276,46367,1.91,Red,Low,Tropical,Urea
Chandigarh,Chandigarh District,Banana,Rabi,2023,26095,121602,4.66,Clay Loam,High,Humid,Organic + NPK
Chandigarh,Chandigarh District,Wheat,Zaid,2023,597,2811,4.71,Loam,Low,Humid,DAP + Urea
Chandigarh,Chandigarh District,Soybean,Zaid,2023,5872,17028,2.9,Red,Medium,Humid,Urea
Chandigarh,Chandigarh District,Mustard,Zaid,2023,10643,23946,2.25,Laterite,Low,Semi-Arid,Urea
Chandigarh,Chandigarh District,Coconut,Rabi,2023,11372,54244,4.77,Alluvial,Medium,Humid,NPK
Chandigarh,Chandigarh District,Mustard,Kharif,2023,4903,27211,5.55,Sandy,Medium,Humid,Urea
Chandigarh,Chandigarh District,Ragi,Kharif,2023,29749,68125,2.29,Black,Medium,Mountain,Urea
Chandigarh,Chandigarh District,Sugarcane,Zaid,2023,19253,61417,3.19,Red,Medium,Semi-Arid,Organic + NPK
Chandigarh,Chandigarh District,Rice,Kharif,2023,10743,21056,1.96,Sandy,High,Semi-Arid,Organic + NPK
Chandigarh,Chandigarh District,Banana,Zaid,2024,9079,28235,3.11,Loam,High,Tropical,NPK
Chandigarh,Chandigarh District,Rice,Rabi,2024,11205,34959,3.12,Clay Loam,High,Semi-Arid,DAP + Urea
Chandigarh,Chandigarh District,Onion,Zaid,2024,20586,50847,2.47,Alluvial,Low,Temperate,Potash
Chandigarh,Chandigarh District,Rubber,Zaid,2024,19683,116523,5.92,Laterite,Low,Mountain,Organic + NPK
Chandigarh,Chandigarh District,Tea,Rabi,2024,12644,54369,4.3,Black,High,Tropical,NPK
Chandigarh,Chandigarh District,Cotton,Kharif,2024,21767,118630,5.45,Clay Loam,Low,Semi-Arid,Organic + NPK
Chandigarh,Chandigarh District,Wheat,Rabi,2024,26056,39084,1.5,Laterite,Low,Semi-Arid,Potash
Chandigarh,Chandigarh District,Jowar,Kharif,2024,26989,155456,5.76,Clay Loam,Medium,Tropical,Potash
Chandigarh,Chandigarh District,Maize,Rabi,2024,3202,15369,4.8,Sandy,High,Tropical,NPK
Chandigarh,Chandigarh District,Wheat,Zaid,2024,9531,38600,4.05,Clay Loam,High,Humid,Potash
Chandigarh,Chandigarh District,Jowar,Zaid,2024,17241,77756,4.51,Laterite,High,Temperate,Organic + NPK
Chandigarh,Chandigarh District,Maize,Kharif,2024,6345,37816,5.96,Laterite,High,Temperate,Urea
Chandigarh,Chandigarh District,Bajra,Kharif,2025,24487,47504,1.94,Red,Low,Semi-Arid,DAP + Urea
Chandigarh,Chandigarh District,Potato,Zaid,2025,3857,7598,1.97,Black,High,Mountain,Organic + NPK
Chandigarh,Chandigarh District,Sugarcane,Rabi,2025,5240,15300,2.92,Red,Low,Semi-Arid,Potash
Chandigarh,Chandigarh District,Tea,Rabi,2025,3235,9316,2.88,Alluvial,Low,Mountain,Organic + NPK
Chandigarh,Chandigarh District,Ragi,Zaid,2025,13113,55861,4.26,Laterite,Low,Mountain,DAP + Urea
Chandigarh,Chandigarh District,Mustard,Zaid,2025,4899,11659,2.38,Loam,Low,Temperate,Organic + NPK
Chandigarh,Chandigarh District,Rice,Kharif,2025,13273,25616,1.93,Red,High,Humid,Urea
Chandigarh,Chandigarh District,Soybean,Rabi,2025,21153,57747,2.73,Sandy,High,Humid,Organic + NPK
Chandigarh,Chandigarh District,Cotton,Zaid,2025,19802,54455,2.75,Alluvial,Medium,Humid,Urea
Chandigarh,Chandigarh District,Bajra,Kharif,2025,11132,26828,2.41,Sandy,High,Tropical,NPK
Chandigarh,Chandigarh District,Jute,Zaid,2025,12973,67070,5.17,Loam,Low,Temperate,NPK
Chandigarh,Chandigarh District,Groundnut,Rabi,2025,6913,30209,4.37,Red,Medium,Temperate,DAP + Urea
Dadra and Nagar Haveli and Daman and Diu,Dadra and Nagar Haveli and Daman and Diu District,Jute,Rabi,2016,3035,8680,2.86,Black,Medium,Mountain,Potash
Dadra and Nagar Haveli and Daman and Diu,Dadra and Nagar Haveli and Daman and Diu District,Potato,Rabi,2016,21494,124235,5.78,Laterite,Low,Mountain,DAP + Urea
Dadra and Nagar Haveli and Daman and Diu,Dadra and Nagar Haveli and Daman and Diu District,Rubber,Rabi,2016,11761,39987,3.4,Loam,Medium,Humid,Potash
Dadra and Nagar Haveli and Daman and Diu,Dadra and Nagar Haveli and Daman and Diu District,Tea,Rabi,2016,19912,78055,3.92,Black,High,Humid,Urea
Dadra and Nagar Haveli and Daman and Diu,Dadra and Nagar Haveli and Daman and Diu District,Maize,Rabi,2016,15054,38839,2.58,Red,High,Humid,DAP + Urea
Dadra and Nagar Haveli and Daman and Diu,Dadra and Nagar Haveli and Daman and Diu District,Bajra,Rabi,2016,8780,18262,2.08,Clay Loam,High,Temperate,Potash
Dadra and Nagar Haveli and Daman and Diu,Dadra and Nagar Haveli and Daman and Diu District,Potato,Kharif,2016,22029,130411,5.92,Alluvial,Medium,Humid,NPK
Dadra and Nagar Haveli and Daman and Diu,Dadra and Nagar Haveli and Daman and Diu District,Tea,Kharif,2016,7072,22488,3.18,Black,Low,Temperate,DAP + Urea
Dadra and Nagar Haveli and Daman and Diu,Dadra and Nagar Haveli and Daman and Diu District,Rubber,Zaid,2016,15544,63574,4.09,Alluvial,Medium,Humid,DAP + Urea
Dadra and Nagar Haveli and Daman and Diu,Dadra and Nagar Haveli and Daman and Diu District,Groundnut,Zaid,2016,23912,85126,3.56,Sandy,High,Humid,Organic + NPK
Dadra and Nagar Haveli and Daman and Diu,Dadra and Nagar Haveli and Daman and Diu District,Jute,Kharif,2016,8618,39815,4.62,Black,Low,Temperate,NPK
Dadra and Nagar Haveli and Daman and Diu,Dadra and Nagar Haveli and Daman and Diu District,Coconut,Zaid,2016,14919,34761,2.33,Clay Loam,Low,Temperate,Organic + NPK
Dadra and Nagar Haveli and Daman and Diu,Dadra and Nagar Haveli and Daman and Diu District,Potato,Rabi,2017,6260,36370,5.81,Red,High,Temperate,Organic + NPK
Dadra and Nagar Haveli and Daman and Diu,Dadra and Nagar Haveli and Daman and Diu District,Onion,Rabi,2017,26083,108244,4.15,Black,Medium,Mountain,Organic + NPK
Dadra and Nagar Haveli and Daman and Diu,Dadra and Nagar Haveli and Daman and Diu District,Sugarcane,Kharif,2017,7894,46495,5.89,Black,High,Mountain,Organic + NPK
Dadra and Nagar Haveli and Daman and Diu,Dadra and Nagar Haveli and Daman and Diu District,Jowar,Kharif,2017,2320,5730,2.47,Loam,High,Tropical,Urea
Dadra and Nagar Haveli and Daman and Diu,Dadra and Nagar Haveli and Daman and Diu District,Sugarcane,Kharif,2017,26911,86922,3.23,Laterite,Medium,Humid,Urea
Dadra and Nagar Haveli and Daman and Diu,Dadra and Nagar Haveli and Daman and Diu District,Potato,Rabi,2017,8437,42691,5.06,Sandy,Medium,Temperate,DAP + Urea
Dadra and Nagar Haveli and Daman and Diu,Dadra and Nagar Haveli and Daman and Diu District,Jute,Rabi,2017,22866,53049,2.32,Black,Low,Mountain,DAP + Urea
Dadra and Nagar Haveli and Daman and Diu,Dadra and Nagar Haveli and Daman and Diu District,Coconut,Rabi,2017,29139,131999,4.53,Red,Medium,Humid,Potash
Dadra and Nagar Haveli and Daman and Diu,Dadra and Nagar Haveli and Daman and Diu District,Coconut,Kharif,2017,7686,21136,2.75,Loam,Medium,Mountain,Potash
Dadra and Nagar Haveli and Daman and Diu,Dadra and Nagar Haveli and Daman and Diu District,Groundnut,Zaid,2017,2110,3966,1.88,Clay Loam,High,Mountain,Urea
Dadra and Nagar Haveli and Daman and Diu,Dadra and Nagar Haveli and Daman and Diu District,Banana,Zaid,2017,5143,27052,5.26,Alluvial,Low,Mountain,NPK
Dadra and Nagar Haveli and Daman and Diu,Dadra and Nagar Haveli and Daman and Diu District,Rubber,Kharif,2017,16012,88066,5.5,Alluvial,Low,Tropical,Potash
Dadra and Nagar Haveli and Daman and Diu,Dadra and Nagar Haveli and Daman and Diu District,Cotton,Rabi,2018,25791,118380,4.59,Clay Loam,Low,Mountain,Urea
Dadra and Nagar Haveli and Daman and Diu,Dadra and Nagar Haveli and Daman and Diu District,Cotton,Kharif,2018,4826,9314,1.93,Red,High,Tropical,Potash
Dadra and Nagar Haveli and Daman and Diu,Dadra and Nagar Haveli and Daman and Diu District,Groundnut,Zaid,2018,19387,31988,1.65,Laterite,High,Semi-Arid,NPK
Dadra and Nagar Haveli and Daman and Diu,Dadra and Nagar Haveli and Daman and Diu District,Coconut,Kharif,2018,17939,42515,2.37,Red,High,Tropical,Organic + NPK
Dadra and Nagar Haveli and Daman and Diu,Dadra and Nagar Haveli and Daman and Diu District,Sugarcane,Kharif,2018,19707,107600,5.46,Clay Loam,Medium,Temperate,DAP + Urea
Dadra and Nagar Haveli and Daman and Diu,Dadra and Nagar Haveli and Daman and Diu District,Jute,Kharif,2018,10748,58469,5.44,Clay Loam,Medium,Temperate,Potash
Dadra and Nagar Haveli and Daman and Diu,Dadra and Nagar Haveli and Daman and Diu District,Onion,Kharif,2018,4940,9880,2,Sandy,High,Tropical,DAP + Urea
Dadra and Nagar Haveli and Daman and Diu,Dadra and Nagar Haveli and Daman and Diu District,Soybean,Kharif,2018,1627,9631,5.92,Sandy,Low,Temperate,NPK
Dadra and Nagar Haveli and Daman and Diu,Dadra and Nagar Haveli and Daman and Diu District,Banana,Zaid,2018,26750,158627,5.93,Clay Loam,High,Temperate,DAP + Urea
Dadra and Nagar Haveli and Daman and Diu,Dadra and Nagar Haveli and Daman and Diu District,Rice,Kharif,2018,17104,65679,3.84,Alluvial,Medium,Tropical,Urea
Dadra and Nagar Haveli and Daman and Diu,Dadra and Nagar Haveli and Daman and Diu District,Jowar,Rabi,2018,5843,22787,3.9,Red,High,Semi-Arid,NPK
Dadra and Nagar Haveli and Daman and Diu,Dadra and Nagar Haveli and Daman and Diu District,Wheat,Rabi,2018,5905,23029,3.9,Red,Medium,Mountain,NPK
Dadra and Nagar Haveli and Daman and Diu,Dadra and Nagar Haveli and Daman and Diu District,Apple,Zaid,2019,12846,40336,3.14,Loam,Low,Temperate,Organic + NPK
Dadra and Nagar Haveli and Daman and Diu,Dadra and Nagar Haveli and Daman and Diu District,Tea,Kharif,2019,14482,27081,1.87,Sandy,Low,Tropical,Organic + NPK
Dadra and Nagar Haveli and Daman and Diu,Dadra and Nagar Haveli and Daman and Diu District,Potato,Zaid,2019,19801,78609,3.97,Alluvial,High,Tropical,DAP + Urea
Dadra and Nagar Haveli and Daman and Diu,Dadra and Nagar Haveli and Daman and Diu District,Apple,Zaid,2019,23078,99696,4.32,Sandy,High,Tropical,NPK
Dadra and Nagar Haveli and Daman and Diu,Dadra and Nagar Haveli and Daman and Diu District,Onion,Zaid,2019,26718,100994,3.78,Clay Loam,High,Semi-Arid,Urea
Dadra and Nagar Haveli and Daman and Diu,Dadra and Nagar Haveli and Daman and Diu District,Apple,Rabi,2019,9431,29707,3.15,Loam,Low,Mountain,Urea
Dadra and Nagar Haveli and Daman and Diu,Dadra and Nagar Haveli and Daman and Diu District,Wheat,Zaid,2019,3109,18187,5.85,Sandy,Medium,Humid,Potash
Dadra and Nagar Haveli and Daman and Diu,Dadra and Nagar Haveli and Daman and Diu District,Soybean,Kharif,2019,10997,21994,2,Clay Loam,Medium,Humid,Organic + NPK
Dadra and Nagar Haveli and Daman and Diu,Dadra and Nagar Haveli and Daman and Diu District,Onion,Kharif,2019,24118,80554,3.34,Loam,Medium,Mountain,Urea
Dadra and Nagar Haveli and Daman and Diu,Dadra and Nagar Haveli and Daman and Diu District,Wheat,Rabi,2019,25795,102664,3.98,Laterite,High,Tropical,DAP + Urea
Dadra and Nagar Haveli and Daman and Diu,Dadra and Nagar Haveli and Daman and Diu District,Potato,Kharif,2019,26331,79256,3.01,Sandy,Low,Humid,Potash
Dadra and Nagar Haveli and Daman and Diu,Dadra and Nagar Haveli and Daman and Diu District,Soybean,Zaid,2019,3413,5836,1.71,Alluvial,Medium,Semi-Arid,NPK
Dadra and Nagar Haveli and Daman and Diu,Dadra and Nagar Haveli and Daman and Diu District,Ragi,Rabi,2020,13294,42009,3.16,Loam,Low,Tropical,Potash
Dadra and Nagar Haveli and Daman and Diu,Dadra and Nagar Haveli and Daman and Diu District,Coffee,Kharif,2020,12139,48798,4.02,Sandy,High,Temperate,Urea
Dadra and Nagar Haveli and Daman and Diu,Dadra and Nagar Haveli and Daman and Diu District,Tea,Rabi,2020,15602,63812,4.09,Clay Loam,High,Semi-Arid,NPK
Dadra and Nagar Haveli and Daman and Diu,Dadra and Nagar Haveli and Daman and Diu District,Sugarcane,Zaid,2020,13725,71370,5.2,Alluvial,Medium,Semi-Arid,Potash
Dadra and Nagar Haveli and Daman and Diu,Dadra and Nagar Haveli and Daman and Diu District,Sugarcane,Zaid,2020,9301,44737,4.81,Clay Loam,Low,Tropical,DAP + Urea
Dadra and Nagar Haveli and Daman and Diu,Dadra and Nagar Haveli and Daman and Diu District,Groundnut,Rabi,2020,18719,111003,5.93,Black,Low,Semi-Arid,Organic + NPK
Dadra and Nagar Haveli and Daman and Diu,Dadra and Nagar Haveli and Daman and Diu District,Cotton,Rabi,2020,19822,31715,1.6,Sandy,Low,Mountain,Urea
Dadra and Nagar Haveli and Daman and Diu,Dadra and Nagar Haveli and Daman and Diu District,Jute,Zaid,2020,27088,151151,5.58,Clay Loam,Medium,Temperate,Urea
Dadra and Nagar Haveli and Daman and Diu,Dadra and Nagar Haveli and Daman and Diu District,Potato,Zaid,2020,12264,59480,4.85,Clay Loam,Medium,Temperate,NPK
Dadra and Nagar Haveli and Daman and Diu,Dadra and Nagar Haveli and Daman and Diu District,Coconut,Zaid,2020,11365,23639,2.08,Laterite,Medium,Temperate,DAP + Urea
Dadra and Nagar Haveli and Daman and Diu,Dadra and Nagar Haveli and Daman and Diu District,Tea,Zaid,2020,1256,6594,5.25,Sandy,Low,Mountain,Potash
Dadra and Nagar Haveli and Daman and Diu,Dadra and Nagar Haveli and Daman and Diu District,Sugarcane,Rabi,2020,28680,60228,2.1,Black,Low,Semi-Arid,NPK
Dadra and Nagar Haveli and Daman and Diu,Dadra and Nagar Haveli and Daman and Diu District,Tea,Zaid,2021,11592,26197,2.26,Black,High,Mountain,Urea
Dadra and Nagar Haveli and Daman and Diu,Dadra and Nagar Haveli and Daman and Diu District,Apple,Kharif,2021,8622,26641,3.09,Laterite,Medium,Tropical,Organic + NPK
Dadra and Nagar Haveli and Daman and Diu,Dadra and Nagar Haveli and Daman and Diu District,Rubber,Zaid,2021,27672,55620,2.01,Sandy,Low,Mountain,Urea
Dadra and Nagar Haveli and Daman and Diu,Dadra and Nagar Haveli and Daman and Diu District,Cotton,Rabi,2021,13180,65636,4.98,Sandy,High,Semi-Arid,NPK
Dadra and Nagar Haveli and Daman and Diu,Dadra and Nagar Haveli and Daman and Diu District,Potato,Zaid,2021,17300,84943,4.91,Red,Low,Semi-Arid,NPK
Dadra and Nagar Haveli and Daman and Diu,Dadra and Nagar Haveli and Daman and Diu District,Jute,Kharif,2021,5922,30853,5.21,Loam,High,Temperate,NPK
Dadra and Nagar Haveli and Daman and Diu,Dadra and Nagar Haveli and Daman and Diu District,Apple,Zaid,2021,17218,63362,3.68,Alluvial,Low,Humid,Urea
Dadra and Nagar Haveli and Daman and Diu,Dadra and Nagar Haveli and Daman and Diu District,Maize,Kharif,2021,4591,12349,2.69,Black,Medium,Semi-Arid,NPK
Dadra and Nagar Haveli and Daman and Diu,Dadra and Nagar Haveli and Daman and Diu District,Apple,Kharif,2021,26213,83881,3.2,Clay Loam,Medium,Tropical,Urea
Dadra and Nagar Haveli and Daman and Diu,Dadra and Nagar Haveli and Daman and Diu District,Mustard,Zaid,2021,11258,30058,2.67,Clay Loam,Low,Mountain,Urea
Dadra and Nagar Haveli and Daman and Diu,Dadra and Nagar Haveli and Daman and Diu District,Wheat,Kharif,2021,28404,90040,3.17,Alluvial,High,Temperate,Potash
Dadra and Nagar Haveli and Daman and Diu,Dadra and Nagar Haveli and Daman and Diu District,Rice,Rabi,2021,2157,11561,5.36,Alluvial,Medium,Semi-Arid,Potash
Dadra and Nagar Haveli and Daman and Diu,Dadra and Nagar Haveli and Daman and Diu District,Tea,Rabi,2022,26130,103997,3.98,Alluvial,Medium,Humid,Urea
Dadra and Nagar Haveli and Daman and Diu,Dadra and Nagar Haveli and Daman and Diu District,Tea,Zaid,2022,8305,28070,3.38,Clay Loam,Low,Mountain,Organic + NPK
Dadra and Nagar Haveli and Daman and Diu,Dadra and Nagar Haveli and Daman and Diu District,Coconut,Zaid,2022,24125,46078,1.91,Loam,High,Mountain,NPK
Dadra and Nagar Haveli and Daman and Diu,Dadra and Nagar Haveli and Daman and Diu District,Groundnut,Zaid,2022,26964,44220,1.64,Alluvial,High,Humid,Urea
Dadra and Nagar Haveli and Daman and Diu,Dadra and Nagar Haveli and Daman and Diu District,Mustard,Zaid,2022,14384,71344,4.96,Alluvial,High,Semi-Arid,Potash
Dadra and Nagar Haveli and Daman and Diu,Dadra and Nagar Haveli and Daman and Diu District,Bajra,Rabi,2022,27049,139572,5.16,Red,Low,Mountain,Urea
Dadra and Nagar Haveli and Daman and Diu,Dadra and Nagar Haveli and Daman and Diu District,Bajra,Kharif,2022,27631,143957,5.21,Alluvial,High,Semi-Arid,Urea
Dadra and Nagar Haveli and Daman and Diu,Dadra and Nagar Haveli and Daman and Diu District,Jowar,Kharif,2022,941,3688,3.92,Laterite,Medium,Humid,Potash
Dadra and Nagar Haveli and Daman and Diu,Dadra and Nagar Haveli and Daman and Diu District,Potato,Kharif,2022,15388,78786,5.12,Alluvial,Medium,Humid,Urea
Dadra and Nagar Haveli and Daman and Diu,Dadra and Nagar Haveli and Daman and Diu District,Maize,Rabi,2022,9031,19506,2.16,Loam,Low,Tropical,Organic + NPK
Dadra and Nagar Haveli and Daman and Diu,Dadra and Nagar Haveli and Daman and Diu District,Sugarcane,Kharif,2022,20530,117431,5.72,Red,Low,Humid,Organic + NPK
Dadra and Nagar Haveli and Daman and Diu,Dadra and Nagar Haveli and Daman and Diu District,Rice,Kharif,2022,12544,67612,5.39,Loam,Low,Tropical,Urea
Dadra and Nagar Haveli and Daman and Diu,Dadra and Nagar Haveli and Daman and Diu District,Coffee,Kharif,2023,27264,67887,2.49,Sandy,High,Humid,NPK
Dadra and Nagar Haveli and Daman and Diu,Dadra and Nagar Haveli and Daman and Diu District,Rice,Kharif,2023,8881,32593,3.67,Sandy,High,Tropical,Urea
Dadra and Nagar Haveli and Daman and Diu,Dadra and Nagar Haveli and Daman and Diu District,Maize,Kharif,2023,21092,100819,4.78,Laterite,High,Tropical,NPK
Dadra and Nagar Haveli and Daman and Diu,Dadra and Nagar Haveli and Daman and Diu District,Potato,Rabi,2023,12160,61164,5.03,Red,Low,Semi-Arid,Potash
Dadra and Nagar Haveli and Daman and Diu,Dadra and Nagar Haveli and Daman and Diu District,Coffee,Kharif,2023,22312,67605,3.03,Loam,Medium,Semi-Arid,Urea
Dadra and Nagar Haveli and Daman and Diu,Dadra and Nagar Haveli and Daman and Diu District,Potato,Rabi,2023,29266,170620,5.83,Sandy,High,Tropical,Organic + NPK
Dadra and Nagar Haveli and Daman and Diu,Dadra and Nagar Haveli and Daman and Diu District,Ragi,Rabi,2023,26299,152271,5.79,Clay Loam,Low,Temperate,Potash
Dadra and Nagar Haveli and Daman and Diu,Dadra and Nagar Haveli and Daman and Diu District,Ragi,Kharif,2023,28437,159815,5.62,Clay Loam,Low,Mountain,Urea
Dadra and Nagar Haveli and Daman and Diu,Dadra and Nagar Haveli and Daman and Diu District,Jowar,Rabi,2023,28277,168248,5.95,Red,Medium,Semi-Arid,DAP + Urea
Dadra and Nagar Haveli and Daman and Diu,Dadra and Nagar Haveli and Daman and Diu District,Mustard,Rabi,2023,24507,107830,4.4,Red,Low,Mountain,Potash
Dadra and Nagar Haveli and Daman and Diu,Dadra and Nagar Haveli and Daman and Diu District,Coconut,Rabi,2023,29294,158773,5.42,Alluvial,Low,Humid,NPK
Dadra and Nagar Haveli and Daman and Diu,Dadra and Nagar Haveli and Daman and Diu District,Coconut,Kharif,2023,13298,75399,5.67,Alluvial,Medium,Tropical,DAP + Urea
Dadra and Nagar Haveli and Daman and Diu,Dadra and Nagar Haveli and Daman and Diu District,Mustard,Kharif,2024,12696,40119,3.16,Alluvial,High,Tropical,NPK
Dadra and Nagar Haveli and Daman and Diu,Dadra and Nagar Haveli and Daman and Diu District,Jowar,Rabi,2024,13210,63936,4.84,Sandy,Low,Mountain,NPK
Dadra and Nagar Haveli and Daman and Diu,Dadra and Nagar Haveli and Daman and Diu District,Coconut,Kharif,2024,11187,54592,4.88,Red,Medium,Humid,Organic + NPK
Dadra and Nagar Haveli and Daman and Diu,Dadra and Nagar Haveli and Daman and Diu District,Coffee,Zaid,2024,728,2810,3.86,Red,Low,Semi-Arid,Urea
Dadra and Nagar Haveli and Daman and Diu,Dadra and Nagar Haveli and Daman and Diu District,Banana,Zaid,2024,22894,43727,1.91,Clay Loam,High,Humid,Organic + NPK
Dadra and Nagar Haveli and Daman and Diu,Dadra and Nagar Haveli and Daman and Diu District,Groundnut,Kharif,2024,8210,24630,3,Laterite,Medium,Semi-Arid,Urea
Dadra and Nagar Haveli and Daman and Diu,Dadra and Nagar Haveli and Daman and Diu District,Tea,Rabi,2024,19591,111276,5.68,Loam,High,Humid,NPK
Dadra and Nagar Haveli and Daman and Diu,Dadra and Nagar Haveli and Daman and Diu District,Coffee,Rabi,2024,28624,73277,2.56,Sandy,High,Mountain,Potash
Dadra and Nagar Haveli and Daman and Diu,Dadra and Nagar Haveli and Daman and Diu District,Jowar,Rabi,2024,23577,118120,5.01,Black,High,Semi-Arid,Urea
Dadra and Nagar Haveli and Daman and Diu,Dadra and Nagar Haveli and Daman and Diu District,Potato,Kharif,2024,18298,74106,4.05,Laterite,Low,Temperate,Organic + NPK
Dadra and Nagar Haveli and Daman and Diu,Dadra and Nagar Haveli and Daman and Diu District,Rice,Rabi,2024,17004,31627,1.86,Loam,Medium,Temperate,Urea
Dadra and Nagar Haveli and Daman and Diu,Dadra and Nagar Haveli and Daman and Diu District,Cotton,Zaid,2024,27864,82756,2.97,Black,Medium,Semi-Arid,Urea
Dadra and Nagar Haveli and Daman and Diu,Dadra and Nagar Haveli and Daman and Diu District,Banana,Kharif,2025,11302,27237,2.41,Alluvial,Low,Tropical,Potash
Dadra and Nagar Haveli and Daman and Diu,Dadra and Nagar Haveli and Daman and Diu District,Onion,Zaid,2025,13936,59367,4.26,Laterite,Low,Temperate,Organic + NPK
Dadra and Nagar Haveli and Daman and Diu,Dadra and Nagar Haveli and Daman and Diu District,Coffee,Kharif,2025,16384,65208,3.98,Laterite,High,Mountain,DAP + Urea
Dadra and Nagar Haveli and Daman and Diu,Dadra and Nagar Haveli and Daman and Diu District,Banana,Rabi,2025,13942,26768,1.92,Black,High,Semi-Arid,Urea
Dadra and Nagar Haveli and Daman and Diu,Dadra and Nagar Haveli and Daman and Diu District,Coconut,Kharif,2025,29932,119428,3.99,Clay Loam,Medium,Humid,NPK
Dadra and Nagar Haveli and Daman and Diu,Dadra and Nagar Haveli and Daman and Diu District,Wheat,Rabi,2025,23269,90981,3.91,Black,Low,Tropical,Organic + NPK
Dadra and Nagar Haveli and Daman and Diu,Dadra and Nagar Haveli and Daman and Diu District,Wheat,Rabi,2025,21665,108541,5.01,Black,Low,Temperate,DAP + Urea
Dadra and Nagar Haveli and Daman and Diu,Dadra and Nagar Haveli and Daman and Diu District,Coconut,Zaid,2025,20015,64648,3.23,Loam,High,Semi-Arid,Potash
Dadra and Nagar Haveli and Daman and Diu,Dadra and Nagar Haveli and Daman and Diu District,Jowar,Zaid,2025,17415,48762,2.8,Clay Loam,High,Temperate,Urea
Dadra and Nagar Haveli and Daman and Diu,Dadra and Nagar Haveli and Daman and Diu District,Apple,Rabi,2025,1782,8482,4.76,Clay Loam,Medium,Semi-Arid,NPK
Dadra and Nagar Haveli and Daman and Diu,Dadra and Nagar Haveli and Daman and Diu District,Jute,Kharif,2025,14285,41569,2.91,Alluvial,Low,Semi-Arid,Urea
Dadra and Nagar Haveli and Daman and Diu,Dadra and Nagar Haveli and Daman and Diu District,Groundnut,Zaid,2025,13982,75642,5.41,Sandy,Low,Tropical,NPK
Delhi,Delhi District,Maize,Rabi,2016,27822,70946,2.55,Clay Loam,High,Humid,DAP + Urea
Delhi,Delhi District,Potato,Kharif,2016,22999,52897,2.3,Sandy,Low,Temperate,NPK
Delhi,Delhi District,Bajra,Zaid,2016,1694,5878,3.47,Red,Medium,Semi-Arid,Urea
Delhi,Delhi District,Maize,Zaid,2016,21741,87616,4.03,Laterite,Medium,Humid,Organic + NPK
Delhi,Delhi District,Potato,Rabi,2016,25559,135462,5.3,Laterite,Medium,Tropical,Organic + NPK
Delhi,Delhi District,Rice,Zaid,2016,10919,60928,5.58,Laterite,High,Semi-Arid,Organic + NPK
Delhi,Delhi District,Tea,Zaid,2016,28708,139520,4.86,Alluvial,Low,Humid,Urea
Delhi,Delhi District,Onion,Kharif,2016,8429,48972,5.81,Sandy,Medium,Mountain,NPK
Delhi,Delhi District,Tea,Rabi,2016,20551,117551,5.72,Red,High,Semi-Arid,NPK
Delhi,Delhi District,Bajra,Rabi,2016,14945,32879,2.2,Alluvial,Low,Tropical,DAP + Urea
Delhi,Delhi District,Cotton,Zaid,2016,14126,27828,1.97,Laterite,Low,Tropical,Urea
Delhi,Delhi District,Coconut,Zaid,2016,919,1957,2.13,Sandy,Medium,Tropical,DAP + Urea
Delhi,Delhi District,Coffee,Rabi,2017,1251,5329,4.26,Loam,Low,Humid,Organic + NPK
Delhi,Delhi District,Rice,Kharif,2017,25195,126478,5.02,Clay Loam,Medium,Tropical,Urea
Delhi,Delhi District,Apple,Rabi,2017,22993,136578,5.94,Sandy,High,Tropical,Organic + NPK
Delhi,Delhi District,Coffee,Kharif,2017,22622,83248,3.68,Red,High,Semi-Arid,DAP + Urea
Delhi,Delhi District,Banana,Rabi,2017,17034,77504,4.55,Alluvial,High,Humid,NPK
Delhi,Delhi District,Jowar,Zaid,2017,5009,11170,2.23,Red,Medium,Mountain,Urea
Delhi,Delhi District,Potato,Zaid,2017,979,1537,1.57,Alluvial,Low,Humid,Urea
Delhi,Delhi District,Cotton,Kharif,2017,29023,115801,3.99,Black,Low,Temperate,DAP + Urea
Delhi,Delhi District,Bajra,Zaid,2017,3548,13340,3.76,Red,Low,Mountain,NPK
Delhi,Delhi District,Sugarcane,Rabi,2017,8436,50194,5.95,Black,Medium,Humid,NPK
Delhi,Delhi District,Bajra,Rabi,2017,1640,7839,4.78,Alluvial,Low,Semi-Arid,DAP + Urea
Delhi,Delhi District,Bajra,Zaid,2017,14382,33653,2.34,Alluvial,High,Humid,DAP + Urea
Delhi,Delhi District,Rice,Kharif,2018,23285,123876,5.32,Red,High,Tropical,Potash
Delhi,Delhi District,Wheat,Kharif,2018,9801,30873,3.15,Alluvial,Low,Mountain,DAP + Urea
Delhi,Delhi District,Onion,Kharif,2018,8534,14081,1.65,Alluvial,Low,Temperate,DAP + Urea
Delhi,Delhi District,Maize,Zaid,2018,9325,19302,2.07,Red,Low,Mountain,Organic + NPK
Delhi,Delhi District,Jowar,Zaid,2018,817,2451,3,Red,High,Semi-Arid,Potash
Delhi,Delhi District,Tea,Zaid,2018,19697,47863,2.43,Red,High,Temperate,Urea
Delhi,Delhi District,Rubber,Kharif,2018,29918,127450,4.26,Red,High,Humid,Urea
Delhi,Delhi District,Coconut,Zaid,2018,13283,29222,2.2,Clay Loam,Medium,Temperate,DAP + Urea
Delhi,Delhi District,Wheat,Rabi,2018,10599,25119,2.37,Loam,Medium,Temperate,NPK
Delhi,Delhi District,Jowar,Rabi,2018,28538,106446,3.73,Sandy,High,Temperate,NPK
Delhi,Delhi District,Onion,Kharif,2018,21914,82177,3.75,Clay Loam,Medium,Temperate,NPK
Delhi,Delhi District,Soybean,Kharif,2018,13163,63182,4.8,Sandy,Low,Tropical,Organic + NPK
Delhi,Delhi District,Onion,Rabi,2019,22889,54018,2.36,Black,Medium,Tropical,Potash
Delhi,Delhi District,Tea,Zaid,2019,25628,54075,2.11,Laterite,High,Semi-Arid,NPK
Delhi,Delhi District,Maize,Rabi,2019,14492,65214,4.5,Red,High,Mountain,Urea
Delhi,Delhi District,Sugarcane,Kharif,2019,8599,42995,5,Black,Low,Tropical,NPK
Delhi,Delhi District,Jute,Rabi,2019,10763,59304,5.51,Sandy,High,Semi-Arid,Potash
Delhi,Delhi District,Tea,Kharif,2019,13658,22262,1.63,Laterite,Low,Temperate,Urea
Delhi,Delhi District,Soybean,Kharif,2019,25071,48387,1.93,Red,Low,Temperate,Urea
Delhi,Delhi District,Maize,Kharif,2019,21711,34737,1.6,Clay Loam,Medium,Mountain,NPK
Delhi,Delhi District,Ragi,Zaid,2019,23195,99738,4.3,Clay Loam,Medium,Tropical,DAP + Urea
Delhi,Delhi District,Banana,Rabi,2019,2023,11591,5.73,Loam,Medium,Temperate,Organic + NPK
Delhi,Delhi District,Rice,Rabi,2019,5346,26943,5.04,Black,High,Humid,Potash
Delhi,Delhi District,Rubber,Zaid,2019,28916,85591,2.96,Clay Loam,Medium,Tropical,Potash
Delhi,Delhi District,Coconut,Rabi,2020,22119,56182,2.54,Loam,Low,Semi-Arid,Organic + NPK
Delhi,Delhi District,Jowar,Zaid,2020,10331,18285,1.77,Loam,Low,Humid,Organic + NPK
Delhi,Delhi District,Jowar,Rabi,2020,23983,108163,4.51,Loam,High,Tropical,DAP + Urea
Delhi,Delhi District,Rubber,Zaid,2020,28537,88750,3.11,Loam,Medium,Temperate,Urea
Delhi,Delhi District,Rubber,Rabi,2020,767,2078,2.71,Laterite,Low,Temperate,Potash
Delhi,Delhi District,Coffee,Rabi,2020,28308,167583,5.92,Clay Loam,Medium,Temperate,DAP + Urea
Delhi,Delhi District,Rice,Rabi,2020,23384,86988,3.72,Sandy,High,Semi-Arid,NPK
Delhi,Delhi District,Groundnut,Kharif,2020,18861,44700,2.37,Red,Low,Semi-Arid,DAP + Urea
Delhi,Delhi District,Sugarcane,Rabi,2020,24965,140802,5.64,Loam,Medium,Temperate,NPK
Delhi,Delhi District,Tea,Kharif,2020,10690,25656,2.4,Laterite,Low,Semi-Arid,DAP + Urea
Delhi,Delhi District,Coffee,Rabi,2020,7877,24812,3.15,Clay Loam,Medium,Temperate,Urea
Delhi,Delhi District,Potato,Kharif,2020,5362,11850,2.21,Red,High,Mountain,Potash
Delhi,Delhi District,Soybean,Rabi,2021,13323,58221,4.37,Black,Medium,Tropical,Urea
Delhi,Delhi District,Tea,Kharif,2021,16870,38294,2.27,Clay Loam,Medium,Temperate,Organic + NPK
Delhi,Delhi District,Tea,Kharif,2021,27474,50277,1.83,Clay Loam,Low,Humid,Organic + NPK
Delhi,Delhi District,Tea,Rabi,2021,9993,36374,3.64,Sandy,Low,Semi-Arid,Potash
Delhi,Delhi District,Coconut,Kharif,2021,14629,63782,4.36,Laterite,Medium,Tropical,Organic + NPK
Delhi,Delhi District,Bajra,Zaid,2021,18717,73183,3.91,Alluvial,Medium,Humid,DAP + Urea
Delhi,Delhi District,Onion,Rabi,2021,9901,48019,4.85,Clay Loam,High,Tropical,NPK
Delhi,Delhi District,Rice,Zaid,2021,3747,21807,5.82,Loam,Medium,Semi-Arid,Potash
Delhi,Delhi District,Groundnut,Zaid,2021,26820,142414,5.31,Laterite,Low,Humid,Organic + NPK
Delhi,Delhi District,Coconut,Kharif,2021,29098,62560,2.15,Red,Medium,Temperate,Organic + NPK
Delhi,Delhi District,Tea,Rabi,2021,1628,6512,4,Alluvial,Medium,Humid,Organic + NPK
Delhi,Delhi District,Mustard,Kharif,2021,24934,116940,4.69,Red,Medium,Mountain,DAP + Urea
Delhi,Delhi District,Apple,Kharif,2022,28910,165654,5.73,Alluvial,High,Tropical,Organic + NPK
Delhi,Delhi District,Rice,Zaid,2022,29358,110679,3.77,Loam,Low,Humid,DAP + Urea
Delhi,Delhi District,Wheat,Zaid,2022,18689,59431,3.18,Black,High,Tropical,NPK
Delhi,Delhi District,Banana,Kharif,2022,3003,13033,4.34,Alluvial,Medium,Temperate,DAP + Urea
Delhi,Delhi District,Soybean,Rabi,2022,7569,26340,3.48,Clay Loam,Medium,Tropical,Organic + NPK
Delhi,Delhi District,Rubber,Zaid,2022,18953,37147,1.96,Black,Low,Mountain,NPK
Delhi,Delhi District,Rubber,Rabi,2022,2667,11014,4.13,Sandy,High,Semi-Arid,Organic + NPK
Delhi,Delhi District,Potato,Kharif,2022,18804,63745,3.39,Sandy,Low,Temperate,Potash
Delhi,Delhi District,Jowar,Zaid,2022,27489,64599,2.35,Clay Loam,Low,Tropical,NPK
Delhi,Delhi District,Bajra,Zaid,2022,26189,95851,3.66,Alluvial,Low,Tropical,Potash
Delhi,Delhi District,Rice,Zaid,2022,1162,6356,5.47,Alluvial,Medium,Mountain,Urea
Delhi,Delhi District,Potato,Zaid,2022,12725,32576,2.56,Loam,Medium,Semi-Arid,DAP + Urea
Delhi,Delhi District,Tea,Zaid,2023,24767,132008,5.33,Sandy,Medium,Semi-Arid,DAP + Urea
Delhi,Delhi District,Rice,Zaid,2023,14634,27950,1.91,Laterite,High,Humid,DAP + Urea
Delhi,Delhi District,Tea,Kharif,2023,22825,122798,5.38,Clay Loam,High,Tropical,NPK
Delhi,Delhi District,Mustard,Rabi,2023,3004,8471,2.82,Black,High,Humid,NPK
Delhi,Delhi District,Cotton,Rabi,2023,28888,71931,2.49,Red,Low,Mountain,Potash
Delhi,Delhi District,Wheat,Rabi,2023,11285,39046,3.46,Loam,Medium,Tropical,Potash
Delhi,Delhi District,Banana,Kharif,2023,25181,52124,2.07,Sandy,High,Semi-Arid,DAP + Urea
Delhi,Delhi District,Wheat,Kharif,2023,20795,93369,4.49,Alluvial,High,Temperate,DAP + Urea
Delhi,Delhi District,Mustard,Zaid,2023,8643,24459,2.83,Red,Medium,Temperate,DAP + Urea
Delhi,Delhi District,Bajra,Rabi,2023,10804,17178,1.59,Loam,Low,Tropical,Urea
Delhi,Delhi District,Onion,Rabi,2023,1513,6415,4.24,Laterite,High,Tropical,NPK
Delhi,Delhi District,Cotton,Zaid,2023,11761,50689,4.31,Loam,Medium,Tropical,NPK
Delhi,Delhi District,Ragi,Kharif,2024,20263,91183,4.5,Clay Loam,Medium,Mountain,Urea
Delhi,Delhi District,Cotton,Rabi,2024,12577,48169,3.83,Laterite,High,Mountain,DAP + Urea
Delhi,Delhi District,Bajra,Kharif,2024,2545,9238,3.63,Clay Loam,Medium,Temperate,DAP + Urea
Delhi,Delhi District,Cotton,Kharif,2024,26433,39649,1.5,Clay Loam,Medium,Semi-Arid,DAP + Urea
Delhi,Delhi District,Potato,Rabi,2024,13611,71049,5.22,Black,Low,Semi-Arid,Potash
Delhi,Delhi District,Wheat,Kharif,2024,28855,149468,5.18,Laterite,High,Mountain,Organic + NPK
Delhi,Delhi District,Sugarcane,Zaid,2024,27570,63962,2.32,Alluvial,High,Tropical,NPK
Delhi,Delhi District,Ragi,Kharif,2024,13645,70544,5.17,Loam,High,Humid,Organic + NPK
Delhi,Delhi District,Cotton,Zaid,2024,12812,24342,1.9,Laterite,Medium,Semi-Arid,DAP + Urea
Delhi,Delhi District,Soybean,Zaid,2024,26204,127875,4.88,Black,High,Mountain,Organic + NPK
Delhi,Delhi District,Soybean,Rabi,2024,12017,55158,4.59,Loam,High,Tropical,Urea
Delhi,Delhi District,Jute,Zaid,2024,22476,54616,2.43,Clay Loam,Low,Humid,Urea
Delhi,Delhi District,Mustard,Rabi,2025,16837,28791,1.71,Clay Loam,High,Mountain,Potash
Delhi,Delhi District,Wheat,Rabi,2025,9674,29312,3.03,Clay Loam,High,Humid,Potash
Delhi,Delhi District,Cotton,Zaid,2025,5501,24094,4.38,Laterite,High,Humid,DAP + Urea
Delhi,Delhi District,Tea,Kharif,2025,6870,36411,5.3,Red,High,Mountain,Potash
Delhi,Delhi District,Cotton,Rabi,2025,23161,46322,2,Black,Low,Tropical,Potash
Delhi,Delhi District,Jowar,Kharif,2025,29044,111819,3.85,Clay Loam,High,Humid,Potash
Delhi,Delhi District,Wheat,Zaid,2025,15461,45455,2.94,Loam,Low,Temperate,NPK
Delhi,Delhi District,Soybean,Kharif,2025,8856,23645,2.67,Alluvial,Medium,Semi-Arid,Potash
Delhi,Delhi District,Coffee,Rabi,2025,23510,44904,1.91,Black,High,Humid,DAP + Urea
Delhi,Delhi District,Tea,Kharif,2025,22934,127513,5.56,Loam,Medium,Temperate,Urea
Delhi,Delhi District,Rubber,Rabi,2025,622,1859,2.99,Loam,High,Semi-Arid,NPK
Delhi,Delhi District,Groundnut,Kharif,2025,13179,40723,3.09,Sandy,High,Semi-Arid,DAP + Urea
Jammu and Kashmir,Jammu and Kashmir District,Maize,Kharif,2016,1323,4498,3.4,Clay Loam,High,Semi-Arid,Urea
Jammu and Kashmir,Jammu and Kashmir District,Banana,Rabi,2016,29725,110577,3.72,Clay Loam,Medium,Mountain,Urea
Jammu and Kashmir,Jammu and Kashmir District,Apple,Kharif,2016,8572,40116,4.68,Clay Loam,High,Humid,Potash
Jammu and Kashmir,Jammu and Kashmir District,Maize,Rabi,2016,20383,59926,2.94,Red,Low,Tropical,NPK
Jammu and Kashmir,Jammu and Kashmir District,Onion,Rabi,2016,19271,30833,1.6,Black,Medium,Tropical,Urea
Jammu and Kashmir,Jammu and Kashmir District,Mustard,Rabi,2016,12721,26332,2.07,Clay Loam,Medium,Temperate,Urea
Jammu and Kashmir,Jammu and Kashmir District,Jowar,Rabi,2016,14585,52797,3.62,Sandy,Low,Semi-Arid,Urea
Jammu and Kashmir,Jammu and Kashmir District,Jute,Rabi,2016,4186,15404,3.68,Clay Loam,Low,Humid,Urea
Jammu and Kashmir,Jammu and Kashmir District,Apple,Rabi,2016,15381,23225,1.51,Laterite,Medium,Mountain,Potash
Jammu and Kashmir,Jammu and Kashmir District,Coconut,Zaid,2016,21101,35449,1.68,Sandy,Low,Humid,DAP + Urea
Jammu and Kashmir,Jammu and Kashmir District,Sugarcane,Zaid,2016,701,3301,4.71,Red,Medium,Mountain,Urea
Jammu and Kashmir,Jammu and Kashmir District,Jute,Kharif,2016,1610,2769,1.72,Alluvial,High,Semi-Arid,DAP + Urea
Jammu and Kashmir,Jammu and Kashmir District,Groundnut,Zaid,2017,6160,12566,2.04,Red,Medium,Humid,Potash
Jammu and Kashmir,Jammu and Kashmir District,Potato,Zaid,2017,25008,136293,5.45,Laterite,Medium,Tropical,Urea
Jammu and Kashmir,Jammu and Kashmir District,Coconut,Kharif,2017,14750,51035,3.46,Laterite,High,Temperate,DAP + Urea
Jammu and Kashmir,Jammu and Kashmir District,Sugarcane,Zaid,2017,11417,17696,1.55,Laterite,Low,Mountain,Organic + NPK
Jammu and Kashmir,Jammu and Kashmir District,Potato,Rabi,2017,17171,57007,3.32,Laterite,Low,Mountain,Organic + NPK
Jammu and Kashmir,Jammu and Kashmir District,Onion,Rabi,2017,532,835,1.57,Sandy,Medium,Semi-Arid,DAP + Urea
Jammu and Kashmir,Jammu and Kashmir District,Soybean,Kharif,2017,29203,49645,1.7,Loam,High,Temperate,DAP + Urea
Jammu and Kashmir,Jammu and Kashmir District,Potato,Kharif,2017,19771,110915,5.61,Red,Medium,Humid,Urea
Jammu and Kashmir,Jammu and Kashmir District,Groundnut,Kharif,2017,899,5034,5.6,Alluvial,High,Humid,Potash
Jammu and Kashmir,Jammu and Kashmir District,Coffee,Zaid,2017,28417,115088,4.05,Alluvial,Low,Temperate,Organic + NPK
Jammu and Kashmir,Jammu and Kashmir District,Wheat,Kharif,2017,25775,92274,3.58,Black,High,Temperate,DAP + Urea
Jammu and Kashmir,Jammu and Kashmir District,Rice,Rabi,2017,28451,129167,4.54,Loam,Medium,Mountain,Organic + NPK
Jammu and Kashmir,Jammu and Kashmir District,Wheat,Kharif,2018,22695,99631,4.39,Loam,Low,Tropical,Organic + NPK
Jammu and Kashmir,Jammu and Kashmir District,Jowar,Rabi,2018,29411,101762,3.46,Loam,High,Tropical,DAP + Urea
Jammu and Kashmir,Jammu and Kashmir District,Mustard,Rabi,2018,13981,34533,2.47,Black,Low,Temperate,NPK
Jammu and Kashmir,Jammu and Kashmir District,Rice,Rabi,2018,18883,41164,2.18,Laterite,High,Mountain,Potash
Jammu and Kashmir,Jammu and Kashmir District,Cotton,Kharif,2018,16965,32742,1.93,Loam,Medium,Tropical,Potash
Jammu and Kashmir,Jammu and Kashmir District,Cotton,Rabi,2018,7706,18648,2.42,Red,Low,Semi-Arid,Organic + NPK
Jammu and Kashmir,Jammu and Kashmir District,Mustard,Zaid,2018,16766,55327,3.3,Laterite,High,Semi-Arid,Organic + NPK
Jammu and Kashmir,Jammu and Kashmir District,Soybean,Rabi,2018,27958,98691,3.53,Clay Loam,Low,Tropical,Urea
Jammu and Kashmir,Jammu and Kashmir District,Rice,Zaid,2018,13338,72558,5.44,Clay Loam,Low,Temperate,DAP + Urea
Jammu and Kashmir,Jammu and Kashmir District,Rice,Rabi,2018,24240,36844,1.52,Sandy,Low,Tropical,DAP + Urea
Jammu and Kashmir,Jammu and Kashmir District,Ragi,Rabi,2018,23038,76486,3.32,Loam,Low,Temperate,NPK
Jammu and Kashmir,Jammu and Kashmir District,Onion,Rabi,2018,14875,46707,3.14,Clay Loam,Low,Mountain,NPK
Jammu and Kashmir,Jammu and Kashmir District,Soybean,Rabi,2019,2354,11369,4.83,Black,Low,Temperate,Organic + NPK
Jammu and Kashmir,Jammu and Kashmir District,Onion,Kharif,2019,24385,69497,2.85,Black,Medium,Semi-Arid,Urea
Jammu and Kashmir,Jammu and Kashmir District,Sugarcane,Rabi,2019,25223,44896,1.78,Laterite,High,Mountain,NPK
Jammu and Kashmir,Jammu and Kashmir District,Maize,Kharif,2019,2054,7106,3.46,Red,Low,Mountain,DAP + Urea
Jammu and Kashmir,Jammu and Kashmir District,Tea,Rabi,2019,16036,60936,3.8,Red,Low,Temperate,NPK
Jammu and Kashmir,Jammu and Kashmir District,Apple,Rabi,2019,23515,48440,2.06,Alluvial,Medium,Tropical,Potash
Jammu and Kashmir,Jammu and Kashmir District,Soybean,Rabi,2019,18269,105777,5.79,Black,Medium,Humid,Potash
Jammu and Kashmir,Jammu and Kashmir District,Coconut,Zaid,2019,10672,25292,2.37,Sandy,High,Semi-Arid,DAP + Urea
Jammu and Kashmir,Jammu and Kashmir District,Jute,Rabi,2019,18356,75626,4.12,Laterite,Medium,Mountain,Potash
Jammu and Kashmir,Jammu and Kashmir District,Apple,Zaid,2019,15365,51472,3.35,Red,Medium,Tropical,NPK
Jammu and Kashmir,Jammu and Kashmir District,Jowar,Rabi,2019,6483,10243,1.58,Sandy,Medium,Humid,Urea
Jammu and Kashmir,Jammu and Kashmir District,Rice,Kharif,2019,25657,69530,2.71,Red,Medium,Tropical,NPK
Jammu and Kashmir,Jammu and Kashmir District,Sugarcane,Kharif,2020,17487,97052,5.55,Clay Loam,Medium,Temperate,DAP + Urea
Jammu and Kashmir,Jammu and Kashmir District,Wheat,Kharif,2020,22691,36078,1.59,Black,High,Semi-Arid,NPK
Jammu and Kashmir,Jammu and Kashmir District,Rubber,Kharif,2020,10807,28746,2.66,Loam,High,Tropical,NPK
Jammu and Kashmir,Jammu and Kashmir District,Onion,Rabi,2020,28475,66916,2.35,Clay Loam,Low,Tropical,Urea
Jammu and Kashmir,Jammu and Kashmir District,Onion,Kharif,2020,3034,11256,3.71,Sandy,High,Tropical,Urea
Jammu and Kashmir,Jammu and Kashmir District,Ragi,Zaid,2020,19222,100723,5.24,Loam,Low,Temperate,Potash
Jammu and Kashmir,Jammu and Kashmir District,Bajra,Kharif,2020,17300,48786,2.82,Alluvial,High,Mountain,DAP + Urea
Jammu and Kashmir,Jammu and Kashmir District,Cotton,Rabi,2020,12795,39536,3.09,Alluvial,High,Mountain,DAP + Urea
Jammu and Kashmir,Jammu and Kashmir District,Tea,Kharif,2020,16212,58038,3.58,Laterite,High,Semi-Arid,Urea
Jammu and Kashmir,Jammu and Kashmir District,Tea,Kharif,2020,10117,40973,4.05,Laterite,High,Temperate,Potash
Jammu and Kashmir,Jammu and Kashmir District,Coconut,Rabi,2020,16387,49161,3,Alluvial,High,Humid,Potash
Jammu and Kashmir,Jammu and Kashmir District,Maize,Kharif,2020,26410,147896,5.6,Clay Loam,Low,Semi-Arid,NPK
Jammu and Kashmir,Jammu and Kashmir District,Jute,Rabi,2021,19390,89969,4.64,Clay Loam,Low,Semi-Arid,Urea
Jammu and Kashmir,Jammu and Kashmir District,Potato,Rabi,2021,19603,113697,5.8,Red,Medium,Semi-Arid,DAP + Urea
Jammu and Kashmir,Jammu and Kashmir District,Apple,Rabi,2021,12098,34963,2.89,Clay Loam,High,Semi-Arid,DAP + Urea
Jammu and Kashmir,Jammu and Kashmir District,Jute,Zaid,2021,19649,94904,4.83,Black,High,Humid,Organic + NPK
Jammu and Kashmir,Jammu and Kashmir District,Rubber,Kharif,2021,16369,64984,3.97,Sandy,Medium,Temperate,Urea
Jammu and Kashmir,Jammu and Kashmir District,Ragi,Rabi,2021,24321,107985,4.44,Black,Low,Semi-Arid,Organic + NPK
Jammu and Kashmir,Jammu and Kashmir District,Jowar,Zaid,2021,11930,29586,2.48,Laterite,Medium,Tropical,Organic + NPK
Jammu and Kashmir,Jammu and Kashmir District,Soybean,Kharif,2021,28314,103629,3.66,Black,Low,Humid,NPK
Jammu and Kashmir,Jammu and Kashmir District,Tea,Zaid,2021,20854,111777,5.36,Red,High,Tropical,Organic + NPK
Jammu and Kashmir,Jammu and Kashmir District,Ragi,Zaid,2021,4957,25379,5.12,Sandy,Medium,Temperate,Organic + NPK
Jammu and Kashmir,Jammu and Kashmir District,Cotton,Zaid,2021,7568,22855,3.02,Alluvial,Medium,Humid,Potash
Jammu and Kashmir,Jammu and Kashmir District,Rice,Rabi,2021,12173,55995,4.6,Clay Loam,High,Mountain,Organic + NPK
Jammu and Kashmir,Jammu and Kashmir District,Mustard,Rabi,2022,20396,48338,2.37,Black,High,Mountain,NPK
Jammu and Kashmir,Jammu and Kashmir District,Mustard,Zaid,2022,7046,40725,5.78,Black,Low,Semi-Arid,Potash
Jammu and Kashmir,Jammu and Kashmir District,Maize,Zaid,2022,19547,29906,1.53,Alluvial,Medium,Tropical,Urea
Jammu and Kashmir,Jammu and Kashmir District,Potato,Rabi,2022,7484,13546,1.81,Clay Loam,Medium,Humid,NPK
Jammu and Kashmir,Jammu and Kashmir District,Soybean,Zaid,2022,18941,31252,1.65,Red,High,Semi-Arid,NPK
Jammu and Kashmir,Jammu and Kashmir District,Potato,Kharif,2022,15403,76398,4.96,Sandy,Low,Mountain,NPK
Jammu and Kashmir,Jammu and Kashmir District,Coconut,Rabi,2022,13000,64480,4.96,Black,Medium,Mountain,NPK
Jammu and Kashmir,Jammu and Kashmir District,Apple,Kharif,2022,11709,29623,2.53,Clay Loam,Low,Humid,NPK
Jammu and Kashmir,Jammu and Kashmir District,Coconut,Kharif,2022,16422,89171,5.43,Loam,Medium,Mountain,Urea
Jammu and Kashmir,Jammu and Kashmir District,Onion,Rabi,2022,7530,26129,3.47,Loam,High,Tropical,DAP + Urea
Jammu and Kashmir,Jammu and Kashmir District,Rice,Rabi,2022,26938,75157,2.79,Clay Loam,Low,Temperate,NPK
Jammu and Kashmir,Jammu and Kashmir District,Soybean,Kharif,2022,3379,7636,2.26,Black,Medium,Semi-Arid,Potash
Jammu and Kashmir,Jammu and Kashmir District,Potato,Rabi,2023,12093,43292,3.58,Black,High,Humid,Urea
Jammu and Kashmir,Jammu and Kashmir District,Onion,Kharif,2023,18004,58513,3.25,Loam,High,Semi-Arid,Organic + NPK
Jammu and Kashmir,Jammu and Kashmir District,Onion,Rabi,2023,12671,54358,4.29,Clay Loam,Medium,Semi-Arid,DAP + Urea
Jammu and Kashmir,Jammu and Kashmir District,Apple,Rabi,2023,27946,107033,3.83,Laterite,Low,Semi-Arid,Potash
Jammu and Kashmir,Jammu and Kashmir District,Maize,Kharif,2023,29314,61266,2.09,Sandy,High,Temperate,Urea
Jammu and Kashmir,Jammu and Kashmir District,Mustard,Kharif,2023,18769,60811,3.24,Red,High,Mountain,DAP + Urea
Jammu and Kashmir,Jammu and Kashmir District,Groundnut,Zaid,2023,23494,51216,2.18,Clay Loam,Medium,Tropical,Urea
Jammu and Kashmir,Jammu and Kashmir District,Rice,Rabi,2023,6808,38465,5.65,Red,Low,Humid,Potash
Jammu and Kashmir,Jammu and Kashmir District,Banana,Rabi,2023,5649,24968,4.42,Black,High,Temperate,Organic + NPK
Jammu and Kashmir,Jammu and Kashmir District,Onion,Zaid,2023,23691,141198,5.96,Laterite,Medium,Humid,DAP + Urea
Jammu and Kashmir,Jammu and Kashmir District,Tea,Rabi,2023,19094,114564,6,Red,High,Humid,DAP + Urea
Jammu and Kashmir,Jammu and Kashmir District,Groundnut,Kharif,2023,15785,36463,2.31,Black,High,Temperate,DAP + Urea
Jammu and Kashmir,Jammu and Kashmir District,Wheat,Rabi,2024,5019,22786,4.54,Sandy,Low,Semi-Arid,Potash
Jammu and Kashmir,Jammu and Kashmir District,Banana,Kharif,2024,23632,39701,1.68,Laterite,High,Semi-Arid,NPK
Jammu and Kashmir,Jammu and Kashmir District,Rubber,Rabi,2024,24656,84076,3.41,Red,Medium,Tropical,NPK
Jammu and Kashmir,Jammu and Kashmir District,Maize,Rabi,2024,9026,37818,4.19,Alluvial,High,Humid,Organic + NPK
Jammu and Kashmir,Jammu and Kashmir District,Mustard,Kharif,2024,12518,31920,2.55,Sandy,Low,Tropical,NPK
Jammu and Kashmir,Jammu and Kashmir District,Rubber,Zaid,2024,6334,9944,1.57,Loam,Low,Semi-Arid,Potash
Jammu and Kashmir,Jammu and Kashmir District,Rice,Zaid,2024,2017,7019,3.48,Clay Loam,Low,Temperate,Organic + NPK
Jammu and Kashmir,Jammu and Kashmir District,Ragi,Kharif,2024,14252,85226,5.98,Alluvial,Medium,Mountain,Urea
Jammu and Kashmir,Jammu and Kashmir District,Jowar,Kharif,2024,14802,38485,2.6,Laterite,Low,Temperate,NPK
Jammu and Kashmir,Jammu and Kashmir District,Sugarcane,Rabi,2024,2596,13421,5.17,Loam,Low,Semi-Arid,Urea
Jammu and Kashmir,Jammu and Kashmir District,Soybean,Rabi,2024,6084,23240,3.82,Laterite,High,Humid,Potash
Jammu and Kashmir,Jammu and Kashmir District,Banana,Kharif,2024,12239,22397,1.83,Laterite,High,Semi-Arid,DAP + Urea
Jammu and Kashmir,Jammu and Kashmir District,Potato,Zaid,2025,24531,141298,5.76,Red,High,Temperate,Organic + NPK
Jammu and Kashmir,Jammu and Kashmir District,Wheat,Rabi,2025,15668,71132,4.54,Alluvial,High,Tropical,Urea
Jammu and Kashmir,Jammu and Kashmir District,Apple,Kharif,2025,10329,30677,2.97,Clay Loam,Low,Humid,Urea
Jammu and Kashmir,Jammu and Kashmir District,Onion,Zaid,2025,20668,112847,5.46,Sandy,High,Humid,DAP + Urea
Jammu and Kashmir,Jammu and Kashmir District,Jowar,Rabi,2025,21621,125185,5.79,Black,High,Temperate,Organic + NPK
Jammu and Kashmir,Jammu and Kashmir District,Coffee,Zaid,2025,23338,104787,4.49,Clay Loam,High,Humid,Potash
Jammu and Kashmir,Jammu and Kashmir District,Jowar,Rabi,2025,11648,26091,2.24,Red,Medium,Temperate,Potash
Jammu and Kashmir,Jammu and Kashmir District,Maize,Kharif,2025,3537,14324,4.05,Alluvial,Medium,Humid,Organic + NPK
Jammu and Kashmir,Jammu and Kashmir District,Cotton,Zaid,2025,8673,34692,4,Laterite,Low,Humid,NPK
Jammu and Kashmir,Jammu and Kashmir District,Sugarcane,Rabi,2025,25709,49104,1.91,Clay Loam,High,Semi-Arid,Potash
Jammu and Kashmir,Jammu and Kashmir District,Coconut,Zaid,2025,3921,6626,1.69,Black,High,Semi-Arid,Organic + NPK
Jammu and Kashmir,Jammu and Kashmir District,Tea,Kharif,2025,27486,116265,4.23,Loam,High,Humid,Organic + NPK
Ladakh,Ladakh District,Bajra,Rabi,2016,16751,99668,5.95,Black,Medium,Semi-Arid,NPK
Ladakh,Ladakh District,Jowar,Rabi,2016,4261,10439,2.45,Alluvial,Low,Temperate,Organic + NPK
Ladakh,Ladakh District,Coconut,Kharif,2016,9310,23275,2.5,Laterite,Low,Tropical,NPK
Ladakh,Ladakh District,Potato,Rabi,2016,27245,109797,4.03,Laterite,Medium,Tropical,NPK
Ladakh,Ladakh District,Rubber,Kharif,2016,27615,85606,3.1,Red,Low,Mountain,Organic + NPK
Ladakh,Ladakh District,Ragi,Zaid,2016,22123,115482,5.22,Alluvial,High,Temperate,Organic + NPK
Ladakh,Ladakh District,Tea,Zaid,2016,4377,22935,5.24,Loam,Low,Semi-Arid,DAP + Urea
Ladakh,Ladakh District,Tea,Zaid,2016,15396,61584,4,Black,Medium,Semi-Arid,Urea
Ladakh,Ladakh District,Rubber,Rabi,2016,14144,49079,3.47,Black,Medium,Temperate,Urea
Ladakh,Ladakh District,Ragi,Kharif,2016,11922,25513,2.14,Sandy,High,Tropical,NPK
Ladakh,Ladakh District,Coconut,Zaid,2016,25284,74587,2.95,Alluvial,High,Mountain,Urea
Ladakh,Ladakh District,Rubber,Kharif,2016,9424,22146,2.35,Black,High,Humid,Potash
Ladakh,Ladakh District,Banana,Kharif,2017,15968,61317,3.84,Red,Medium,Semi-Arid,NPK
Ladakh,Ladakh District,Cotton,Rabi,2017,25937,80404,3.1,Loam,High,Semi-Arid,DAP + Urea
Ladakh,Ladakh District,Banana,Rabi,2017,28227,108673,3.85,Loam,Low,Temperate,Organic + NPK
Ladakh,Ladakh District,Tea,Zaid,2017,15245,87506,5.74,Sandy,High,Humid,NPK
Ladakh,Ladakh District,Groundnut,Kharif,2017,20196,61193,3.03,Loam,High,Mountain,Organic + NPK
Ladakh,Ladakh District,Mustard,Zaid,2017,25815,69700,2.7,Red,Medium,Semi-Arid,Potash
Ladakh,Ladakh District,Jowar,Rabi,2017,8947,14494,1.62,Loam,Medium,Temperate,Organic + NPK
Ladakh,Ladakh District,Groundnut,Zaid,2017,28824,99442,3.45,Red,Medium,Semi-Arid,DAP + Urea
Ladakh,Ladakh District,Coffee,Rabi,2017,27225,146470,5.38,Red,Medium,Humid,DAP + Urea
Ladakh,Ladakh District,Jute,Zaid,2017,18010,98874,5.49,Clay Loam,Medium,Humid,NPK
Ladakh,Ladakh District,Maize,Kharif,2017,8711,38676,4.44,Laterite,High,Temperate,Urea
Ladakh,Ladakh District,Rubber,Rabi,2017,13010,46315,3.56,Alluvial,High,Temperate,NPK
Ladakh,Ladakh District,Coconut,Rabi,2018,20818,76193,3.66,Sandy,High,Humid,Urea
Ladakh,Ladakh District,Ragi,Zaid,2018,22648,68623,3.03,Black,Medium,Tropical,NPK
Ladakh,Ladakh District,Rice,Zaid,2018,24437,63780,2.61,Clay Loam,Low,Temperate,DAP + Urea
Ladakh,Ladakh District,Sugarcane,Rabi,2018,7022,15027,2.14,Clay Loam,Medium,Humid,Organic + NPK
Ladakh,Ladakh District,Potato,Rabi,2018,29852,76719,2.57,Red,Low,Temperate,DAP + Urea
Ladakh,Ladakh District,Jowar,Kharif,2018,8361,47824,5.72,Alluvial,High,Humid,Organic + NPK
Ladakh,Ladakh District,Sugarcane,Rabi,2018,4779,8888,1.86,Sandy,High,Temperate,Potash
Ladakh,Ladakh District,Bajra,Kharif,2018,18207,34229,1.88,Loam,High,Temperate,NPK
Ladakh,Ladakh District,Onion,Rabi,2018,28669,152232,5.31,Alluvial,Medium,Semi-Arid,DAP + Urea
Ladakh,Ladakh District,Apple,Kharif,2018,8016,22204,2.77,Alluvial,High,Mountain,Potash
Ladakh,Ladakh District,Onion,Kharif,2018,12635,74293,5.88,Laterite,Medium,Semi-Arid,Organic + NPK
Ladakh,Ladakh District,Tea,Zaid,2018,15839,33895,2.14,Laterite,Medium,Mountain,Potash
Ladakh,Ladakh District,Groundnut,Rabi,2019,23028,45595,1.98,Laterite,Low,Mountain,Organic + NPK
Ladakh,Ladakh District,Soybean,Zaid,2019,12258,35425,2.89,Sandy,Medium,Mountain,Urea
Ladakh,Ladakh District,Groundnut,Rabi,2019,10542,15918,1.51,Laterite,High,Temperate,Urea
Ladakh,Ladakh District,Jute,Rabi,2019,26801,57890,2.16,Black,Low,Semi-Arid,Urea
Ladakh,Ladakh District,Cotton,Rabi,2019,22742,133950,5.89,Clay Loam,High,Humid,Organic + NPK
Ladakh,Ladakh District,Coffee,Rabi,2019,2932,4749,1.62,Alluvial,Medium,Mountain,Organic + NPK
Ladakh,Ladakh District,Coconut,Rabi,2019,5728,18730,3.27,Clay Loam,High,Mountain,Potash
Ladakh,Ladakh District,Coconut,Zaid,2019,21427,117205,5.47,Clay Loam,Low,Humid,Urea
Ladakh,Ladakh District,Onion,Rabi,2019,11388,42249,3.71,Sandy,Low,Mountain,DAP + Urea
Ladakh,Ladakh District,Coconut,Zaid,2019,4501,17148,3.81,Alluvial,Medium,Semi-Arid,Potash
Ladakh,Ladakh District,Maize,Zaid,2019,7335,27139,3.7,Laterite,Low,Mountain,Organic + NPK
Ladakh,Ladakh District,Tea,Zaid,2019,25841,85533,3.31,Clay Loam,Medium,Tropical,Organic + NPK
Ladakh,Ladakh District,Coconut,Rabi,2020,8847,20701,2.34,Black,High,Mountain,Organic + NPK
Ladakh,Ladakh District,Maize,Zaid,2020,13133,74989,5.71,Red,High,Temperate,DAP + Urea
Ladakh,Ladakh District,Coffee,Rabi,2020,2117,12426,5.87,Alluvial,High,Humid,DAP + Urea
Ladakh,Ladakh District,Coconut,Rabi,2020,4130,6484,1.57,Alluvial,Low,Temperate,NPK
Ladakh,Ladakh District,Bajra,Zaid,2020,2740,10713,3.91,Alluvial,Low,Mountain,Potash
Ladakh,Ladakh District,Soybean,Kharif,2020,18584,86601,4.66,Sandy,Low,Semi-Arid,Urea
Ladakh,Ladakh District,Potato,Zaid,2020,17797,98417,5.53,Sandy,Medium,Humid,Urea
Ladakh,Ladakh District,Sugarcane,Rabi,2020,23734,101344,4.27,Sandy,Low,Tropical,Organic + NPK
Ladakh,Ladakh District,Banana,Rabi,2020,8750,29925,3.42,Red,Medium,Semi-Arid,NPK
Ladakh,Ladakh District,Jute,Rabi,2020,23169,112369,4.85,Clay Loam,Medium,Semi-Arid,Urea
Ladakh,Ladakh District,Sugarcane,Zaid,2020,7181,33966,4.73,Laterite,Medium,Temperate,Urea
Ladakh,Ladakh District,Banana,Kharif,2020,9978,34224,3.43,Sandy,Low,Tropical,NPK
Ladakh,Ladakh District,Bajra,Rabi,2021,15330,31733,2.07,Laterite,Medium,Temperate,NPK
Ladakh,Ladakh District,Maize,Zaid,2021,10757,18717,1.74,Red,Low,Mountain,NPK
Ladakh,Ladakh District,Sugarcane,Kharif,2021,7458,24835,3.33,Laterite,Medium,Tropical,NPK
Ladakh,Ladakh District,Wheat,Rabi,2021,19607,70585,3.6,Clay Loam,Low,Humid,NPK
Ladakh,Ladakh District,Ragi,Kharif,2021,28490,145014,5.09,Red,High,Temperate,DAP + Urea
Ladakh,Ladakh District,Apple,Rabi,2021,22402,48836,2.18,Loam,Low,Temperate,Urea
Ladakh,Ladakh District,Jowar,Zaid,2021,9914,31129,3.14,Clay Loam,Low,Mountain,DAP + Urea
Ladakh,Ladakh District,Maize,Zaid,2021,12989,65464,5.04,Laterite,Low,Semi-Arid,Organic + NPK
Ladakh,Ladakh District,Cotton,Rabi,2021,20658,32019,1.55,Loam,Low,Humid,Organic + NPK
Ladakh,Ladakh District,Coconut,Rabi,2021,28509,89518,3.14,Black,Low,Semi-Arid,DAP + Urea
Ladakh,Ladakh District,Maize,Zaid,2021,5847,30813,5.27,Red,High,Tropical,NPK
Ladakh,Ladakh District,Rice,Rabi,2021,26499,119775,4.52,Clay Loam,High,Mountain,NPK
Ladakh,Ladakh District,Coffee,Zaid,2022,25994,86560,3.33,Laterite,High,Mountain,Urea
Ladakh,Ladakh District,Rubber,Kharif,2022,5772,27647,4.79,Black,Low,Humid,Urea
Ladakh,Ladakh District,Soybean,Rabi,2022,23078,49156,2.13,Black,Medium,Temperate,DAP + Urea
Ladakh,Ladakh District,Groundnut,Zaid,2022,13134,60416,4.6,Loam,High,Mountain,NPK
Ladakh,Ladakh District,Wheat,Kharif,2022,5100,28509,5.59,Laterite,Low,Humid,DAP + Urea
Ladakh,Ladakh District,Groundnut,Rabi,2022,14317,51684,3.61,Alluvial,High,Humid,DAP + Urea
Ladakh,Ladakh District,Jute,Kharif,2022,14631,79738,5.45,Loam,Medium,Temperate,Organic + NPK
Ladakh,Ladakh District,Sugarcane,Zaid,2022,9398,21897,2.33,Laterite,Low,Temperate,Urea
Ladakh,Ladakh District,Cotton,Rabi,2022,13453,76143,5.66,Loam,High,Humid,Organic + NPK
Ladakh,Ladakh District,Banana,Zaid,2022,3004,10213,3.4,Clay Loam,High,Humid,Potash
Ladakh,Ladakh District,Soybean,Zaid,2022,7977,37810,4.74,Loam,Low,Semi-Arid,Potash
Ladakh,Ladakh District,Tea,Kharif,2022,13621,39909,2.93,Black,High,Temperate,NPK
Ladakh,Ladakh District,Rice,Rabi,2023,2235,12069,5.4,Laterite,Low,Mountain,Urea
Ladakh,Ladakh District,Bajra,Zaid,2023,10322,21882,2.12,Alluvial,Medium,Humid,DAP + Urea
Ladakh,Ladakh District,Banana,Zaid,2023,21729,55843,2.57,Clay Loam,Medium,Humid,Organic + NPK
Ladakh,Ladakh District,Apple,Kharif,2023,25158,142645,5.67,Black,Medium,Humid,Organic + NPK
Ladakh,Ladakh District,Bajra,Kharif,2023,12936,33116,2.56,Clay Loam,Low,Mountain,Organic + NPK
Ladakh,Ladakh District,Rubber,Rabi,2023,27240,124759,4.58,Black,Medium,Temperate,NPK
Ladakh,Ladakh District,Ragi,Zaid,2023,21164,88253,4.17,Black,High,Mountain,Potash
Ladakh,Ladakh District,Wheat,Kharif,2023,3252,18243,5.61,Alluvial,High,Mountain,NPK
Ladakh,Ladakh District,Sugarcane,Rabi,2023,10668,28590,2.68,Clay Loam,Medium,Humid,Organic + NPK
Ladakh,Ladakh District,Tea,Rabi,2023,4444,7910,1.78,Alluvial,Low,Temperate,Potash
Ladakh,Ladakh District,Maize,Zaid,2023,25427,59499,2.34,Red,Low,Mountain,Urea
Ladakh,Ladakh District,Tea,Kharif,2023,18664,47406,2.54,Red,High,Temperate,Potash
Ladakh,Ladakh District,Maize,Kharif,2024,15231,24826,1.63,Laterite,High,Mountain,DAP + Urea
Ladakh,Ladakh District,Wheat,Kharif,2024,21682,38810,1.79,Red,Medium,Temperate,Organic + NPK
Ladakh,Ladakh District,Wheat,Rabi,2024,13549,36311,2.68,Black,High,Semi-Arid,DAP + Urea
Ladakh,Ladakh District,Sugarcane,Rabi,2024,26291,47060,1.79,Black,High,Mountain,NPK
Ladakh,Ladakh District,Bajra,Zaid,2024,8953,29007,3.24,Loam,Medium,Tropical,Potash
Ladakh,Ladakh District,Onion,Kharif,2024,9153,37252,4.07,Clay Loam,Low,Tropical,DAP + Urea
Ladakh,Ladakh District,Maize,Zaid,2024,9580,22992,2.4,Red,Medium,Mountain,Potash
Ladakh,Ladakh District,Tea,Rabi,2024,1446,7765,5.37,Sandy,Medium,Temperate,Urea
Ladakh,Ladakh District,Bajra,Zaid,2024,1379,7860,5.7,Red,Low,Mountain,NPK
Ladakh,Ladakh District,Jute,Zaid,2024,25040,99909,3.99,Loam,High,Mountain,Potash
Ladakh,Ladakh District,Cotton,Kharif,2024,14824,46250,3.12,Clay Loam,Medium,Mountain,Organic + NPK
Ladakh,Ladakh District,Coconut,Rabi,2024,21209,124921,5.89,Clay Loam,High,Semi-Arid,NPK
Ladakh,Ladakh District,Bajra,Kharif,2025,2506,5237,2.09,Clay Loam,High,Tropical,Potash
Ladakh,Ladakh District,Mustard,Zaid,2025,2048,3112,1.52,Clay Loam,Low,Humid,Urea
Ladakh,Ladakh District,Wheat,Zaid,2025,21891,123903,5.66,Sandy,High,Humid,NPK
Ladakh,Ladakh District,Mustard,Kharif,2025,6916,36309,5.25,Black,High,Mountain,Urea
Ladakh,Ladakh District,Coffee,Rabi,2025,6046,14752,2.44,Clay Loam,Low,Semi-Arid,NPK
Ladakh,Ladakh District,Banana,Zaid,2025,17540,54374,3.1,Sandy,Medium,Humid,DAP + Urea
Ladakh,Ladakh District,Cotton,Kharif,2025,8015,43681,5.45,Sandy,High,Humid,Organic + NPK
Ladakh,Ladakh District,Coconut,Zaid,2025,3253,14996,4.61,Loam,High,Semi-Arid,DAP + Urea
Ladakh,Ladakh District,Cotton,Rabi,2025,18576,29721,1.6,Clay Loam,Medium,Tropical,Potash
Ladakh,Ladakh District,Coffee,Zaid,2025,15844,38976,2.46,Loam,Medium,Temperate,NPK
Ladakh,Ladakh District,Wheat,Kharif,2025,8364,16895,2.02,Clay Loam,Medium,Mountain,Urea
Ladakh,Ladakh District,Rice,Kharif,2025,555,943,1.7,Sandy,Medium,Mountain,DAP + Urea
Lakshadweep,Lakshadweep District,Rice,Kharif,2016,29024,108840,3.75,Clay Loam,High,Tropical,NPK
Lakshadweep,Lakshadweep District,Cotton,Rabi,2016,17480,59432,3.4,Black,High,Temperate,Potash
Lakshadweep,Lakshadweep District,Jowar,Rabi,2016,6422,26715,4.16,Black,High,Mountain,Urea
Lakshadweep,Lakshadweep District,Apple,Rabi,2016,6652,16962,2.55,Red,Medium,Tropical,Organic + NPK
Lakshadweep,Lakshadweep District,Mustard,Zaid,2016,998,5299,5.31,Red,High,Mountain,DAP + Urea
Lakshadweep,Lakshadweep District,Tea,Kharif,2016,15671,85093,5.43,Sandy,Low,Temperate,Organic + NPK
Lakshadweep,Lakshadweep District,Soybean,Kharif,2016,10153,25890,2.55,Alluvial,Low,Tropical,DAP + Urea
Lakshadweep,Lakshadweep District,Maize,Rabi,2016,14656,60236,4.11,Black,Medium,Mountain,Potash
Lakshadweep,Lakshadweep District,Mustard,Rabi,2016,17257,80762,4.68,Loam,Medium,Semi-Arid,NPK
Lakshadweep,Lakshadweep District,Banana,Kharif,2016,18241,80807,4.43,Clay Loam,Medium,Temperate,Urea
Lakshadweep,Lakshadweep District,Maize,Kharif,2016,26757,141276,5.28,Clay Loam,Low,Temperate,DAP + Urea
Lakshadweep,Lakshadweep District,Apple,Zaid,2016,9359,20402,2.18,Loam,High,Tropical,NPK
Lakshadweep,Lakshadweep District,Wheat,Kharif,2017,19852,104223,5.25,Laterite,High,Tropical,NPK
Lakshadweep,Lakshadweep District,Jowar,Kharif,2017,18361,93641,5.1,Sandy,High,Humid,Urea
Lakshadweep,Lakshadweep District,Onion,Rabi,2017,3866,9896,2.56,Loam,Medium,Semi-Arid,Urea
Lakshadweep,Lakshadweep District,Maize,Rabi,2017,9123,40049,4.39,Clay Loam,High,Temperate,NPK
Lakshadweep,Lakshadweep District,Banana,Zaid,2017,16415,53184,3.24,Loam,Low,Tropical,Potash
Lakshadweep,Lakshadweep District,Sugarcane,Rabi,2017,13648,76019,5.57,Laterite,High,Temperate,Urea
Lakshadweep,Lakshadweep District,Jowar,Rabi,2017,27695,58990,2.13,Laterite,Medium,Mountain,DAP + Urea
Lakshadweep,Lakshadweep District,Cotton,Rabi,2017,14325,24066,1.68,Alluvial,Medium,Temperate,Organic + NPK
Lakshadweep,Lakshadweep District,Rubber,Kharif,2017,18882,68730,3.64,Sandy,Low,Humid,DAP + Urea
Lakshadweep,Lakshadweep District,Coconut,Rabi,2017,2955,7151,2.42,Alluvial,Medium,Semi-Arid,NPK
Lakshadweep,Lakshadweep District,Maize,Kharif,2017,29919,156775,5.24,Red,Low,Mountain,Organic + NPK
Lakshadweep,Lakshadweep District,Apple,Rabi,2017,29064,152004,5.23,Loam,Medium,Mountain,NPK
Lakshadweep,Lakshadweep District,Jute,Kharif,2018,17082,90705,5.31,Clay Loam,High,Semi-Arid,NPK
Lakshadweep,Lakshadweep District,Bajra,Kharif,2018,19089,32451,1.7,Sandy,High,Tropical,DAP + Urea
Lakshadweep,Lakshadweep District,Cotton,Kharif,2018,14876,35553,2.39,Alluvial,Medium,Temperate,DAP + Urea
Lakshadweep,Lakshadweep District,Coffee,Zaid,2018,9871,29514,2.99,Clay Loam,Low,Humid,Organic + NPK
Lakshadweep,Lakshadweep District,Coconut,Kharif,2018,1402,3785,2.7,Red,Medium,Semi-Arid,Potash
Lakshadweep,Lakshadweep District,Coffee,Rabi,2018,21562,81073,3.76,Black,High,Humid,Urea
Lakshadweep,Lakshadweep District,Ragi,Kharif,2018,10724,56622,5.28,Sandy,Medium,Tropical,NPK
Lakshadweep,Lakshadweep District,Coconut,Rabi,2018,5215,20651,3.96,Laterite,High,Humid,Urea
Lakshadweep,Lakshadweep District,Banana,Zaid,2018,1487,7092,4.77,Alluvial,Medium,Humid,Organic + NPK
Lakshadweep,Lakshadweep District,Coffee,Zaid,2018,1129,6683,5.92,Laterite,Low,Mountain,Organic + NPK
Lakshadweep,Lakshadweep District,Banana,Zaid,2018,5888,31854,5.41,Clay Loam,Medium,Semi-Arid,NPK
Lakshadweep,Lakshadweep District,Onion,Zaid,2018,13624,57357,4.21,Clay Loam,High,Temperate,Potash
Lakshadweep,Lakshadweep District,Tea,Zaid,2019,6679,13491,2.02,Laterite,Low,Humid,NPK
Lakshadweep,Lakshadweep District,Sugarcane,Rabi,2019,22461,35488,1.58,Loam,High,Semi-Arid,DAP + Urea
Lakshadweep,Lakshadweep District,Maize,Zaid,2019,17903,57110,3.19,Sandy,Low,Temperate,NPK
Lakshadweep,Lakshadweep District,Groundnut,Rabi,2019,15086,74223,4.92,Red,Medium,Semi-Arid,DAP + Urea
Lakshadweep,Lakshadweep District,Groundnut,Rabi,2019,2371,7089,2.99,Clay Loam,High,Temperate,DAP + Urea
Lakshadweep,Lakshadweep District,Jowar,Kharif,2019,2535,4917,1.94,Clay Loam,High,Tropical,Urea
Lakshadweep,Lakshadweep District,Mustard,Rabi,2019,10898,58304,5.35,Loam,Medium,Mountain,Potash
Lakshadweep,Lakshadweep District,Maize,Zaid,2019,3765,15624,4.15,Laterite,High,Tropical,Urea
Lakshadweep,Lakshadweep District,Sugarcane,Rabi,2019,21864,111725,5.11,Loam,Medium,Tropical,Urea
Lakshadweep,Lakshadweep District,Bajra,Kharif,2019,10440,30276,2.9,Black,Low,Semi-Arid,DAP + Urea
Lakshadweep,Lakshadweep District,Bajra,Kharif,2019,502,2740,5.46,Red,Low,Temperate,Urea
Lakshadweep,Lakshadweep District,Soybean,Zaid,2019,16968,53788,3.17,Black,Medium,Temperate,NPK
Lakshadweep,Lakshadweep District,Sugarcane,Rabi,2020,17859,44290,2.48,Loam,Medium,Semi-Arid,DAP + Urea
Lakshadweep,Lakshadweep District,Ragi,Rabi,2020,23641,98110,4.15,Loam,Medium,Temperate,Organic + NPK
Lakshadweep,Lakshadweep District,Bajra,Kharif,2020,8754,36854,4.21,Sandy,Low,Semi-Arid,DAP + Urea
Lakshadweep,Lakshadweep District,Maize,Zaid,2020,18964,36979,1.95,Clay Loam,High,Tropical,Organic + NPK
Lakshadweep,Lakshadweep District,Banana,Kharif,2020,12198,55134,4.52,Alluvial,High,Temperate,DAP + Urea
Lakshadweep,Lakshadweep District,Ragi,Rabi,2020,15600,78312,5.02,Laterite,Low,Temperate,Organic + NPK
Lakshadweep,Lakshadweep District,Maize,Zaid,2020,12588,34994,2.78,Clay Loam,Low,Temperate,Potash
Lakshadweep,Lakshadweep District,Rice,Kharif,2020,4087,23622,5.78,Laterite,Low,Tropical,DAP + Urea
Lakshadweep,Lakshadweep District,Onion,Zaid,2020,23237,116185,5,Loam,Medium,Semi-Arid,DAP + Urea
Lakshadweep,Lakshadweep District,Coffee,Kharif,2020,28952,117834,4.07,Alluvial,Low,Tropical,Potash
Lakshadweep,Lakshadweep District,Wheat,Zaid,2020,3624,15945,4.4,Clay Loam,Low,Humid,DAP + Urea
Lakshadweep,Lakshadweep District,Maize,Kharif,2020,608,2267,3.73,Sandy,Medium,Temperate,Potash
Lakshadweep,Lakshadweep District,Ragi,Zaid,2021,2085,3898,1.87,Loam,Medium,Tropical,Potash
Lakshadweep,Lakshadweep District,Mustard,Zaid,2021,8998,41570,4.62,Loam,High,Humid,Organic + NPK
Lakshadweep,Lakshadweep District,Coconut,Kharif,2021,20894,93396,4.47,Sandy,Low,Mountain,NPK
Lakshadweep,Lakshadweep District,Bajra,Zaid,2021,17464,66712,3.82,Black,High,Humid,NPK
Lakshadweep,Lakshadweep District,Coconut,Rabi,2021,7370,21594,2.93,Clay Loam,High,Humid,Urea
Lakshadweep,Lakshadweep District,Jowar,Kharif,2021,8727,15970,1.83,Alluvial,Low,Temperate,NPK
Lakshadweep,Lakshadweep District,Jute,Rabi,2021,1062,5979,5.63,Black,Medium,Tropical,Organic + NPK
Lakshadweep,Lakshadweep District,Rice,Zaid,2021,12375,19923,1.61,Laterite,High,Humid,Potash
Lakshadweep,Lakshadweep District,Rubber,Kharif,2021,22719,122682,5.4,Loam,Medium,Humid,Urea
Lakshadweep,Lakshadweep District,Bajra,Rabi,2021,25733,100616,3.91,Laterite,Low,Temperate,NPK
Lakshadweep,Lakshadweep District,Coconut,Kharif,2021,20704,72671,3.51,Alluvial,Low,Mountain,Organic + NPK
Lakshadweep,Lakshadweep District,Groundnut,Kharif,2021,19151,78327,4.09,Alluvial,Low,Mountain,Organic + NPK
Lakshadweep,Lakshadweep District,Sugarcane,Kharif,2022,27409,86886,3.17,Alluvial,Medium,Mountain,NPK
Lakshadweep,Lakshadweep District,Cotton,Zaid,2022,597,1331,2.23,Clay Loam,High,Humid,Organic + NPK
Lakshadweep,Lakshadweep District,Coconut,Zaid,2022,10494,55303,5.27,Clay Loam,Low,Humid,Potash
Lakshadweep,Lakshadweep District,Soybean,Zaid,2022,16465,40174,2.44,Laterite,Medium,Mountain,Organic + NPK
Lakshadweep,Lakshadweep District,Mustard,Zaid,2022,11966,21060,1.76,Alluvial,Medium,Humid,DAP + Urea
Lakshadweep,Lakshadweep District,Wheat,Kharif,2022,7766,20269,2.61,Laterite,High,Tropical,NPK
Lakshadweep,Lakshadweep District,Coffee,Kharif,2022,3980,11741,2.95,Clay Loam,Low,Temperate,Urea
Lakshadweep,Lakshadweep District,Mustard,Zaid,2022,28405,61638,2.17,Laterite,Low,Tropical,Potash
Lakshadweep,Lakshadweep District,Onion,Zaid,2022,9031,49128,5.44,Loam,Medium,Mountain,Potash
Lakshadweep,Lakshadweep District,Onion,Zaid,2022,1797,6145,3.42,Loam,Medium,Mountain,DAP + Urea
Lakshadweep,Lakshadweep District,Jowar,Kharif,2022,11655,65151,5.59,Sandy,Medium,Temperate,DAP + Urea
Lakshadweep,Lakshadweep District,Soybean,Kharif,2022,27716,46562,1.68,Red,Low,Mountain,Organic + NPK
Lakshadweep,Lakshadweep District,Sugarcane,Kharif,2023,2945,7657,2.6,Loam,High,Temperate,DAP + Urea
Lakshadweep,Lakshadweep District,Maize,Zaid,2023,19781,89212,4.51,Sandy,High,Humid,Urea
Lakshadweep,Lakshadweep District,Apple,Rabi,2023,23780,129601,5.45,Red,Low,Mountain,NPK
Lakshadweep,Lakshadweep District,Rice,Kharif,2023,15273,24589,1.61,Red,Low,Semi-Arid,Urea
Lakshadweep,Lakshadweep District,Apple,Zaid,2023,5812,34755,5.98,Red,Medium,Humid,DAP + Urea
Lakshadweep,Lakshadweep District,Onion,Rabi,2023,5862,23623,4.03,Red,Medium,Mountain,Urea
Lakshadweep,Lakshadweep District,Apple,Zaid,2023,2059,4097,1.99,Red,Low,Mountain,Urea
Lakshadweep,Lakshadweep District,Wheat,Zaid,2023,4352,12490,2.87,Black,Low,Mountain,Urea
Lakshadweep,Lakshadweep District,Sugarcane,Zaid,2023,23492,92088,3.92,Alluvial,Low,Tropical,Organic + NPK
Lakshadweep,Lakshadweep District,Cotton,Rabi,2023,996,3177,3.19,Clay Loam,Low,Tropical,NPK
Lakshadweep,Lakshadweep District,Sugarcane,Rabi,2023,2324,4136,1.78,Alluvial,Medium,Temperate,Organic + NPK
Lakshadweep,Lakshadweep District,Onion,Rabi,2023,5820,10708,1.84,Alluvial,Low,Tropical,Urea
Lakshadweep,Lakshadweep District,Groundnut,Rabi,2024,29583,79874,2.7,Alluvial,High,Temperate,Organic + NPK
Lakshadweep,Lakshadweep District,Cotton,Rabi,2024,22792,77948,3.42,Alluvial,Medium,Mountain,Potash
Lakshadweep,Lakshadweep District,Groundnut,Zaid,2024,13922,37450,2.69,Loam,Medium,Temperate,DAP + Urea
Lakshadweep,Lakshadweep District,Potato,Rabi,2024,4467,12775,2.86,Clay Loam,High,Mountain,Potash
Lakshadweep,Lakshadweep District,Coconut,Zaid,2024,7447,14074,1.89,Alluvial,Medium,Semi-Arid,NPK
Lakshadweep,Lakshadweep District,Coffee,Rabi,2024,9071,38279,4.22,Loam,Medium,Temperate,Urea
Lakshadweep,Lakshadweep District,Maize,Zaid,2024,29023,164850,5.68,Black,Medium,Mountain,NPK
Lakshadweep,Lakshadweep District,Mustard,Rabi,2024,24154,78742,3.26,Clay Loam,High,Temperate,Organic + NPK
Lakshadweep,Lakshadweep District,Maize,Zaid,2024,10686,26394,2.47,Sandy,High,Tropical,DAP + Urea
Lakshadweep,Lakshadweep District,Jowar,Rabi,2024,18180,55267,3.04,Alluvial,Medium,Temperate,NPK
Lakshadweep,Lakshadweep District,Rubber,Rabi,2024,9722,27707,2.85,Red,High,Tropical,Potash
Lakshadweep,Lakshadweep District,Sugarcane,Zaid,2024,22653,35565,1.57,Clay Loam,High,Humid,Organic + NPK
Lakshadweep,Lakshadweep District,Tea,Rabi,2025,22728,123640,5.44,Black,Medium,Tropical,DAP + Urea
Lakshadweep,Lakshadweep District,Ragi,Zaid,2025,24024,50930,2.12,Sandy,High,Temperate,NPK
Lakshadweep,Lakshadweep District,Rubber,Kharif,2025,18772,74900,3.99,Sandy,Medium,Tropical,Organic + NPK
Lakshadweep,Lakshadweep District,Sugarcane,Kharif,2025,15102,68563,4.54,Laterite,High,Humid,Urea
Lakshadweep,Lakshadweep District,Rice,Rabi,2025,4489,9651,2.15,Loam,Medium,Humid,Potash
Lakshadweep,Lakshadweep District,Coffee,Kharif,2025,15943,38422,2.41,Black,Low,Temperate,Urea
Lakshadweep,Lakshadweep District,Rice,Rabi,2025,27973,95108,3.4,Black,Medium,Semi-Arid,Urea
Lakshadweep,Lakshadweep District,Bajra,Zaid,2025,8447,31507,3.73,Sandy,High,Semi-Arid,Urea
Lakshadweep,Lakshadweep District,Bajra,Kharif,2025,11221,36468,3.25,Red,Low,Humid,DAP + Urea
Lakshadweep,Lakshadweep District,Maize,Kharif,2025,16402,76761,4.68,Laterite,Low,Humid,Urea
Lakshadweep,Lakshadweep District,Banana,Rabi,2025,16720,81760,4.89,Red,High,Humid,Urea
Lakshadweep,Lakshadweep District,Apple,Rabi,2025,6591,27748,4.21,Black,High,Mountain,DAP + Urea
Puducherry,Puducherry District,Wheat,Zaid,2016,20274,105222,5.19,Alluvial,High,Tropical,Potash
Puducherry,Puducherry District,Soybean,Zaid,2016,11588,54579,4.71,Red,Medium,Semi-Arid,Organic + NPK
Puducherry,Puducherry District,Apple,Rabi,2016,14439,67863,4.7,Sandy,High,Tropical,DAP + Urea
Puducherry,Puducherry District,Mustard,Zaid,2016,10588,47116,4.45,Alluvial,High,Temperate,NPK
Puducherry,Puducherry District,Groundnut,Kharif,2016,29696,154716,5.21,Clay Loam,High,Temperate,Potash
Puducherry,Puducherry District,Sugarcane,Zaid,2016,22284,72200,3.24,Loam,High,Semi-Arid,Potash
Puducherry,Puducherry District,Banana,Kharif,2016,9309,49710,5.34,Red,High,Temperate,Organic + NPK
Puducherry,Puducherry District,Maize,Rabi,2016,19365,33114,1.71,Sandy,Medium,Tropical,Potash
Puducherry,Puducherry District,Rice,Zaid,2016,24250,86815,3.58,Laterite,Medium,Mountain,Urea
Puducherry,Puducherry District,Apple,Rabi,2016,12146,72754,5.99,Clay Loam,High,Tropical,Potash
Puducherry,Puducherry District,Jowar,Rabi,2016,28315,165642,5.85,Alluvial,Medium,Humid,Organic + NPK
Puducherry,Puducherry District,Potato,Rabi,2016,7280,32396,4.45,Red,Low,Humid,Urea
Puducherry,Puducherry District,Soybean,Rabi,2017,21070,40033,1.9,Clay Loam,High,Semi-Arid,Urea
Puducherry,Puducherry District,Tea,Rabi,2017,19457,44556,2.29,Black,Low,Tropical,Organic + NPK
Puducherry,Puducherry District,Bajra,Zaid,2017,9378,34135,3.64,Red,Medium,Semi-Arid,Urea
Puducherry,Puducherry District,Maize,Zaid,2017,27201,98739,3.63,Red,Medium,Mountain,Urea
Puducherry,Puducherry District,Bajra,Rabi,2017,22995,41850,1.82,Red,Low,Temperate,Urea
Puducherry,Puducherry District,Potato,Zaid,2017,26237,142466,5.43,Red,Low,Mountain,Urea
Puducherry,Puducherry District,Onion,Zaid,2017,16579,79413,4.79,Alluvial,Low,Semi-Arid,DAP + Urea
Puducherry,Puducherry District,Coffee,Rabi,2017,20702,106822,5.16,Laterite,Medium,Tropical,DAP + Urea
Puducherry,Puducherry District,Rubber,Zaid,2017,5611,28111,5.01,Loam,High,Humid,DAP + Urea
Puducherry,Puducherry District,Coconut,Zaid,2017,4827,7868,1.63,Laterite,High,Temperate,Urea
Puducherry,Puducherry District,Coconut,Zaid,2017,12982,36479,2.81,Alluvial,Low,Humid,Organic + NPK
Puducherry,Puducherry District,Coconut,Rabi,2017,7471,17332,2.32,Clay Loam,Low,Temperate,Potash
Puducherry,Puducherry District,Coffee,Zaid,2018,12216,65233,5.34,Alluvial,High,Temperate,Urea
Puducherry,Puducherry District,Jowar,Kharif,2018,8089,43518,5.38,Loam,High,Tropical,Potash
Puducherry,Puducherry District,Mustard,Kharif,2018,17284,35259,2.04,Clay Loam,High,Tropical,DAP + Urea
Puducherry,Puducherry District,Tea,Rabi,2018,9797,47123,4.81,Clay Loam,High,Temperate,Potash
Puducherry,Puducherry District,Onion,Zaid,2018,1701,7297,4.29,Clay Loam,High,Tropical,DAP + Urea
Puducherry,Puducherry District,Onion,Zaid,2018,1393,7605,5.46,Loam,Low,Mountain,Organic + NPK
Puducherry,Puducherry District,Bajra,Rabi,2018,17068,73904,4.33,Alluvial,High,Temperate,DAP + Urea
Puducherry,Puducherry District,Rice,Rabi,2018,6935,25243,3.64,Black,High,Tropical,NPK
Puducherry,Puducherry District,Onion,Kharif,2018,18933,81411,4.3,Clay Loam,Medium,Semi-Arid,NPK
Puducherry,Puducherry District,Onion,Kharif,2018,20208,63251,3.13,Black,Medium,Semi-Arid,NPK
Puducherry,Puducherry District,Tea,Rabi,2018,18706,105314,5.63,Red,Medium,Tropical,NPK
Puducherry,Puducherry District,Jowar,Rabi,2018,1217,4855,3.99,Clay Loam,High,Tropical,Potash
Puducherry,Puducherry District,Jowar,Kharif,2019,6560,27158,4.14,Laterite,High,Humid,Potash
Puducherry,Puducherry District,Soybean,Zaid,2019,10014,54476,5.44,Laterite,Medium,Semi-Arid,NPK
Puducherry,Puducherry District,Bajra,Rabi,2019,13248,51667,3.9,Red,Low,Semi-Arid,Urea
Puducherry,Puducherry District,Potato,Zaid,2019,24646,76895,3.12,Alluvial,High,Temperate,Urea
Puducherry,Puducherry District,Ragi,Kharif,2019,7985,36890,4.62,Loam,High,Semi-Arid,NPK
Puducherry,Puducherry District,Soybean,Kharif,2019,20143,31020,1.54,Laterite,Low,Temperate,NPK
Puducherry,Puducherry District,Wheat,Rabi,2019,20870,113950,5.46,Sandy,Medium,Temperate,Potash
Puducherry,Puducherry District,Rubber,Zaid,2019,12504,41388,3.31,Black,Medium,Temperate,Urea
Puducherry,Puducherry District,Coconut,Kharif,2019,2976,12320,4.14,Clay Loam,Low,Temperate,Urea
Puducherry,Puducherry District,Coffee,Zaid,2019,2911,6345,2.18,Clay Loam,Low,Mountain,NPK
Puducherry,Puducherry District,Maize,Zaid,2019,19151,76412,3.99,Laterite,High,Humid,Organic + NPK
Puducherry,Puducherry District,Wheat,Kharif,2019,10690,58153,5.44,Black,Low,Temperate,Urea
Puducherry,Puducherry District,Rubber,Zaid,2020,15737,25179,1.6,Sandy,Low,Temperate,Organic + NPK
Puducherry,Puducherry District,Wheat,Zaid,2020,4609,25810,5.6,Loam,Low,Mountain,Potash
Puducherry,Puducherry District,Bajra,Kharif,2020,18608,69593,3.74,Clay Loam,High,Temperate,Potash
Puducherry,Puducherry District,Rice,Zaid,2020,12165,45010,3.7,Sandy,Medium,Humid,Potash
Puducherry,Puducherry District,Maize,Zaid,2020,6132,35933,5.86,Laterite,Medium,Semi-Arid,Organic + NPK
Puducherry,Puducherry District,Sugarcane,Rabi,2020,4853,11453,2.36,Alluvial,Medium,Humid,DAP + Urea
Puducherry,Puducherry District,Sugarcane,Kharif,2020,1812,4602,2.54,Laterite,High,Humid,Urea
Puducherry,Puducherry District,Groundnut,Rabi,2020,22046,123457,5.6,Black,Medium,Humid,Urea
Puducherry,Puducherry District,Maize,Rabi,2020,21769,82286,3.78,Black,Low,Humid,NPK
Puducherry,Puducherry District,Maize,Kharif,2020,22438,44651,1.99,Loam,Low,Semi-Arid,DAP + Urea
Puducherry,Puducherry District,Rubber,Kharif,2020,24239,47023,1.94,Laterite,High,Temperate,NPK
Puducherry,Puducherry District,Banana,Rabi,2020,4318,25519,5.91,Red,High,Mountain,DAP + Urea
Puducherry,Puducherry District,Mustard,Kharif,2021,15483,52487,3.39,Clay Loam,Medium,Humid,DAP + Urea
Puducherry,Puducherry District,Ragi,Zaid,2021,27200,99824,3.67,Alluvial,Low,Semi-Arid,Potash
Puducherry,Puducherry District,Apple,Kharif,2021,13348,53792,4.03,Red,High,Semi-Arid,NPK
Puducherry,Puducherry District,Maize,Kharif,2021,5652,14073,2.49,Laterite,Low,Semi-Arid,Urea
Puducherry,Puducherry District,Rubber,Kharif,2021,2899,8465,2.92,Loam,Low,Tropical,Organic + NPK
Puducherry,Puducherry District,Potato,Zaid,2021,5521,9551,1.73,Red,High,Temperate,Potash
Puducherry,Puducherry District,Rubber,Rabi,2021,7789,44085,5.66,Clay Loam,Medium,Humid,Potash
Puducherry,Puducherry District,Cotton,Rabi,2021,13525,36247,2.68,Loam,Low,Humid,Urea
Puducherry,Puducherry District,Cotton,Zaid,2021,21993,91490,4.16,Sandy,High,Mountain,Urea
Puducherry,Puducherry District,Groundnut,Zaid,2021,13582,24311,1.79,Black,High,Tropical,Organic + NPK
Puducherry,Puducherry District,Tea,Kharif,2021,11775,46040,3.91,Clay Loam,Low,Humid,Organic + NPK
Puducherry,Puducherry District,Onion,Rabi,2021,7145,38440,5.38,Loam,Low,Humid,Potash
Puducherry,Puducherry District,Ragi,Zaid,2022,16107,30603,1.9,Sandy,Medium,Mountain,DAP + Urea
Puducherry,Puducherry District,Rubber,Kharif,2022,17971,84463,4.7,Clay Loam,High,Humid,Organic + NPK
Puducherry,Puducherry District,Jowar,Zaid,2022,14466,42240,2.92,Black,Low,Mountain,Organic + NPK
Puducherry,Puducherry District,Cotton,Zaid,2022,5369,27006,5.03,Loam,Low,Temperate,DAP + Urea
Puducherry,Puducherry District,Potato,Kharif,2022,10387,57543,5.54,Loam,High,Tropical,Urea
Puducherry,Puducherry District,Jute,Zaid,2022,28537,144967,5.08,Red,Low,Semi-Arid,Urea
Puducherry,Puducherry District,Jowar,Kharif,2022,15749,72287,4.59,Loam,Medium,Humid,Organic + NPK
Puducherry,Puducherry District,Soybean,Kharif,2022,17104,90138,5.27,Red,High,Temperate,NPK
Puducherry,Puducherry District,Maize,Rabi,2022,6742,32091,4.76,Loam,Low,Tropical,DAP + Urea
Puducherry,Puducherry District,Groundnut,Zaid,2022,3178,8389,2.64,Clay Loam,Medium,Temperate,Potash
Puducherry,Puducherry District,Rubber,Zaid,2022,5234,25384,4.85,Laterite,Low,Tropical,NPK
Puducherry,Puducherry District,Banana,Zaid,2022,17288,44430,2.57,Red,Medium,Tropical,DAP + Urea
Puducherry,Puducherry District,Maize,Zaid,2023,15490,50962,3.29,Red,High,Tropical,Potash
Puducherry,Puducherry District,Coffee,Rabi,2023,23462,50677,2.16,Clay Loam,Medium,Semi-Arid,NPK
Puducherry,Puducherry District,Cotton,Kharif,2023,9711,36416,3.75,Black,High,Mountain,DAP + Urea
Puducherry,Puducherry District,Sugarcane,Zaid,2023,18931,96169,5.08,Black,Low,Humid,NPK
Puducherry,Puducherry District,Coconut,Rabi,2023,20314,62567,3.08,Alluvial,Medium,Temperate,Organic + NPK
Puducherry,Puducherry District,Mustard,Zaid,2023,19969,35544,1.78,Clay Loam,Medium,Temperate,DAP + Urea
Puducherry,Puducherry District,Mustard,Zaid,2023,17006,36903,2.17,Loam,Low,Tropical,Organic + NPK
Puducherry,Puducherry District,Ragi,Rabi,2023,7635,20767,2.72,Laterite,High,Temperate,DAP + Urea
Puducherry,Puducherry District,Cotton,Zaid,2023,2241,4997,2.23,Laterite,Low,Semi-Arid,Potash
Puducherry,Puducherry District,Tea,Zaid,2023,22194,46385,2.09,Laterite,High,Mountain,NPK
Puducherry,Puducherry District,Cotton,Rabi,2023,15683,88295,5.63,Loam,Low,Tropical,Organic + NPK
Puducherry,Puducherry District,Tea,Rabi,2023,22686,123865,5.46,Black,Medium,Semi-Arid,NPK
Puducherry,Puducherry District,Sugarcane,Rabi,2024,27490,68450,2.49,Red,Low,Humid,Urea
Puducherry,Puducherry District,Apple,Rabi,2024,28903,57227,1.98,Clay Loam,High,Mountain,Organic + NPK
Puducherry,Puducherry District,Onion,Zaid,2024,21287,118355,5.56,Black,Low,Temperate,Potash
Puducherry,Puducherry District,Wheat,Rabi,2024,2099,9508,4.53,Laterite,High,Temperate,Organic + NPK
Puducherry,Puducherry District,Tea,Kharif,2024,11033,30451,2.76,Clay Loam,Medium,Semi-Arid,Potash
Puducherry,Puducherry District,Bajra,Zaid,2024,15666,39008,2.49,Clay Loam,Low,Humid,Urea
Puducherry,Puducherry District,Coconut,Rabi,2024,29672,84565,2.85,Laterite,Medium,Temperate,NPK
Puducherry,Puducherry District,Apple,Rabi,2024,12971,60574,4.67,Clay Loam,High,Semi-Arid,Organic + NPK
Puducherry,Puducherry District,Mustard,Zaid,2024,9443,15864,1.68,Alluvial,Medium,Humid,NPK
Puducherry,Puducherry District,Groundnut,Rabi,2024,20949,38755,1.85,Red,High,Tropical,Potash
Puducherry,Puducherry District,Tea,Rabi,2024,5426,14650,2.7,Red,High,Temperate,Potash
Puducherry,Puducherry District,Apple,Zaid,2024,506,834,1.65,Loam,High,Tropical,DAP + Urea
Puducherry,Puducherry District,Bajra,Kharif,2025,9658,51090,5.29,Loam,Medium,Temperate,Organic + NPK
Puducherry,Puducherry District,Potato,Zaid,2025,11832,68980,5.83,Red,Low,Humid,Potash
Puducherry,Puducherry District,Sugarcane,Zaid,2025,16586,30684,1.85,Laterite,Medium,Humid,Organic + NPK
Puducherry,Puducherry District,Rubber,Rabi,2025,17005,48124,2.83,Sandy,Low,Temperate,DAP + Urea
Puducherry,Puducherry District,Cotton,Kharif,2025,3106,6180,1.99,Clay Loam,High,Humid,Organic + NPK
Puducherry,Puducherry District,Mustard,Zaid,2025,28592,120372,4.21,Clay Loam,Medium,Temperate,Urea
Puducherry,Puducherry District,Coffee,Kharif,2025,12054,66417,5.51,Laterite,Low,Humid,NPK
Puducherry,Puducherry District,Coconut,Rabi,2025,1651,7132,4.32,Loam,High,Tropical,Urea
Puducherry,Puducherry District,Apple,Zaid,2025,1502,3109,2.07,Sandy,Low,Tropical,Potash
Puducherry,Puducherry District,Jowar,Kharif,2025,2267,7005,3.09,Black,High,Tropical,NPK
Puducherry,Puducherry District,Rice,Zaid,2025,26121,41009,1.57,Black,Low,Semi-Arid,DAP + Urea
Puducherry,Puducherry District,Onion,Zaid,2025,5870,12444,2.12,Clay Loam,Low,Tropical,Organic + NPK
